{"state_names": ["r"], "scores_per_horizon": {"1": {"nrmse": [0.0003142937000086239]}, "2": {"nrmse": [0.00031830856335130636]}, "3": {"nrmse": [0.0003046181903251568]}, "4": {"nrmse": [0.00028783626288324287]}, "5": {"nrmse": [0.00027046754192206737]}, "6": {"nrmse": [0.00025510056834867674]}, "7": {"nrmse": [0.00024155754288370134]}, "8": {"nrmse": [0.00022989098606353438]}, "9": {"nrmse": [0.0002199366099540974]}, "10": {"nrmse": [0.00021069533920278386]}, "11": {"nrmse": [0.00020234948067951165]}, "12": {"nrmse": [0.00019486074390754344]}, "13": {"nrmse": [0.00018809950761371197]}, "14": {"nrmse": [0.00018190244883343443]}, "15": {"nrmse": [0.00017624022221433768]}, "16": {"nrmse": [0.00017114729802169607]}, "17": {"nrmse": [0.00016633237428268662]}, "18": {"nrmse": [0.0001620169764872079]}, "19": {"nrmse": [0.00015805542067079235]}, "20": {"nrmse": [0.00015445791836221184]}, "21": {"nrmse": [0.000151123679672654]}, "22": {"nrmse": [0.00014800560549240097]}, "23": {"nrmse": [0.000144995290977708]}, "24": {"nrmse": [0.00014227551111041853]}, "25": {"nrmse": [0.00013971163440654186]}, "26": {"nrmse": [0.00013721386164203112]}, "27": {"nrmse": [0.00013489069405645115]}, "28": {"nrmse": [0.0001326784090858869]}, "29": {"nrmse": [0.00013051525870641937]}, "30": {"nrmse": [0.00012848415237712413]}, "31": {"nrmse": [0.00012659503407122367]}, "32": {"nrmse": [0.00012480329124915052]}, "33": {"nrmse": [0.00012309577008831125]}, "34": {"nrmse": [0.0001214614067088168]}, "35": {"nrmse": [0.00011989967236022187]}, "36": {"nrmse": [0.00011839512588539372]}, "37": {"nrmse": [0.00011692665556959591]}, "38": {"nrmse": [0.00011556255346405742]}, "39": {"nrmse": [0.00011428226285153051]}, "40": {"nrmse": [0.00011301666974664407]}, "41": {"nrmse": [0.00011180240024115723]}, "42": {"nrmse": [0.00011062079488983221]}, "43": {"nrmse": [0.00010950966339804665]}, "44": {"nrmse": [0.00010841319196906554]}, "45": {"nrmse": [0.0001073485561557757]}, "46": {"nrmse": [0.00010633194277107819]}, "47": {"nrmse": [0.00010534602292151876]}, "48": {"nrmse": [0.00010439498447039856]}, "49": {"nrmse": [0.00010347120354720811]}, "50": {"nrmse": [0.00010259785023830448]}, "51": {"nrmse": [0.00010178748939166961]}, "52": {"nrmse": [0.00010098045438550763]}, "53": {"nrmse": [0.00010027397621951876]}, "54": {"nrmse": [9.952539428582684e-05]}, "55": {"nrmse": [9.880820796444504e-05]}, "56": {"nrmse": [9.810280899114506e-05]}, "57": {"nrmse": [9.735921965573876e-05]}, "58": {"nrmse": [9.666792140451618e-05]}, "59": {"nrmse": [9.599497394854463e-05]}, "60": {"nrmse": [9.539166007514726e-05]}}}