{"state_names": ["r"], "scores_per_horizon": {"1": {"nrmse": [0.0003432183815113933]}, "2": {"nrmse": [0.0003550169469683811]}, "3": {"nrmse": [0.0003304217150348345]}, "4": {"nrmse": [0.0003080068898460664]}, "5": {"nrmse": [0.0002872235188198578]}, "6": {"nrmse": [0.0002678822143008485]}, "7": {"nrmse": [0.0002505080497863643]}, "8": {"nrmse": [0.00023543441306207431]}, "9": {"nrmse": [0.00022248929355197898]}, "10": {"nrmse": [0.0002113158365448163]}, "11": {"nrmse": [0.00020160786300605957]}, "12": {"nrmse": [0.00019319546418511475]}, "13": {"nrmse": [0.00018587693343794865]}, "14": {"nrmse": [0.00017938837405162523]}, "15": {"nrmse": [0.00017352836845209283]}, "16": {"nrmse": [0.000168301622489123]}, "17": {"nrmse": [0.0001634824288703486]}, "18": {"nrmse": [0.00015904206138078668]}, "19": {"nrmse": [0.00015495769908790928]}, "20": {"nrmse": [0.00015124332527589624]}, "21": {"nrmse": [0.00014784306006653265]}, "22": {"nrmse": [0.0001446316924855516]}, "23": {"nrmse": [0.00014167440953823346]}, "24": {"nrmse": [0.00013894279156978132]}, "25": {"nrmse": [0.00013639659938440759]}, "26": {"nrmse": [0.00013397163856043324]}, "27": {"nrmse": [0.0001317024941780984]}, "28": {"nrmse": [0.00012950867176603925]}, "29": {"nrmse": [0.00012745681771657774]}, "30": {"nrmse": [0.00012546354069222144]}, "31": {"nrmse": [0.00012355918521877272]}, "32": {"nrmse": [0.00012176134689232039]}, "33": {"nrmse": [0.00012012545560370286]}, "34": {"nrmse": [0.00011851945715157546]}, "35": {"nrmse": [0.00011698532232040952]}, "36": {"nrmse": [0.00011551002748668288]}, "37": {"nrmse": [0.00011407415060113611]}, "38": {"nrmse": [0.00011273137523414079]}, "39": {"nrmse": [0.00011144284273029689]}, "40": {"nrmse": [0.00011019105952134527]}, "41": {"nrmse": [0.00010902659996452906]}, "42": {"nrmse": [0.00010788427371477917]}, "43": {"nrmse": [0.00010683633999101253]}, "44": {"nrmse": [0.00010580968797168983]}, "45": {"nrmse": [0.00010480248020421758]}, "46": {"nrmse": [0.00010383445725975245]}, "47": {"nrmse": [0.00010287727633248761]}, "48": {"nrmse": [0.0001019661724242381]}, "49": {"nrmse": [0.00010110181669659908]}, "50": {"nrmse": [0.00010022650467610596]}, "51": {"nrmse": [9.935812175720059e-05]}, "52": {"nrmse": [9.852446823658368e-05]}, "53": {"nrmse": [9.769324965689965e-05]}, "54": {"nrmse": [9.691304237407517e-05]}, "55": {"nrmse": [9.615277861037539e-05]}, "56": {"nrmse": [9.546799898588337e-05]}, "57": {"nrmse": [9.478847086526749e-05]}, "58": {"nrmse": [9.419550109898318e-05]}, "59": {"nrmse": [9.360295700676607e-05]}, "60": {"nrmse": [9.298144697577838e-05]}}}