{"state_names": ["r"], "scores_per_horizon": {"1": {"nrmse": [0.00031823556509549063]}, "2": {"nrmse": [0.00033220821873227287]}, "3": {"nrmse": [0.00031766473046706135]}, "4": {"nrmse": [0.00029664832276599524]}, "5": {"nrmse": [0.0002767970179823843]}, "6": {"nrmse": [0.0002594352055858605]}, "7": {"nrmse": [0.00024396625710767895]}, "8": {"nrmse": [0.00023057441681956708]}, "9": {"nrmse": [0.00021882161717519375]}, "10": {"nrmse": [0.00020856700833669459]}, "11": {"nrmse": [0.00019950252279191027]}, "12": {"nrmse": [0.0001915535663106657]}, "13": {"nrmse": [0.00018458294087021933]}, "14": {"nrmse": [0.00017843316562311007]}, "15": {"nrmse": [0.00017295124247478525]}, "16": {"nrmse": [0.0001681522554477817]}, "17": {"nrmse": [0.0001636494425908721]}, "18": {"nrmse": [0.0001596019679449505]}, "19": {"nrmse": [0.00015594737198119032]}, "20": {"nrmse": [0.0001526678247577696]}, "21": {"nrmse": [0.00014963662037872983]}, "22": {"nrmse": [0.00014679906869140145]}, "23": {"nrmse": [0.00014416692968805125]}, "24": {"nrmse": [0.0001416556281227643]}, "25": {"nrmse": [0.00013930964803848144]}, "26": {"nrmse": [0.0001370975364030481]}, "27": {"nrmse": [0.00013512095185247417]}, "28": {"nrmse": [0.0001332090351226132]}, "29": {"nrmse": [0.00013137201252033602]}, "30": {"nrmse": [0.00012960299609794608]}, "31": {"nrmse": [0.00012794752804146228]}, "32": {"nrmse": [0.0001264251701821476]}, "33": {"nrmse": [0.0001249461506070777]}, "34": {"nrmse": [0.00012349938165700996]}, "35": {"nrmse": [0.000122183942000258]}, "36": {"nrmse": [0.0001209092250761785]}, "37": {"nrmse": [0.00011965496412299485]}, "38": {"nrmse": [0.00011847192237992973]}, "39": {"nrmse": [0.00011739851226053693]}, "40": {"nrmse": [0.00011633056656312502]}, "41": {"nrmse": [0.00011530034659546805]}, "42": {"nrmse": [0.00011427765545473971]}, "43": {"nrmse": [0.00011327907545364193]}, "44": {"nrmse": [0.00011240304268757548]}, "45": {"nrmse": [0.00011154777567595779]}, "46": {"nrmse": [0.00011066644982580243]}, "47": {"nrmse": [0.00010980896391863628]}, "48": {"nrmse": [0.00010909811531630225]}, "49": {"nrmse": [0.00010839598817033796]}, "50": {"nrmse": [0.00010765603838642353]}, "51": {"nrmse": [0.0001069750457661325]}, "52": {"nrmse": [0.00010631541249820241]}, "53": {"nrmse": [0.000105668825123353]}, "54": {"nrmse": [0.00010504358428605997]}, "55": {"nrmse": [0.00010442841084963557]}, "56": {"nrmse": [0.00010381426952105221]}, "57": {"nrmse": [0.00010326072763323964]}, "58": {"nrmse": [0.00010268201032654083]}, "59": {"nrmse": [0.00010213683775098435]}, "60": {"nrmse": [0.00010166447685596632]}}}