{"state_names": ["r"], "scores_per_horizon": {"1": {"nrmse": [0.0002871699185873984]}, "2": {"nrmse": [0.00030690117545435053]}, "3": {"nrmse": [0.00031441970995138254]}, "4": {"nrmse": [0.0003055637441072199]}, "5": {"nrmse": [0.0002917893835349142]}, "6": {"nrmse": [0.000278733532275624]}, "7": {"nrmse": [0.0002661888389842917]}, "8": {"nrmse": [0.0002566951428781667]}, "9": {"nrmse": [0.0002489588173339201]}, "10": {"nrmse": [0.0002410742886067562]}, "11": {"nrmse": [0.0002344550686173601]}, "12": {"nrmse": [0.0002284617876432466]}, "13": {"nrmse": [0.00022448517732966605]}, "14": {"nrmse": [0.0002197750640752703]}, "15": {"nrmse": [0.00021577790362740807]}, "16": {"nrmse": [0.0002118326648524953]}, "17": {"nrmse": [0.00020816176934207553]}, "18": {"nrmse": [0.00020512942793511678]}, "19": {"nrmse": [0.00020274096915023557]}, "20": {"nrmse": [0.00020117702338052224]}, "21": {"nrmse": [0.00019955843182591144]}, "22": {"nrmse": [0.00019794329819334386]}, "23": {"nrmse": [0.0001963838908235579]}, "24": {"nrmse": [0.00019503890448178515]}, "25": {"nrmse": [0.00019388098079507272]}, "26": {"nrmse": [0.00019259623225089537]}, "27": {"nrmse": [0.00019213686435445604]}, "28": {"nrmse": [0.00019149201975244399]}, "29": {"nrmse": [0.00019048018619139575]}, "30": {"nrmse": [0.00018951010556890843]}, "31": {"nrmse": [0.00018914383271075564]}, "32": {"nrmse": [0.00018872365462484938]}, "33": {"nrmse": [0.00018826776482874953]}, "34": {"nrmse": [0.00018791504802501618]}, "35": {"nrmse": [0.00018782915830438835]}, "36": {"nrmse": [0.00018756025531055194]}, "37": {"nrmse": [0.00018697395310076514]}, "38": {"nrmse": [0.00018672550841596856]}, "39": {"nrmse": [0.0001867237360295444]}, "40": {"nrmse": [0.00018660002401390313]}, "41": {"nrmse": [0.00018639018314881616]}, "42": {"nrmse": [0.0001861709438181232]}, "43": {"nrmse": [0.0001861900872181768]}, "44": {"nrmse": [0.00018602962552421632]}, "45": {"nrmse": [0.00018566616076199204]}, "46": {"nrmse": [0.00018551316507714916]}, "47": {"nrmse": [0.00018532480912342026]}, "48": {"nrmse": [0.00018531666413226826]}, "49": {"nrmse": [0.00018491157628825519]}, "50": {"nrmse": [0.0001848273405024077]}, "51": {"nrmse": [0.00018487161135858848]}, "52": {"nrmse": [0.00018495065177996092]}, "53": {"nrmse": [0.0001851900626206473]}, "54": {"nrmse": [0.00018522067281412868]}, "55": {"nrmse": [0.0001853266233462922]}, "56": {"nrmse": [0.0001851287959471853]}, "57": {"nrmse": [0.0001849750045409925]}, "58": {"nrmse": [0.00018501979408912413]}, "59": {"nrmse": [0.00018517754476718876]}, "60": {"nrmse": [0.00018543699437582913]}}}