{"state_names": ["r"], "scores_per_horizon": {"1": {"nrmse": [0.018190061818703307]}, "2": {"nrmse": [0.017982967180374107]}, "3": {"nrmse": [0.01782929976771397]}, "4": {"nrmse": [0.017734262957523967]}, "5": {"nrmse": [0.01770360715550611]}, "6": {"nrmse": [0.017664103617264823]}, "7": {"nrmse": [0.01761436247634468]}, "8": {"nrmse": [0.017534443252172856]}, "9": {"nrmse": [0.017476409074317623]}, "10": {"nrmse": [0.01744906357517305]}, "11": {"nrmse": [0.01742851986058133]}, "12": {"nrmse": [0.017409768202218293]}, "13": {"nrmse": [0.017383925330968105]}, "14": {"nrmse": [0.017334792187750747]}, "15": {"nrmse": [0.01732505230208441]}, "16": {"nrmse": [0.017326026998090945]}, "17": {"nrmse": [0.01732390447337523]}, "18": {"nrmse": [0.017327294890486497]}, "19": {"nrmse": [0.017334729782378256]}, "20": {"nrmse": [0.017338755685524967]}, "21": {"nrmse": [0.017330856766804743]}, "22": {"nrmse": [0.01731690114922957]}, "23": {"nrmse": [0.017284008297423034]}, "24": {"nrmse": [0.017246812037940477]}, "25": {"nrmse": [0.017198907050126975]}, "26": {"nrmse": [0.017162658363490804]}, "27": {"nrmse": [0.017135194391017322]}, "28": {"nrmse": [0.017108153965038626]}, "29": {"nrmse": [0.01706796042819378]}, "30": {"nrmse": [0.01704076138652127]}, "31": {"nrmse": [0.01701692149587947]}, "32": {"nrmse": [0.01699052737099852]}, "33": {"nrmse": [0.01696355342445018]}, "34": {"nrmse": [0.01693871928908944]}, "35": {"nrmse": [0.016915639076162406]}, "36": {"nrmse": [0.016895701158152268]}, "37": {"nrmse": [0.016860423712220678]}, "38": {"nrmse": [0.01683296404454231]}, "39": {"nrmse": [0.016805430315290675]}, "40": {"nrmse": [0.016765929703821722]}, "41": {"nrmse": [0.016729245129848316]}, "42": {"nrmse": [0.016690400523006986]}, "43": {"nrmse": [0.01665187946603486]}, "44": {"nrmse": [0.01660999339367903]}, "45": {"nrmse": [0.01657067019695618]}, "46": {"nrmse": [0.01652659580054961]}, "47": {"nrmse": [0.01647516030706969]}, "48": {"nrmse": [0.01642011051269577]}, "49": {"nrmse": [0.01636811462645551]}, "50": {"nrmse": [0.016326282188103426]}, "51": {"nrmse": [0.01628122005470272]}, "52": {"nrmse": [0.01623573899292459]}, "53": {"nrmse": [0.016193263471577776]}, "54": {"nrmse": [0.01614309544499316]}, "55": {"nrmse": [0.016094554656316915]}, "56": {"nrmse": [0.016047498594978605]}, "57": {"nrmse": [0.016009428284988452]}, "58": {"nrmse": [0.015970912763478045]}, "59": {"nrmse": [0.015930916083035977]}, "60": {"nrmse": [0.015889004466889522]}}}