{"state_names": ["r"], "scores_per_horizon": {"1": {"nrmse": [0.000319903335999012]}, "2": {"nrmse": [0.0003618992823634461]}, "3": {"nrmse": [0.00034696662232913065]}, "4": {"nrmse": [0.00031689463223301173]}, "5": {"nrmse": [0.00029080445568322664]}, "6": {"nrmse": [0.00026885463116487575]}, "7": {"nrmse": [0.0002502977715110765]}, "8": {"nrmse": [0.00023503978624334122]}, "9": {"nrmse": [0.0002223416648439472]}, "10": {"nrmse": [0.00021156907135640534]}, "11": {"nrmse": [0.00020204625094563176]}, "12": {"nrmse": [0.00019367238043916133]}, "13": {"nrmse": [0.000186379026657423]}, "14": {"nrmse": [0.0001798922137597408]}, "15": {"nrmse": [0.0001740537215501905]}, "16": {"nrmse": [0.00016891920542482452]}, "17": {"nrmse": [0.00016408746588590924]}, "18": {"nrmse": [0.0001597686531100589]}, "19": {"nrmse": [0.00015573780902963398]}, "20": {"nrmse": [0.0001521384008949874]}, "21": {"nrmse": [0.00014882555425093613]}, "22": {"nrmse": [0.0001456996169918037]}, "23": {"nrmse": [0.00014267572140111022]}, "24": {"nrmse": [0.0001399187245613991]}, "25": {"nrmse": [0.000137335029240248]}, "26": {"nrmse": [0.00013484541191491749]}, "27": {"nrmse": [0.0001324566081260473]}, "28": {"nrmse": [0.00013021748001054172]}, "29": {"nrmse": [0.00012808512949453947]}, "30": {"nrmse": [0.00012607790416663132]}, "31": {"nrmse": [0.00012416694649965474]}, "32": {"nrmse": [0.00012245223945212105]}, "33": {"nrmse": [0.00012091821900709872]}, "34": {"nrmse": [0.00011931826319130596]}, "35": {"nrmse": [0.00011776754983888038]}, "36": {"nrmse": [0.00011633040680543287]}, "37": {"nrmse": [0.0001149246018810206]}, "38": {"nrmse": [0.00011357227480205973]}, "39": {"nrmse": [0.00011238616098122656]}, "40": {"nrmse": [0.00011115757653473326]}, "41": {"nrmse": [0.0001099787753971244]}, "42": {"nrmse": [0.00010883847380093017]}, "43": {"nrmse": [0.00010784317494793875]}, "44": {"nrmse": [0.00010675595588810382]}, "45": {"nrmse": [0.00010566959658381517]}, "46": {"nrmse": [0.00010465970451799401]}, "47": {"nrmse": [0.00010372468073557137]}, "48": {"nrmse": [0.00010277002570202516]}, "49": {"nrmse": [0.00010182519414895961]}, "50": {"nrmse": [0.0001009387316693182]}, "51": {"nrmse": [0.0001000997338800521]}, "52": {"nrmse": [9.930975864183258e-05]}, "53": {"nrmse": [9.86466673112375e-05]}, "54": {"nrmse": [9.790669510079464e-05]}, "55": {"nrmse": [9.72137898263533e-05]}, "56": {"nrmse": [9.65463644999883e-05]}, "57": {"nrmse": [9.584032596977895e-05]}, "58": {"nrmse": [9.522744737220863e-05]}, "59": {"nrmse": [9.45877851987326e-05]}, "60": {"nrmse": [9.406545467086914e-05]}}}