{"state_names": ["r"], "scores_per_horizon": {"1": {"nrmse": [0.002838771810705206]}, "2": {"nrmse": [0.004655354081268189]}, "3": {"nrmse": [0.005291313942609559]}, "4": {"nrmse": [0.005087001059543037]}, "5": {"nrmse": [0.0046089321400850265]}, "6": {"nrmse": [0.0042889751375780865]}, "7": {"nrmse": [0.004197566231540548]}, "8": {"nrmse": [0.004196848284041843]}, "9": {"nrmse": [0.004194811280715145]}, "10": {"nrmse": [0.004181828308488057]}, "11": {"nrmse": [0.004156506130895621]}, "12": {"nrmse": [0.0041246704449267564]}, "13": {"nrmse": [0.004090296936726969]}, "14": {"nrmse": [0.004059010283038546]}, "15": {"nrmse": [0.0040443315745767655]}, "16": {"nrmse": [0.004035290483272047]}, "17": {"nrmse": [0.004021093618912846]}, "18": {"nrmse": [0.004011533467709953]}, "19": {"nrmse": [0.004005895294094006]}, "20": {"nrmse": [0.003998619080258001]}, "21": {"nrmse": [0.003988026112381475]}, "22": {"nrmse": [0.0039805441875143165]}, "23": {"nrmse": [0.003969408123268093]}, "24": {"nrmse": [0.0039604751194081515]}, "25": {"nrmse": [0.003945658101160487]}, "26": {"nrmse": [0.00393793593204201]}, "27": {"nrmse": [0.003931285536965858]}, "28": {"nrmse": [0.003925710126280028]}, "29": {"nrmse": [0.003915464505405938]}, "30": {"nrmse": [0.003910199584004117]}, "31": {"nrmse": [0.0039052522291908556]}, "32": {"nrmse": [0.003899317125084208]}, "33": {"nrmse": [0.003893259790022906]}, "34": {"nrmse": [0.0038864401931964832]}, "35": {"nrmse": [0.003879778523586781]}, "36": {"nrmse": [0.0038758896900177035]}, "37": {"nrmse": [0.0038660108763644515]}, "38": {"nrmse": [0.003860170774483289]}, "39": {"nrmse": [0.0038542407618344363]}, "40": {"nrmse": [0.003843992485500978]}, "41": {"nrmse": [0.003835894351375953]}, "42": {"nrmse": [0.003826171384715058]}, "43": {"nrmse": [0.0038182159837511142]}, "44": {"nrmse": [0.003809139097109964]}, "45": {"nrmse": [0.0038019365957433575]}, "46": {"nrmse": [0.003793802799207365]}, "47": {"nrmse": [0.003782244253411787]}, "48": {"nrmse": [0.003769894296268511]}, "49": {"nrmse": [0.00375846564436921]}, "50": {"nrmse": [0.0037497168168172373]}, "51": {"nrmse": [0.003739340436577614]}, "52": {"nrmse": [0.0037287068522951256]}, "53": {"nrmse": [0.003719234528419628]}, "54": {"nrmse": [0.0037076697040347192]}, "55": {"nrmse": [0.0036964399870725857]}, "56": {"nrmse": [0.003687287098049082]}, "57": {"nrmse": [0.0036797540995454087]}, "58": {"nrmse": [0.003671282520399516]}, "59": {"nrmse": [0.0036622013513452245]}, "60": {"nrmse": [0.0036521582710400988]}}}