{"state_names": ["r"], "scores_per_horizon": {"1": {"nrmse": [0.0003459033785199161]}, "2": {"nrmse": [0.000369178094524621]}, "3": {"nrmse": [0.0003475331961441172]}, "4": {"nrmse": [0.00030961217809031644]}, "5": {"nrmse": [0.00028076676577967215]}, "6": {"nrmse": [0.00025871820032727724]}, "7": {"nrmse": [0.00024096677845686514]}, "8": {"nrmse": [0.00022692119209528677]}, "9": {"nrmse": [0.0002154193792632418]}, "10": {"nrmse": [0.000206234056459648]}, "11": {"nrmse": [0.0001982162439096097]}, "12": {"nrmse": [0.00019111602751502543]}, "13": {"nrmse": [0.000184704054804955]}, "14": {"nrmse": [0.0001791279276657493]}, "15": {"nrmse": [0.00017413723432403808]}, "16": {"nrmse": [0.0001699343552446653]}, "17": {"nrmse": [0.0001657286266536254]}, "18": {"nrmse": [0.00016174578773901194]}, "19": {"nrmse": [0.0001581347704938049]}, "20": {"nrmse": [0.00015491463170980396]}, "21": {"nrmse": [0.00015187586132958244]}, "22": {"nrmse": [0.0001490462916574825]}, "23": {"nrmse": [0.00014633429465628204]}, "24": {"nrmse": [0.00014382291310676052]}, "25": {"nrmse": [0.0001415921341941957]}, "26": {"nrmse": [0.00013937575819855677]}, "27": {"nrmse": [0.00013727904876885178]}, "28": {"nrmse": [0.0001353588053392366]}, "29": {"nrmse": [0.0001336693019167721]}, "30": {"nrmse": [0.00013190175862600058]}, "31": {"nrmse": [0.00013021916608231866]}, "32": {"nrmse": [0.00012869664236226478]}, "33": {"nrmse": [0.00012722631349218548]}, "34": {"nrmse": [0.0001258028105107108]}, "35": {"nrmse": [0.00012449875969744014]}, "36": {"nrmse": [0.00012320300513497844]}, "37": {"nrmse": [0.00012188085880661732]}, "38": {"nrmse": [0.00012071604131836388]}, "39": {"nrmse": [0.00011963772810736315]}, "40": {"nrmse": [0.00011864009590476216]}, "41": {"nrmse": [0.000117658777112325]}, "42": {"nrmse": [0.00011665985106214178]}, "43": {"nrmse": [0.00011570654254816909]}, "44": {"nrmse": [0.00011482890595300208]}, "45": {"nrmse": [0.00011401930725135929]}, "46": {"nrmse": [0.000113211970439232]}, "47": {"nrmse": [0.00011239745397228223]}, "48": {"nrmse": [0.00011168955737171946]}, "49": {"nrmse": [0.00011104159724518515]}, "50": {"nrmse": [0.0001103831603925362]}, "51": {"nrmse": [0.00010973927080976124]}, "52": {"nrmse": [0.00010913207572066304]}, "53": {"nrmse": [0.00010855189726797037]}, "54": {"nrmse": [0.00010796422076923072]}, "55": {"nrmse": [0.00010742109943015716]}, "56": {"nrmse": [0.00010700353740609688]}, "57": {"nrmse": [0.00010648926956936947]}, "58": {"nrmse": [0.00010593279624995473]}, "59": {"nrmse": [0.00010548273604983972]}, "60": {"nrmse": [0.00010496403743370206]}}}