{"state_names": ["r"], "scores_per_horizon": {"1": {"nrmse": [0.0011759364021351332]}, "2": {"nrmse": [0.0015198559517518773]}, "3": {"nrmse": [0.001706059463220123]}, "4": {"nrmse": [0.0019049480854305295]}, "5": {"nrmse": [0.002111523729520875]}, "6": {"nrmse": [0.0022979425132019404]}, "7": {"nrmse": [0.002448309439576889]}, "8": {"nrmse": [0.002556319002915665]}, "9": {"nrmse": [0.0026310971682759077]}, "10": {"nrmse": [0.002695895817455699]}, "11": {"nrmse": [0.0027509211541238416]}, "12": {"nrmse": [0.0027909194249850747]}, "13": {"nrmse": [0.002815676470722064]}, "14": {"nrmse": [0.002836663382111545]}, "15": {"nrmse": [0.0028664844693792268]}, "16": {"nrmse": [0.0028961794437502952]}, "17": {"nrmse": [0.0029127310339095713]}, "18": {"nrmse": [0.002929044271323644]}, "19": {"nrmse": [0.002948622633219502]}, "20": {"nrmse": [0.0029637472064915436]}, "21": {"nrmse": [0.0029716446456124475]}, "22": {"nrmse": [0.0029815452307197557]}, "23": {"nrmse": [0.0029877207831102326]}, "24": {"nrmse": [0.00299466242380027]}, "25": {"nrmse": [0.0029938443897895278]}, "26": {"nrmse": [0.002997544406058534]}, "27": {"nrmse": [0.003002223398485357]}, "28": {"nrmse": [0.0030064623119475677]}, "29": {"nrmse": [0.003006135827734678]}, "30": {"nrmse": [0.0030091877408528903]}, "31": {"nrmse": [0.003012538176739929]}, "32": {"nrmse": [0.0030143275113626187]}, "33": {"nrmse": [0.003016187553613534]}, "34": {"nrmse": [0.0030165620148021773]}, "35": {"nrmse": [0.003016295683413145]}, "36": {"nrmse": [0.0030191152548086327]}, "37": {"nrmse": [0.0030162812013044982]}, "38": {"nrmse": [0.0030160414062569614]}, "39": {"nrmse": [0.0030163174782982657]}, "40": {"nrmse": [0.0030119235293378016]}, "41": {"nrmse": [0.0030092732521705703]}, "42": {"nrmse": [0.003004814341582387]}, "43": {"nrmse": [0.0030016130710133863]}, "44": {"nrmse": [0.002997569554474108]}, "45": {"nrmse": [0.0029948501172307224]}, "46": {"nrmse": [0.0029920262818550094]}, "47": {"nrmse": [0.002985625001520456]}, "48": {"nrmse": [0.002978244069053649]}, "49": {"nrmse": [0.0029718191062036584]}, "50": {"nrmse": [0.0029676543516802857]}, "51": {"nrmse": [0.002962200427421143]}, "52": {"nrmse": [0.002956175124153506]}, "53": {"nrmse": [0.0029511647003821503]}, "54": {"nrmse": [0.0029444017437134135]}, "55": {"nrmse": [0.0029373323811885347]}, "56": {"nrmse": [0.0029325142764964696]}, "57": {"nrmse": [0.00292906922873255]}, "58": {"nrmse": [0.0029244145348430147]}, "59": {"nrmse": [0.002919288779512098]}, "60": {"nrmse": [0.0029133531379810238]}}}