{"state_names": ["r"], "scores_per_horizon": {"1": {"nrmse": [0.0002751518623811282]}, "2": {"nrmse": [0.00026776612776912445]}, "3": {"nrmse": [0.00023807698623706943]}, "4": {"nrmse": [0.00021299278303876784]}, "5": {"nrmse": [0.00019482915963872524]}, "6": {"nrmse": [0.00018193427867690517]}, "7": {"nrmse": [0.00017155624282908676]}, "8": {"nrmse": [0.00016302538568507596]}, "9": {"nrmse": [0.00015601917084615572]}, "10": {"nrmse": [0.00014946758662267226]}, "11": {"nrmse": [0.0001435901734237365]}, "12": {"nrmse": [0.00013848021317957487]}, "13": {"nrmse": [0.00013427610757707313]}, "14": {"nrmse": [0.00013032598788645356]}, "15": {"nrmse": [0.00012665863301809726]}, "16": {"nrmse": [0.0001234356581268641]}, "17": {"nrmse": [0.00012043636630279442]}, "18": {"nrmse": [0.00011754088322652226]}, "19": {"nrmse": [0.00011498963084192504]}, "20": {"nrmse": [0.00011279031979428771]}, "21": {"nrmse": [0.00011071973505040327]}, "22": {"nrmse": [0.00010871652031817123]}, "23": {"nrmse": [0.00010694103556290175]}, "24": {"nrmse": [0.00010527760568455258]}, "25": {"nrmse": [0.00010382112175317961]}, "26": {"nrmse": [0.00010239510607245607]}, "27": {"nrmse": [0.00010121727240149622]}, "28": {"nrmse": [9.998119380965442e-05]}, "29": {"nrmse": [9.888533913173046e-05]}, "30": {"nrmse": [9.770388803810388e-05]}, "31": {"nrmse": [9.667031412766905e-05]}, "32": {"nrmse": [9.565337583333907e-05]}, "33": {"nrmse": [9.473285721769074e-05]}, "34": {"nrmse": [9.385998139854575e-05]}, "35": {"nrmse": [9.315363238592926e-05]}, "36": {"nrmse": [9.235733924856168e-05]}, "37": {"nrmse": [9.153855548220772e-05]}, "38": {"nrmse": [9.091114161471098e-05]}, "39": {"nrmse": [9.027186649262467e-05]}, "40": {"nrmse": [8.961892742030621e-05]}, "41": {"nrmse": [8.906772036736834e-05]}, "42": {"nrmse": [8.849990003115325e-05]}, "43": {"nrmse": [8.803261027120056e-05]}, "44": {"nrmse": [8.755636427802383e-05]}, "45": {"nrmse": [8.707772887417093e-05]}, "46": {"nrmse": [8.663254987456204e-05]}, "47": {"nrmse": [8.616664328997819e-05]}, "48": {"nrmse": [8.580984278733096e-05]}, "49": {"nrmse": [8.544660383313232e-05]}, "50": {"nrmse": [8.505714524033725e-05]}, "51": {"nrmse": [8.46652386934842e-05]}, "52": {"nrmse": [8.43039815981303e-05]}, "53": {"nrmse": [8.38579677386813e-05]}, "54": {"nrmse": [8.352631792868914e-05]}, "55": {"nrmse": [8.320301885860665e-05]}, "56": {"nrmse": [8.29160061726868e-05]}, "57": {"nrmse": [8.265223723111798e-05]}, "58": {"nrmse": [8.24441760156566e-05]}, "59": {"nrmse": [8.22096393500662e-05]}, "60": {"nrmse": [8.187845335426106e-05]}}}