{"state_names": ["r"], "scores_per_horizon": {"1": {"nrmse": [0.00026392927491360554]}, "2": {"nrmse": [0.00027204061076688946]}, "3": {"nrmse": [0.0002521118804077716]}, "4": {"nrmse": [0.0002248816073920214]}, "5": {"nrmse": [0.00020358494076417902]}, "6": {"nrmse": [0.0001875212326131944]}, "7": {"nrmse": [0.0001747227640649075]}, "8": {"nrmse": [0.00016471653219449968]}, "9": {"nrmse": [0.00015677026112246448]}, "10": {"nrmse": [0.00015030937425619824]}, "11": {"nrmse": [0.00014478029645266128]}, "12": {"nrmse": [0.0001399060421436256]}, "13": {"nrmse": [0.00013565317879549475]}, "14": {"nrmse": [0.0001316812418294227]}, "15": {"nrmse": [0.0001282447925198177]}, "16": {"nrmse": [0.0001254343829898042]}, "17": {"nrmse": [0.00012269914377143208]}, "18": {"nrmse": [0.00012022442465726117]}, "19": {"nrmse": [0.0001178011797438192]}, "20": {"nrmse": [0.00011558773974946275]}, "21": {"nrmse": [0.00011360198073901154]}, "22": {"nrmse": [0.00011201553743140545]}, "23": {"nrmse": [0.00011045319392708521]}, "24": {"nrmse": [0.00010898724657729857]}, "25": {"nrmse": [0.00010780060828691975]}, "26": {"nrmse": [0.00010650560307188185]}, "27": {"nrmse": [0.0001054148830977209]}, "28": {"nrmse": [0.00010444058043985163]}, "29": {"nrmse": [0.00010355735503809786]}, "30": {"nrmse": [0.00010260062116739428]}, "31": {"nrmse": [0.00010174947531855777]}, "32": {"nrmse": [0.0001010317329545117]}, "33": {"nrmse": [0.00010021694318998112]}, "34": {"nrmse": [9.954638697417727e-05]}, "35": {"nrmse": [9.90651606909423e-05]}, "36": {"nrmse": [9.862461784512915e-05]}, "37": {"nrmse": [9.80988649549061e-05]}, "38": {"nrmse": [9.770231205635428e-05]}, "39": {"nrmse": [9.743590398630236e-05]}, "40": {"nrmse": [9.707168363833377e-05]}, "41": {"nrmse": [9.673253398719953e-05]}, "42": {"nrmse": [9.637982732969074e-05]}, "43": {"nrmse": [9.592426094413892e-05]}, "44": {"nrmse": [9.563680007688516e-05]}, "45": {"nrmse": [9.540436710294605e-05]}, "46": {"nrmse": [9.512104933129941e-05]}, "47": {"nrmse": [9.470245527371311e-05]}, "48": {"nrmse": [9.439618472492052e-05]}, "49": {"nrmse": [9.412802255371582e-05]}, "50": {"nrmse": [9.380984207373787e-05]}, "51": {"nrmse": [9.355395867804902e-05]}, "52": {"nrmse": [9.323510321424954e-05]}, "53": {"nrmse": [9.289701704053253e-05]}, "54": {"nrmse": [9.260103711892335e-05]}, "55": {"nrmse": [9.243538888032942e-05]}, "56": {"nrmse": [9.228381594562783e-05]}, "57": {"nrmse": [9.209086646456878e-05]}, "58": {"nrmse": [9.179825388632813e-05]}, "59": {"nrmse": [9.160826001578047e-05]}, "60": {"nrmse": [9.14230465377708e-05]}}}