{"state_names": ["r"], "scores_per_horizon": {"1": {"nrmse": [0.00064496911048711]}, "2": {"nrmse": [0.0008181384136300667]}, "3": {"nrmse": [0.000771335474865623]}, "4": {"nrmse": [0.001200461007488075]}, "5": {"nrmse": [0.0015945594764703085]}, "6": {"nrmse": [0.0019054162957536994]}, "7": {"nrmse": [0.002138489366196353]}, "8": {"nrmse": [0.0023070486564645007]}, "9": {"nrmse": [0.002428863758409525]}, "10": {"nrmse": [0.0025316319421239465]}, "11": {"nrmse": [0.0026190300092971564]}, "12": {"nrmse": [0.002688616599180474]}, "13": {"nrmse": [0.002736362772113366]}, "14": {"nrmse": [0.0027735756002662025]}, "15": {"nrmse": [0.002815506607640009]}, "16": {"nrmse": [0.002857260881282394]}, "17": {"nrmse": [0.0028867587282023176]}, "18": {"nrmse": [0.0029135099268061296]}, "19": {"nrmse": [0.002940748404413567]}, "20": {"nrmse": [0.0029631256973615366]}, "21": {"nrmse": [0.002977057136023202]}, "22": {"nrmse": [0.002990340873486602]}, "23": {"nrmse": [0.002998545050734963]}, "24": {"nrmse": [0.003007742621402513]}, "25": {"nrmse": [0.00300918633213475]}, "26": {"nrmse": [0.003014434651409717]}, "27": {"nrmse": [0.003019627953540804]}, "28": {"nrmse": [0.0030249526286501177]}, "29": {"nrmse": [0.003025934436883113]}, "30": {"nrmse": [0.003030082428801803]}, "31": {"nrmse": [0.0030341880707295695]}, "32": {"nrmse": [0.003037523480175886]}, "33": {"nrmse": [0.003040975043907994]}, "34": {"nrmse": [0.003043320303072435]}, "35": {"nrmse": [0.003044865886768081]}, "36": {"nrmse": [0.0030487608733128246]}, "37": {"nrmse": [0.0030473176719851454]}, "38": {"nrmse": [0.003048373200052895]}, "39": {"nrmse": [0.0030493981912182977]}, "40": {"nrmse": [0.0030463188821204168]}, "41": {"nrmse": [0.0030443227696966696]}, "42": {"nrmse": [0.003040113522964633]}, "43": {"nrmse": [0.003036872306285061]}, "44": {"nrmse": [0.003032211542100742]}, "45": {"nrmse": [0.0030292458209319863]}, "46": {"nrmse": [0.0030264966675658707]}, "47": {"nrmse": [0.0030215287277146484]}, "48": {"nrmse": [0.0030158752368948634]}, "49": {"nrmse": [0.003010821596001272]}, "50": {"nrmse": [0.003007871625736116]}, "51": {"nrmse": [0.0030039358166560454]}, "52": {"nrmse": [0.0029994625415845225]}, "53": {"nrmse": [0.002995829655388366]}, "54": {"nrmse": [0.0029902928064878247]}, "55": {"nrmse": [0.0029842695679148422]}, "56": {"nrmse": [0.002979949370865079]}, "57": {"nrmse": [0.0029773524658643366]}, "58": {"nrmse": [0.0029742458972467404]}, "59": {"nrmse": [0.0029707609997573162]}, "60": {"nrmse": [0.002966546880154553]}}}