{"state_names": ["r"], "scores_per_horizon": {"1": {"nrmse": [0.002315375938909388]}, "2": {"nrmse": [0.0023260534088834074]}, "3": {"nrmse": [0.002154887285914136]}, "4": {"nrmse": [0.0020802518531530694]}, "5": {"nrmse": [0.002079219113100546]}, "6": {"nrmse": [0.0020999792973587584]}, "7": {"nrmse": [0.0021231437781862334]}, "8": {"nrmse": [0.0021453195399080537]}, "9": {"nrmse": [0.002164643979786674]}, "10": {"nrmse": [0.002191690281775807]}, "11": {"nrmse": [0.0022217401564243204]}, "12": {"nrmse": [0.002245335550611503]}, "13": {"nrmse": [0.002257838772055562]}, "14": {"nrmse": [0.0022685855731710844]}, "15": {"nrmse": [0.00228624604684451]}, "16": {"nrmse": [0.0023069017851200012]}, "17": {"nrmse": [0.0023172118889011415]}, "18": {"nrmse": [0.0023275688544170036]}, "19": {"nrmse": [0.0023407326536158323]}, "20": {"nrmse": [0.0023505230391878454]}, "21": {"nrmse": [0.0023532764277616816]}, "22": {"nrmse": [0.0023577834413997345]}, "23": {"nrmse": [0.0023594359698402155]}, "24": {"nrmse": [0.0023633590279031925]}, "25": {"nrmse": [0.00235994685669156]}, "26": {"nrmse": [0.002360333532145555]}, "27": {"nrmse": [0.002360831246699093]}, "28": {"nrmse": [0.0023618076485607624]}, "29": {"nrmse": [0.0023593027275754363]}, "30": {"nrmse": [0.002359480719529237]}, "31": {"nrmse": [0.0023599655060908735]}, "32": {"nrmse": [0.002359822921017684]}, "33": {"nrmse": [0.0023604236963558145]}, "34": {"nrmse": [0.0023594412602335377]}, "35": {"nrmse": [0.0023575868309147472]}, "36": {"nrmse": [0.0023588619258241624]}, "37": {"nrmse": [0.0023555109074403177]}, "38": {"nrmse": [0.0023542623243015676]}, "39": {"nrmse": [0.002353661139450344]}, "40": {"nrmse": [0.0023493863315481815]}, "41": {"nrmse": [0.002346596073670515]}, "42": {"nrmse": [0.0023415547411153085]}, "43": {"nrmse": [0.0023377287812832294]}, "44": {"nrmse": [0.0023329422729334343]}, "45": {"nrmse": [0.002329768560097177]}, "46": {"nrmse": [0.0023276039556517614]}, "47": {"nrmse": [0.0023229568162562515]}, "48": {"nrmse": [0.0023176987671472003]}, "49": {"nrmse": [0.002312840989376395]}, "50": {"nrmse": [0.002309684862742791]}, "51": {"nrmse": [0.0023058753041002144]}, "52": {"nrmse": [0.002301586574442023]}, "53": {"nrmse": [0.002298173910460689]}, "54": {"nrmse": [0.002293520664234113]}, "55": {"nrmse": [0.002288039449444663]}, "56": {"nrmse": [0.0022849339852597217]}, "57": {"nrmse": [0.0022828301145439013]}, "58": {"nrmse": [0.0022801486320328562]}, "59": {"nrmse": [0.002277480231254322]}, "60": {"nrmse": [0.0022741801699087258]}}}