{"state_names": ["r"], "scores_per_horizon": {"1": {"nrmse": [0.017739248373437485]}, "2": {"nrmse": [0.01753696049563069]}, "3": {"nrmse": [0.017388165711376816]}, "4": {"nrmse": [0.017294846066656877]}, "5": {"nrmse": [0.017264707471707462]}, "6": {"nrmse": [0.017226778198659014]}, "7": {"nrmse": [0.017178542279922614]}, "8": {"nrmse": [0.0171002391807507]}, "9": {"nrmse": [0.017042613582907422]}, "10": {"nrmse": [0.017015727056465688]}, "11": {"nrmse": [0.01699547820432276]}, "12": {"nrmse": [0.016976747677477696]}, "13": {"nrmse": [0.016950627682573053]}, "14": {"nrmse": [0.016901726377197432]}, "15": {"nrmse": [0.016891910029655705]}, "16": {"nrmse": [0.016892927784819715]}, "17": {"nrmse": [0.016890319228692136]}, "18": {"nrmse": [0.016893157930747582]}, "19": {"nrmse": [0.01690024233316221]}, "20": {"nrmse": [0.016903823450645197]}, "21": {"nrmse": [0.016894740246842926]}, "22": {"nrmse": [0.01687985231636413]}, "23": {"nrmse": [0.016846216422728686]}, "24": {"nrmse": [0.01680860444861867]}, "25": {"nrmse": [0.01675997681219176]}, "26": {"nrmse": [0.01672259638657566]}, "27": {"nrmse": [0.016693910248260006]}, "28": {"nrmse": [0.01666553192480685]}, "29": {"nrmse": [0.01662444040474667]}, "30": {"nrmse": [0.016596166942260213]}, "31": {"nrmse": [0.016571235853139257]}, "32": {"nrmse": [0.01654396507566487]}, "33": {"nrmse": [0.01651665106084032]}, "34": {"nrmse": [0.01649134255899375]}, "35": {"nrmse": [0.016467745749379478]}, "36": {"nrmse": [0.016447447625781816]}, "37": {"nrmse": [0.016412037215157056]}, "38": {"nrmse": [0.016384168381277354]}, "39": {"nrmse": [0.016356380953652428]}, "40": {"nrmse": [0.016316920428605265]}, "41": {"nrmse": [0.016280399281369932]}, "42": {"nrmse": [0.016241553376533074]}, "43": {"nrmse": [0.016203096900248046]}, "44": {"nrmse": [0.01616112853121274]}, "45": {"nrmse": [0.01612182509343001]}, "46": {"nrmse": [0.016078053912203825]}, "47": {"nrmse": [0.01602708227575866]}, "48": {"nrmse": [0.015972645686713964]}, "49": {"nrmse": [0.015921153922089475]}, "50": {"nrmse": [0.015879684424046497]}, "51": {"nrmse": [0.015835196989446083]}, "52": {"nrmse": [0.015790139119259396]}, "53": {"nrmse": [0.015748113771183733]}, "54": {"nrmse": [0.01569848604102033]}, "55": {"nrmse": [0.015650274934891267]}, "56": {"nrmse": [0.01560374915534876]}, "57": {"nrmse": [0.0155660284969029]}, "58": {"nrmse": [0.01552790005349612]}, "59": {"nrmse": [0.015488472428695053]}, "60": {"nrmse": [0.015447321396202805]}}}