{"state_names": ["r"], "scores_per_horizon": {"1": {"nrmse": [0.01790147712836468]}, "2": {"nrmse": [0.01769779163518789]}, "3": {"nrmse": [0.017547284823067586]}, "4": {"nrmse": [0.01745342983655789]}, "5": {"nrmse": [0.017423082617749042]}, "6": {"nrmse": [0.01738446702518747]}, "7": {"nrmse": [0.01733563857774422]}, "8": {"nrmse": [0.017256808592732084]}, "9": {"nrmse": [0.017199090174026568]}, "10": {"nrmse": [0.017172055353139013]}, "11": {"nrmse": [0.01715178120723421]}, "12": {"nrmse": [0.017133125434717806]}, "13": {"nrmse": [0.01710715337065128]}, "14": {"nrmse": [0.01705821567534022]}, "15": {"nrmse": [0.01704842318472262]}, "16": {"nrmse": [0.01704942742347617]}, "17": {"nrmse": [0.017047003453031125]}, "18": {"nrmse": [0.01705003025563915]}, "19": {"nrmse": [0.01705722683594135]}, "20": {"nrmse": [0.017060960570628867]}, "21": {"nrmse": [0.01705233749280021]}, "22": {"nrmse": [0.01703781774714085]}, "23": {"nrmse": [0.01700450733742229]}, "24": {"nrmse": [0.016967114341952208]}, "25": {"nrmse": [0.01691881683548045]}, "26": {"nrmse": [0.01688193414936363]}, "27": {"nrmse": [0.016853748344832074]}, "28": {"nrmse": [0.01682593482592941]}, "29": {"nrmse": [0.01678523346780652]}, "30": {"nrmse": [0.016757408617384745]}, "31": {"nrmse": [0.016732923741534886]}, "32": {"nrmse": [0.01670602057358243]}, "33": {"nrmse": [0.016678856150763175]}, "34": {"nrmse": [0.016653745201240317]}, "35": {"nrmse": [0.016630354540916836]}, "36": {"nrmse": [0.016610212486463414]}, "37": {"nrmse": [0.016574879099949123]}, "38": {"nrmse": [0.016547200636744662]}, "39": {"nrmse": [0.01651954110426759]}, "40": {"nrmse": [0.016480095996934205]}, "41": {"nrmse": [0.01644353757784237]}, "42": {"nrmse": [0.016404707780448235]}, "43": {"nrmse": [0.01636624217113778]}, "44": {"nrmse": [0.01632432836651868]}, "45": {"nrmse": [0.016285042491550186]}, "46": {"nrmse": [0.01624120125379368]}, "47": {"nrmse": [0.016190110948529575]}, "48": {"nrmse": [0.016135504313803808]}, "49": {"nrmse": [0.01608389082258103]}, "50": {"nrmse": [0.01604234145364931]}, "51": {"nrmse": [0.015997693163276462]}, "52": {"nrmse": [0.015952545391026498]}, "53": {"nrmse": [0.01591041616485291]}, "54": {"nrmse": [0.015860663173201988]}, "55": {"nrmse": [0.015812402648250984]}, "56": {"nrmse": [0.015765751746589268]}, "57": {"nrmse": [0.01572796741933456]}, "58": {"nrmse": [0.015689762601203996]}, "59": {"nrmse": [0.01565018781895113]}, "60": {"nrmse": [0.015608809679222688]}}}