{"state_mean": [-8.277289969290226e-06], "state_std": [4.404670303166828e-05], "control_mean": [-0.38339682494001076, 5.053043850523392], "control_std": [1.8723530979419134, 1.4030881729213904], "semiphysical": [[-0.38354547916357634, 5.053043846070649, -8.27491679571111e-06], [1.8726201967136722, 1.4030881486534148, 4.404143826283729e-05]]}