{"state_names": ["r"], "scores_per_horizon": {"1": {"nrmse": [0.0003926087662271882]}, "2": {"nrmse": [0.00040692209666284943]}, "3": {"nrmse": [0.00041028572945666313]}, "4": {"nrmse": [0.0003953480329057896]}, "5": {"nrmse": [0.0003820803717693404]}, "6": {"nrmse": [0.00037382767828256827]}, "7": {"nrmse": [0.00036876136755517743]}, "8": {"nrmse": [0.0003688140411714902]}, "9": {"nrmse": [0.00037152124373933854]}, "10": {"nrmse": [0.0003716163508968447]}, "11": {"nrmse": [0.00037380284316864705]}, "12": {"nrmse": [0.0003754053153542975]}, "13": {"nrmse": [0.00038175409189988933]}, "14": {"nrmse": [0.00038572373534501576]}, "15": {"nrmse": [0.0003899146880156808]}, "16": {"nrmse": [0.0003930796074210506]}, "17": {"nrmse": [0.00039281977530201907]}, "18": {"nrmse": [0.0003928593469869009]}, "19": {"nrmse": [0.0003942731518693261]}, "20": {"nrmse": [0.00039670551949713483]}, "21": {"nrmse": [0.0003994950312727893]}, "22": {"nrmse": [0.00040217343172172605]}, "23": {"nrmse": [0.000403081819118148]}, "24": {"nrmse": [0.000404209820956064]}, "25": {"nrmse": [0.00040499120583617487]}, "26": {"nrmse": [0.00040411928588254944]}, "27": {"nrmse": [0.00040580737154633515]}, "28": {"nrmse": [0.0004074647640153648]}, "29": {"nrmse": [0.0004082193099830401]}, "30": {"nrmse": [0.0004079057101602053]}, "31": {"nrmse": [0.00040811334661052196]}, "32": {"nrmse": [0.00040889025417334467]}, "33": {"nrmse": [0.00040858998289717435]}, "34": {"nrmse": [0.00040814475220998315]}, "35": {"nrmse": [0.00040862278038446926]}, "36": {"nrmse": [0.0004093216379686897]}, "37": {"nrmse": [0.0004088387824403411]}, "38": {"nrmse": [0.0004086788911753989]}, "39": {"nrmse": [0.00040950246453167486]}, "40": {"nrmse": [0.00040984456489871735]}, "41": {"nrmse": [0.0004107357694085526]}, "42": {"nrmse": [0.0004115902503472092]}, "43": {"nrmse": [0.00041200637452673615]}, "44": {"nrmse": [0.00041178777810688594]}, "45": {"nrmse": [0.00041134081883417365]}, "46": {"nrmse": [0.000410859074414438]}, "47": {"nrmse": [0.0004104979790321576]}, "48": {"nrmse": [0.0004106955836614077]}, "49": {"nrmse": [0.00041023091537853223]}, "50": {"nrmse": [0.0004100170806920928]}, "51": {"nrmse": [0.0004101996720006458]}, "52": {"nrmse": [0.0004101871544135808]}, "53": {"nrmse": [0.000410582425177533]}, "54": {"nrmse": [0.0004106508010329329]}, "55": {"nrmse": [0.00041140701055853574]}, "56": {"nrmse": [0.00041190804153247017]}, "57": {"nrmse": [0.0004122790593974861]}, "58": {"nrmse": [0.00041251168294609167]}, "59": {"nrmse": [0.00041319759302606404]}, "60": {"nrmse": [0.0004142340776057306]}}}