{"state_names": ["r"], "scores_per_horizon": {"1": {"nrmse": [0.00036619902041881025]}, "2": {"nrmse": [0.0003725850511191076]}, "3": {"nrmse": [0.0003773014874288563]}, "4": {"nrmse": [0.00036366967059669634]}, "5": {"nrmse": [0.00035404360292647146]}, "6": {"nrmse": [0.0003497370641584967]}, "7": {"nrmse": [0.00034745629123079995]}, "8": {"nrmse": [0.00035150659376258925]}, "9": {"nrmse": [0.00035828498642654445]}, "10": {"nrmse": [0.00036055001988514915]}, "11": {"nrmse": [0.0003630315989568957]}, "12": {"nrmse": [0.00036473367524587024]}, "13": {"nrmse": [0.0003710261891739981]}, "14": {"nrmse": [0.00037466476228828293]}, "15": {"nrmse": [0.00037783262075326485]}, "16": {"nrmse": [0.0003801092887302339]}, "17": {"nrmse": [0.00037953898161522043]}, "18": {"nrmse": [0.0003802180010780804]}, "19": {"nrmse": [0.0003817961579449638]}, "20": {"nrmse": [0.0003839319758681893]}, "21": {"nrmse": [0.00038676126166017894]}, "22": {"nrmse": [0.00038971229375722185]}, "23": {"nrmse": [0.00039059279542729477]}, "24": {"nrmse": [0.00039196205481266096]}, "25": {"nrmse": [0.00039320373668829794]}, "26": {"nrmse": [0.00039308744194245233]}, "27": {"nrmse": [0.0003956362342902212]}, "28": {"nrmse": [0.0003979496710560915]}, "29": {"nrmse": [0.00039901787955711165]}, "30": {"nrmse": [0.00039891722912429017]}, "31": {"nrmse": [0.0003992898097695502]}, "32": {"nrmse": [0.0004005456281781347]}, "33": {"nrmse": [0.00040081539176692994]}, "34": {"nrmse": [0.0004009543639317003]}, "35": {"nrmse": [0.0004018429013111103]}, "36": {"nrmse": [0.00040295975615575085]}, "37": {"nrmse": [0.0004025655530683652]}, "38": {"nrmse": [0.0004026410891745156]}, "39": {"nrmse": [0.00040390590631754367]}, "40": {"nrmse": [0.00040495073378554226]}, "41": {"nrmse": [0.0004062855996167929]}, "42": {"nrmse": [0.000407283328759022]}, "43": {"nrmse": [0.0004075694962976338]}, "44": {"nrmse": [0.0004075132660740077]}, "45": {"nrmse": [0.0004076145271735685]}, "46": {"nrmse": [0.00040762464805659156]}, "47": {"nrmse": [0.000407504961533193]}, "48": {"nrmse": [0.00040787207416166107]}, "49": {"nrmse": [0.0004078222704818329]}, "50": {"nrmse": [0.000407921694366196]}, "51": {"nrmse": [0.0004081840167312238]}, "52": {"nrmse": [0.0004081683255489594]}, "53": {"nrmse": [0.0004088633078668849]}, "54": {"nrmse": [0.00040924483819487664]}, "55": {"nrmse": [0.00041014700549926476]}, "56": {"nrmse": [0.0004105158772031345]}, "57": {"nrmse": [0.00041065330758547795]}, "58": {"nrmse": [0.00041075503030781887]}, "59": {"nrmse": [0.00041144896774405446]}, "60": {"nrmse": [0.000412684243420741]}}}