{"state_names": ["r"], "scores_per_horizon": {"1": {"nrmse": [0.00043440364691990895]}, "2": {"nrmse": [0.0004273617758847489]}, "3": {"nrmse": [0.00042423670022540986]}, "4": {"nrmse": [0.00040890590393491524]}, "5": {"nrmse": [0.00039650925486289535]}, "6": {"nrmse": [0.0003895382326057843]}, "7": {"nrmse": [0.0003903043301841516]}, "8": {"nrmse": [0.00039783287412056926]}, "9": {"nrmse": [0.00040602686443986364]}, "10": {"nrmse": [0.00040718342629496616]}, "11": {"nrmse": [0.00040769788953134116]}, "12": {"nrmse": [0.0004068605923307135]}, "13": {"nrmse": [0.00041011553685260465]}, "14": {"nrmse": [0.0004101009480591775]}, "15": {"nrmse": [0.00040975029285342127]}, "16": {"nrmse": [0.0004093287337760383]}, "17": {"nrmse": [0.0004064918907186786]}, "18": {"nrmse": [0.00040444904492319676]}, "19": {"nrmse": [0.00040353774865015764]}, "20": {"nrmse": [0.0004027872719139922]}, "21": {"nrmse": [0.00040302314424997375]}, "22": {"nrmse": [0.00040436681564049527]}, "23": {"nrmse": [0.0004038504470938748]}, "24": {"nrmse": [0.0004039188534329552]}, "25": {"nrmse": [0.00040481339084629865]}, "26": {"nrmse": [0.0004037919711520535]}, "27": {"nrmse": [0.0004050160102438676]}, "28": {"nrmse": [0.0004061427281747155]}, "29": {"nrmse": [0.00040628705460268936]}, "30": {"nrmse": [0.00040481351384576934]}, "31": {"nrmse": [0.00040409561828779313]}, "32": {"nrmse": [0.0004044809874632868]}, "33": {"nrmse": [0.0004034771992645413]}, "34": {"nrmse": [0.00040248712645234196]}, "35": {"nrmse": [0.00040254174985156405]}, "36": {"nrmse": [0.000402966803964123]}, "37": {"nrmse": [0.00040172104912933673]}, "38": {"nrmse": [0.000401319436273324]}, "39": {"nrmse": [0.0004023041899762539]}, "40": {"nrmse": [0.0004027260055022775]}, "41": {"nrmse": [0.000403153941094378]}, "42": {"nrmse": [0.0004035787938725696]}, "43": {"nrmse": [0.0004034239478157819]}, "44": {"nrmse": [0.0004032293470908864]}, "45": {"nrmse": [0.00040265893790261014]}, "46": {"nrmse": [0.0004020736110542508]}, "47": {"nrmse": [0.00040156668458211974]}, "48": {"nrmse": [0.00040150202512020657]}, "49": {"nrmse": [0.0004008204473707542]}, "50": {"nrmse": [0.00040021316646147347]}, "51": {"nrmse": [0.00040009326019472267]}, "52": {"nrmse": [0.0003998030411469545]}, "53": {"nrmse": [0.0003999966447211181]}, "54": {"nrmse": [0.00040007346652033764]}, "55": {"nrmse": [0.00040072182846342047]}, "56": {"nrmse": [0.00040089197437118303]}, "57": {"nrmse": [0.00040069863510167026]}, "58": {"nrmse": [0.00040020083907815735]}, "59": {"nrmse": [0.00040026124138393455]}, "60": {"nrmse": [0.0004009600951195292]}}}