{"state_names": ["r"], "scores_per_horizon": {"1": {"nrmse": [0.0004831978242715367]}, "2": {"nrmse": [0.00045434298983968233]}, "3": {"nrmse": [0.0004417025664819772]}, "4": {"nrmse": [0.0004192327487865597]}, "5": {"nrmse": [0.0004049852614019976]}, "6": {"nrmse": [0.0003931522779748616]}, "7": {"nrmse": [0.0003836469539888213]}, "8": {"nrmse": [0.00037862085427294663]}, "9": {"nrmse": [0.00037775676981963174]}, "10": {"nrmse": [0.0003736863563603073]}, "11": {"nrmse": [0.0003712009418776397]}, "12": {"nrmse": [0.0003682411910657488]}, "13": {"nrmse": [0.0003706346924783672]}, "14": {"nrmse": [0.0003698051986765258]}, "15": {"nrmse": [0.00036911982220184713]}, "16": {"nrmse": [0.00036832029617235205]}, "17": {"nrmse": [0.0003654385822436021]}, "18": {"nrmse": [0.0003636628700424449]}, "19": {"nrmse": [0.0003630939309348955]}, "20": {"nrmse": [0.0003626880069815227]}, "21": {"nrmse": [0.000363293075654955]}, "22": {"nrmse": [0.00036386132694091314]}, "23": {"nrmse": [0.0003638413467617503]}, "24": {"nrmse": [0.0003641720655943821]}, "25": {"nrmse": [0.00036567183979416875]}, "26": {"nrmse": [0.0003654674233822271]}, "27": {"nrmse": [0.0003671334663502618]}, "28": {"nrmse": [0.0003686713475737934]}, "29": {"nrmse": [0.00036868115346164627]}, "30": {"nrmse": [0.00036779317521809263]}, "31": {"nrmse": [0.0003682290464292615]}, "32": {"nrmse": [0.00036932062038482887]}, "33": {"nrmse": [0.00036898962549460914]}, "34": {"nrmse": [0.0003686749807735056]}, "35": {"nrmse": [0.0003692834491482521]}, "36": {"nrmse": [0.0003698026789724996]}, "37": {"nrmse": [0.0003688833767466558]}, "38": {"nrmse": [0.0003686155128737776]}, "39": {"nrmse": [0.0003693159097575916]}, "40": {"nrmse": [0.00036962181014136636]}, "41": {"nrmse": [0.00036996896018328166]}, "42": {"nrmse": [0.0003705906096618563]}, "43": {"nrmse": [0.00037106224044503435]}, "44": {"nrmse": [0.00037137222009556343]}, "45": {"nrmse": [0.00037113025920879614]}, "46": {"nrmse": [0.0003710600785863973]}, "47": {"nrmse": [0.0003711147042470166]}, "48": {"nrmse": [0.00037145420186219174]}, "49": {"nrmse": [0.0003707954488479034]}, "50": {"nrmse": [0.000370647053468285]}, "51": {"nrmse": [0.0003709084089799435]}, "52": {"nrmse": [0.00037119165771626263]}, "53": {"nrmse": [0.00037179102150038606]}, "54": {"nrmse": [0.00037204294294126836]}, "55": {"nrmse": [0.00037294492965647024]}, "56": {"nrmse": [0.00037325176496143134]}, "57": {"nrmse": [0.00037337294357999643]}, "58": {"nrmse": [0.00037344024271966094]}, "59": {"nrmse": [0.00037383260539246174]}, "60": {"nrmse": [0.0003745040080041865]}}}