{"state_names": ["r"], "scores_per_horizon": {"1": {"nrmse": [0.007165277823604027]}, "2": {"nrmse": [0.006669950907898624]}, "3": {"nrmse": [0.006517437121117033]}, "4": {"nrmse": [0.006519045127288018]}, "5": {"nrmse": [0.006564435155171577]}, "6": {"nrmse": [0.006607547618007578]}, "7": {"nrmse": [0.006643774891332162]}, "8": {"nrmse": [0.006663114066758371]}, "9": {"nrmse": [0.006672036785157891]}, "10": {"nrmse": [0.006680819574139426]}, "11": {"nrmse": [0.00668620753080498]}, "12": {"nrmse": [0.006682546227657897]}, "13": {"nrmse": [0.006661918693284275]}, "14": {"nrmse": [0.006629268262397838]}, "15": {"nrmse": [0.006610136026746674]}, "16": {"nrmse": [0.006598297662844691]}, "17": {"nrmse": [0.006580354926173511]}, "18": {"nrmse": [0.006564514175559396]}, "19": {"nrmse": [0.0065531962986245]}, "20": {"nrmse": [0.006541062811788134]}, "21": {"nrmse": [0.006522324144247665]}, "22": {"nrmse": [0.0065039952835529]}, "23": {"nrmse": [0.006480070738073296]}, "24": {"nrmse": [0.006459483757845809]}, "25": {"nrmse": [0.006431715167848117]}, "26": {"nrmse": [0.006411168199688353]}, "27": {"nrmse": [0.006392904508469724]}, "28": {"nrmse": [0.006377153387886648]}, "29": {"nrmse": [0.006356122128094871]}, "30": {"nrmse": [0.006341496496991291]}, "31": {"nrmse": [0.006328831441729669]}, "32": {"nrmse": [0.006316400344190463]}, "33": {"nrmse": [0.006305331238940993]}, "34": {"nrmse": [0.006294664551292101]}, "35": {"nrmse": [0.006283732491856643]}, "36": {"nrmse": [0.0062768934837903155]}, "37": {"nrmse": [0.006262656181921732]}, "38": {"nrmse": [0.006252788125758621]}, "39": {"nrmse": [0.006243110337212668]}, "40": {"nrmse": [0.006227594114121338]}, "41": {"nrmse": [0.006213732965170659]}, "42": {"nrmse": [0.006196694901428944]}, "43": {"nrmse": [0.006180940807719164]}, "44": {"nrmse": [0.0061632086515464755]}, "45": {"nrmse": [0.006148113062584546]}, "46": {"nrmse": [0.006134046843927475]}, "47": {"nrmse": [0.006117406178814006]}, "48": {"nrmse": [0.006099934300515256]}, "49": {"nrmse": [0.00608387418721105]}, "50": {"nrmse": [0.006071458247489379]}, "51": {"nrmse": [0.006057995707838076]}, "52": {"nrmse": [0.006044181551571666]}, "53": {"nrmse": [0.006031596005498323]}, "54": {"nrmse": [0.00601614707402635]}, "55": {"nrmse": [0.00599991883074022]}, "56": {"nrmse": [0.005985774172052346]}, "57": {"nrmse": [0.005974845313370218]}, "58": {"nrmse": [0.005963900996593474]}, "59": {"nrmse": [0.005952720567229965]}, "60": {"nrmse": [0.005940507406977832]}}}