{"state_names": ["r"], "scores_per_horizon": {"1": {"nrmse": [0.00029314914077711504]}, "2": {"nrmse": [0.00024642310594861523]}, "3": {"nrmse": [0.00022584984892258847]}, "4": {"nrmse": [0.00020351973944782783]}, "5": {"nrmse": [0.0001865051275929868]}, "6": {"nrmse": [0.00017435074188291953]}, "7": {"nrmse": [0.0001645612927697546]}, "8": {"nrmse": [0.00015766187299034616]}, "9": {"nrmse": [0.00015308674497986285]}, "10": {"nrmse": [0.00014779204189551006]}, "11": {"nrmse": [0.00014381986219524342]}, "12": {"nrmse": [0.0001402171452620306]}, "13": {"nrmse": [0.00013744625689955442]}, "14": {"nrmse": [0.00013427120318843528]}, "15": {"nrmse": [0.00013146517800775544]}, "16": {"nrmse": [0.00013006559307177597]}, "17": {"nrmse": [0.0001275178595178641]}, "18": {"nrmse": [0.0001259908524229583]}, "19": {"nrmse": [0.00012425250231826285]}, "20": {"nrmse": [0.00012287287253777502]}, "21": {"nrmse": [0.00012164216639867054]}, "22": {"nrmse": [0.00012083931778630564]}, "23": {"nrmse": [0.00011952210886567842]}, "24": {"nrmse": [0.00011850217090889027]}, "25": {"nrmse": [0.00011783689113149611]}, "26": {"nrmse": [0.00011650570464752677]}, "27": {"nrmse": [0.00011590299174188386]}, "28": {"nrmse": [0.00011540255439119519]}, "29": {"nrmse": [0.00011456293923916397]}, "30": {"nrmse": [0.00011364835706258926]}, "31": {"nrmse": [0.00011295904433628005]}, "32": {"nrmse": [0.00011258210685732753]}, "33": {"nrmse": [0.00011179220779136307]}, "34": {"nrmse": [0.00011096503534277801]}, "35": {"nrmse": [0.00011055501326596282]}, "36": {"nrmse": [0.00011007175655977058]}, "37": {"nrmse": [0.00010922943286205785]}, "38": {"nrmse": [0.00010877487745030573]}, "39": {"nrmse": [0.00010878033586998714]}, "40": {"nrmse": [0.00010838426775035334]}, "41": {"nrmse": [0.00010792704674247438]}, "42": {"nrmse": [0.00010759083328831836]}, "43": {"nrmse": [0.00010727802021588982]}, "44": {"nrmse": [0.00010701209941122326]}, "45": {"nrmse": [0.00010657624100128972]}, "46": {"nrmse": [0.00010605091019084883]}, "47": {"nrmse": [0.00010548117317304008]}, "48": {"nrmse": [0.00010515174555182187]}, "49": {"nrmse": [0.00010481733614691356]}, "50": {"nrmse": [0.00010441400268911939]}, "51": {"nrmse": [0.00010430676123317425]}, "52": {"nrmse": [0.00010399069695513882]}, "53": {"nrmse": [0.0001039911206084928]}, "54": {"nrmse": [0.00010365675617634349]}, "55": {"nrmse": [0.00010354431235348117]}, "56": {"nrmse": [0.0001034748256778372]}, "57": {"nrmse": [0.00010327573950828836]}, "58": {"nrmse": [0.00010288708775853203]}, "59": {"nrmse": [0.00010265629102800989]}, "60": {"nrmse": [0.00010266682068564672]}}}