{"state_names": ["r"], "scores_per_horizon": {"1": {"nrmse": [0.00031574225249072834]}, "2": {"nrmse": [0.00027185876744630224]}, "3": {"nrmse": [0.0002435648160025033]}, "4": {"nrmse": [0.00022105646731626646]}, "5": {"nrmse": [0.0002049639013196244]}, "6": {"nrmse": [0.00019284244248702042]}, "7": {"nrmse": [0.00018261944045184776]}, "8": {"nrmse": [0.00017446785601325527]}, "9": {"nrmse": [0.00016812736961831662]}, "10": {"nrmse": [0.00016223730598938143]}, "11": {"nrmse": [0.00015744283787660015]}, "12": {"nrmse": [0.00015321839758877006]}, "13": {"nrmse": [0.00015011218909557437]}, "14": {"nrmse": [0.00014652865971239934]}, "15": {"nrmse": [0.00014363856245007975]}, "16": {"nrmse": [0.00014169291453821408]}, "17": {"nrmse": [0.0001390605170624893]}, "18": {"nrmse": [0.00013738654483719088]}, "19": {"nrmse": [0.00013560832692360056]}, "20": {"nrmse": [0.00013409575977076725]}, "21": {"nrmse": [0.00013266313234961346]}, "22": {"nrmse": [0.00013176411663591366]}, "23": {"nrmse": [0.00013035431825536288]}, "24": {"nrmse": [0.0001292297262109895]}, "25": {"nrmse": [0.0001282798950112936]}, "26": {"nrmse": [0.0001271220135401519]}, "27": {"nrmse": [0.00012648744001729967]}, "28": {"nrmse": [0.0001259701158038399]}, "29": {"nrmse": [0.00012532289993838857]}, "30": {"nrmse": [0.0001243127603016126]}, "31": {"nrmse": [0.00012366677579371996]}, "32": {"nrmse": [0.00012324367448524208]}, "33": {"nrmse": [0.0001223226351495037]}, "34": {"nrmse": [0.00012150725116376305]}, "35": {"nrmse": [0.00012097513794204861]}, "36": {"nrmse": [0.00012047988758193152]}, "37": {"nrmse": [0.000119666573531298]}, "38": {"nrmse": [0.00011916362070099655]}, "39": {"nrmse": [0.00011901897685550412]}, "40": {"nrmse": [0.0001187489372558503]}, "41": {"nrmse": [0.00011833011630735424]}, "42": {"nrmse": [0.00011793693314990856]}, "43": {"nrmse": [0.00011747605155950983]}, "44": {"nrmse": [0.00011719534578372379]}, "45": {"nrmse": [0.00011683940010744911]}, "46": {"nrmse": [0.00011623239854565081]}, "47": {"nrmse": [0.00011567928440166682]}, "48": {"nrmse": [0.00011539514136089523]}, "49": {"nrmse": [0.0001150845101730417]}, "50": {"nrmse": [0.00011466759648102061]}, "51": {"nrmse": [0.00011459295019819331]}, "52": {"nrmse": [0.00011430264003087046]}, "53": {"nrmse": [0.00011430460391298637]}, "54": {"nrmse": [0.00011408733863973159]}, "55": {"nrmse": [0.00011397372198865928]}, "56": {"nrmse": [0.00011388319131543488]}, "57": {"nrmse": [0.00011367148804804876]}, "58": {"nrmse": [0.00011331766917104712]}, "59": {"nrmse": [0.00011319856176910204]}, "60": {"nrmse": [0.00011317444832908943]}}}