{"state_names": ["r"], "scores_per_horizon": {"1": {"nrmse": [0.00016987891738790443]}, "2": {"nrmse": [0.00016073412807151896]}, "3": {"nrmse": [0.00014857052355588617]}, "4": {"nrmse": [0.00013957352575025422]}, "5": {"nrmse": [0.0001333977905087198]}, "6": {"nrmse": [0.00013010317835110988]}, "7": {"nrmse": [0.0001260674009122875]}, "8": {"nrmse": [0.00012462504867991446]}, "9": {"nrmse": [0.00012461142417143455]}, "10": {"nrmse": [0.00012407809403243206]}, "11": {"nrmse": [0.00012417394084622273]}, "12": {"nrmse": [0.00012393270187283437]}, "13": {"nrmse": [0.0001247977797503947]}, "14": {"nrmse": [0.00012423383900336045]}, "15": {"nrmse": [0.0001240731582418856]}, "16": {"nrmse": [0.00012371153945602164]}, "17": {"nrmse": [0.00012340561092789311]}, "18": {"nrmse": [0.00012409616132031038]}, "19": {"nrmse": [0.00012425856056597314]}, "20": {"nrmse": [0.00012447689788775757]}, "21": {"nrmse": [0.00012437289987363539]}, "22": {"nrmse": [0.00012480548929758554]}, "23": {"nrmse": [0.00012489435553943311]}, "24": {"nrmse": [0.00012504829430441607]}, "25": {"nrmse": [0.00012540589856918806]}, "26": {"nrmse": [0.00012553804812186992]}, "27": {"nrmse": [0.0001260859363285017]}, "28": {"nrmse": [0.000126681654407325]}, "29": {"nrmse": [0.00012677139353079988]}, "30": {"nrmse": [0.0001266572555779828]}, "31": {"nrmse": [0.00012702474040811402]}, "32": {"nrmse": [0.0001273327186136421]}, "33": {"nrmse": [0.00012718881225445955]}, "34": {"nrmse": [0.00012719080179536307]}, "35": {"nrmse": [0.00012745899285508572]}, "36": {"nrmse": [0.0001275792657305159]}, "37": {"nrmse": [0.00012741657100352456]}, "38": {"nrmse": [0.00012742211063341386]}, "39": {"nrmse": [0.00012790187994696627]}, "40": {"nrmse": [0.00012825388507170602]}, "41": {"nrmse": [0.00012842311610154172]}, "42": {"nrmse": [0.00012855286848802893]}, "43": {"nrmse": [0.00012859689883659925]}, "44": {"nrmse": [0.00012859270175450733]}, "45": {"nrmse": [0.00012873139761737404]}, "46": {"nrmse": [0.00012877298415908008]}, "47": {"nrmse": [0.00012858992730150113]}, "48": {"nrmse": [0.00012860263405178415]}, "49": {"nrmse": [0.00012843610063645024]}, "50": {"nrmse": [0.00012842327298208083]}, "51": {"nrmse": [0.00012859014456365853]}, "52": {"nrmse": [0.00012861804000485486]}, "53": {"nrmse": [0.0001290009459441409]}, "54": {"nrmse": [0.0001290387777664687]}, "55": {"nrmse": [0.0001293359252528656]}, "56": {"nrmse": [0.00012944612760292838]}, "57": {"nrmse": [0.00012938946231803443]}, "58": {"nrmse": [0.00012931260088130714]}, "59": {"nrmse": [0.0001294896606315869]}, "60": {"nrmse": [0.0001295696540737388]}}}