{"state_names": ["r"], "scores_per_horizon": {"1": {"nrmse": [0.00019660225108671269]}, "2": {"nrmse": [0.00018366316589010594]}, "3": {"nrmse": [0.00016473862727419563]}, "4": {"nrmse": [0.00014740473672925073]}, "5": {"nrmse": [0.00013521378967787747]}, "6": {"nrmse": [0.00012646664229703033]}, "7": {"nrmse": [0.00011903004384777737]}, "8": {"nrmse": [0.00011321981355470954]}, "9": {"nrmse": [0.00010927110841224491]}, "10": {"nrmse": [0.00010518193353667961]}, "11": {"nrmse": [0.0001017546391650855]}, "12": {"nrmse": [9.891273470243442e-05]}, "13": {"nrmse": [9.682038375225488e-05]}, "14": {"nrmse": [9.457769212460814e-05]}, "15": {"nrmse": [9.279809225088083e-05]}, "16": {"nrmse": [9.16790367698215e-05]}, "17": {"nrmse": [8.987810026669624e-05]}, "18": {"nrmse": [8.858761924094693e-05]}, "19": {"nrmse": [8.746048612262208e-05]}, "20": {"nrmse": [8.641509365761363e-05]}, "21": {"nrmse": [8.567261843545012e-05]}, "22": {"nrmse": [8.481593218383093e-05]}, "23": {"nrmse": [8.381039595145291e-05]}, "24": {"nrmse": [8.31844964881645e-05]}, "25": {"nrmse": [8.262306098574302e-05]}, "26": {"nrmse": [8.17901661955144e-05]}, "27": {"nrmse": [8.120201193734312e-05]}, "28": {"nrmse": [8.065122647666652e-05]}, "29": {"nrmse": [8.00741118602057e-05]}, "30": {"nrmse": [7.94275041718467e-05]}, "31": {"nrmse": [7.894153897306765e-05]}, "32": {"nrmse": [7.856884514142724e-05]}, "33": {"nrmse": [7.80459072958632e-05]}, "34": {"nrmse": [7.758662219489492e-05]}, "35": {"nrmse": [7.725903412235758e-05]}, "36": {"nrmse": [7.685117373374819e-05]}, "37": {"nrmse": [7.63038282296004e-05]}, "38": {"nrmse": [7.604047522617208e-05]}, "39": {"nrmse": [7.588126160649054e-05]}, "40": {"nrmse": [7.566131001148077e-05]}, "41": {"nrmse": [7.539814159809199e-05]}, "42": {"nrmse": [7.515158967052316e-05]}, "43": {"nrmse": [7.493994018235434e-05]}, "44": {"nrmse": [7.477529144150281e-05]}, "45": {"nrmse": [7.449200527459671e-05]}, "46": {"nrmse": [7.424932886980004e-05]}, "47": {"nrmse": [7.413799373017124e-05]}, "48": {"nrmse": [7.393596467015069e-05]}, "49": {"nrmse": [7.376147466127345e-05]}, "50": {"nrmse": [7.358595155734063e-05]}, "51": {"nrmse": [7.342841001263035e-05]}, "52": {"nrmse": [7.324455535270189e-05]}, "53": {"nrmse": [7.31132922841717e-05]}, "54": {"nrmse": [7.290984922346288e-05]}, "55": {"nrmse": [7.274535035659261e-05]}, "56": {"nrmse": [7.261043800350403e-05]}, "57": {"nrmse": [7.246207591496469e-05]}, "58": {"nrmse": [7.224043519080327e-05]}, "59": {"nrmse": [7.207023376610049e-05]}, "60": {"nrmse": [7.205898476267086e-05]}}}