{"state_names": ["r"], "scores_per_horizon": {"1": {"nrmse": [0.0034699137046361695]}, "2": {"nrmse": [0.003618057638865873]}, "3": {"nrmse": [0.0035759704757193484]}, "4": {"nrmse": [0.003696472543623071]}, "5": {"nrmse": [0.00381581701778314]}, "6": {"nrmse": [0.0038813924359833506]}, "7": {"nrmse": [0.0039057021756054434]}, "8": {"nrmse": [0.003910726560710297]}, "9": {"nrmse": [0.0038958125381163447]}, "10": {"nrmse": [0.0038849203051046963]}, "11": {"nrmse": [0.0038801903974878967]}, "12": {"nrmse": [0.0038715209223937072]}, "13": {"nrmse": [0.0038496926018237]}, "14": {"nrmse": [0.003827838256574639]}, "15": {"nrmse": [0.0038144537794087083]}, "16": {"nrmse": [0.003809905849440546]}, "17": {"nrmse": [0.0037958228700619226]}, "18": {"nrmse": [0.003782492249065748]}, "19": {"nrmse": [0.0037747296324265197]}, "20": {"nrmse": [0.0037652289445710713]}, "21": {"nrmse": [0.0037461212169403076]}, "22": {"nrmse": [0.003729252721070555]}, "23": {"nrmse": [0.0037100963491649755]}, "24": {"nrmse": [0.003696485474929532]}, "25": {"nrmse": [0.0036735487467252997]}, "26": {"nrmse": [0.0036548237140976787]}, "27": {"nrmse": [0.0036360188489979717]}, "28": {"nrmse": [0.0036197088188257304]}, "29": {"nrmse": [0.0036014400870431947]}, "30": {"nrmse": [0.003586665682281163]}, "31": {"nrmse": [0.003572616492548308]}, "32": {"nrmse": [0.003559936158225655]}, "33": {"nrmse": [0.00355058800714546]}, "34": {"nrmse": [0.003539667061324964]}, "35": {"nrmse": [0.003527167105727779]}, "36": {"nrmse": [0.0035195078280650144]}, "37": {"nrmse": [0.0035076363174815503]}, "38": {"nrmse": [0.0034977546411290917]}, "39": {"nrmse": [0.0034891204506217834]}, "40": {"nrmse": [0.0034773241989383414]}, "41": {"nrmse": [0.0034668851937091974]}, "42": {"nrmse": [0.003452460091186141]}, "43": {"nrmse": [0.0034395949950272228]}, "44": {"nrmse": [0.003425159607043975]}, "45": {"nrmse": [0.0034137164435485315]}, "46": {"nrmse": [0.003406103769931283]}, "47": {"nrmse": [0.003397722916704521]}, "48": {"nrmse": [0.003389900267144404]}, "49": {"nrmse": [0.003382438826247488]}, "50": {"nrmse": [0.003376360991495881]}, "51": {"nrmse": [0.0033708852371898616]}, "52": {"nrmse": [0.003364753758778324]}, "53": {"nrmse": [0.0033595201763823167]}, "54": {"nrmse": [0.0033536769333281443]}, "55": {"nrmse": [0.0033454831745299797]}, "56": {"nrmse": [0.00334089862735126]}, "57": {"nrmse": [0.0033373999212042657]}, "58": {"nrmse": [0.003334286104493462]}, "59": {"nrmse": [0.003332163193266556]}, "60": {"nrmse": [0.0033300203738213107]}}}