{"state_names": ["r"], "scores_per_horizon": {"1": {"nrmse": [0.00017561654676341142]}, "2": {"nrmse": [0.00021423945722858853]}, "3": {"nrmse": [0.0002505736596486889]}, "4": {"nrmse": [0.0002749467447463326]}, "5": {"nrmse": [0.0003012940108305986]}, "6": {"nrmse": [0.0003205908993418414]}, "7": {"nrmse": [0.0003406032129682346]}, "8": {"nrmse": [0.0003682060320109588]}, "9": {"nrmse": [0.0003953682089879629]}, "10": {"nrmse": [0.0004190472617822985]}, "11": {"nrmse": [0.0004407070753654073]}, "12": {"nrmse": [0.00046223053123920903]}, "13": {"nrmse": [0.0004803933909183743]}, "14": {"nrmse": [0.0004989037465410593]}, "15": {"nrmse": [0.0005165502917801819]}, "16": {"nrmse": [0.0005360340109437189]}, "17": {"nrmse": [0.0005552523250507705]}, "18": {"nrmse": [0.0005710817157600511]}, "19": {"nrmse": [0.0005867988166216851]}, "20": {"nrmse": [0.0006001646403119773]}, "21": {"nrmse": [0.0006128290702165714]}, "22": {"nrmse": [0.0006244530564767407]}, "23": {"nrmse": [0.000634718816580747]}, "24": {"nrmse": [0.0006455646040191244]}, "25": {"nrmse": [0.000655467218750528]}, "26": {"nrmse": [0.0006649894847219397]}, "27": {"nrmse": [0.000676328822613185]}, "28": {"nrmse": [0.0006888935088893712]}, "29": {"nrmse": [0.0007002911545039292]}, "30": {"nrmse": [0.0007118855808190951]}, "31": {"nrmse": [0.0007238360511886698]}, "32": {"nrmse": [0.0007359310196156906]}, "33": {"nrmse": [0.0007481998796441983]}, "34": {"nrmse": [0.0007596763764996461]}, "35": {"nrmse": [0.0007721564267293275]}, "36": {"nrmse": [0.0007847646719912791]}, "37": {"nrmse": [0.0007966555194939375]}, "38": {"nrmse": [0.0008094825483873588]}, "39": {"nrmse": [0.0008216500382634657]}, "40": {"nrmse": [0.0008332457621460272]}, "41": {"nrmse": [0.0008434113443597789]}, "42": {"nrmse": [0.0008549145848889362]}, "43": {"nrmse": [0.0008662471251157158]}, "44": {"nrmse": [0.0008779955019533725]}, "45": {"nrmse": [0.000889640352179042]}, "46": {"nrmse": [0.0009012742204772246]}, "47": {"nrmse": [0.0009119823847414589]}, "48": {"nrmse": [0.0009225982613944179]}, "49": {"nrmse": [0.0009324701266600918]}, "50": {"nrmse": [0.0009417139648637851]}, "51": {"nrmse": [0.0009510810440009256]}, "52": {"nrmse": [0.0009594924880633306]}, "53": {"nrmse": [0.0009678442382925537]}, "54": {"nrmse": [0.0009761468740876643]}, "55": {"nrmse": [0.0009846881347527292]}, "56": {"nrmse": [0.000993190528167054]}, "57": {"nrmse": [0.0010011290541742366]}, "58": {"nrmse": [0.0010091064772244907]}, "59": {"nrmse": [0.0010165894431979523]}, "60": {"nrmse": [0.0010232769058189516]}}}