{"state_names": ["r"], "scores_per_horizon": {"1": {"nrmse": [0.00014847948820421588]}, "2": {"nrmse": [0.00015736498536640116]}, "3": {"nrmse": [0.00015660906895495003]}, "4": {"nrmse": [0.00015260467465576317]}, "5": {"nrmse": [0.00014785846376709114]}, "6": {"nrmse": [0.00014807694048287834]}, "7": {"nrmse": [0.00014975022302944147]}, "8": {"nrmse": [0.00015237311513863384]}, "9": {"nrmse": [0.0001546291697759679]}, "10": {"nrmse": [0.00015569944820405826]}, "11": {"nrmse": [0.00015621583299065385]}, "12": {"nrmse": [0.00015690025171565]}, "13": {"nrmse": [0.0001575860665970026]}, "14": {"nrmse": [0.00015745224489751403]}, "15": {"nrmse": [0.0001573627325016183]}, "16": {"nrmse": [0.00015807778496080766]}, "17": {"nrmse": [0.0001579067158352595]}, "18": {"nrmse": [0.00015849498042901837]}, "19": {"nrmse": [0.00015862676785159113]}, "20": {"nrmse": [0.00015885953989360795]}, "21": {"nrmse": [0.00015930232280378585]}, "22": {"nrmse": [0.00016015020456691835]}, "23": {"nrmse": [0.00015999945148401]}, "24": {"nrmse": [0.00016007654802777837]}, "25": {"nrmse": [0.0001600893237254437]}, "26": {"nrmse": [0.00015986879535786555]}, "27": {"nrmse": [0.00016003605803212103]}, "28": {"nrmse": [0.00016020174739601336]}, "29": {"nrmse": [0.00016042596495065308]}, "30": {"nrmse": [0.00016021938279785867]}, "31": {"nrmse": [0.00016011315373702003]}, "32": {"nrmse": [0.00016033522783547987]}, "33": {"nrmse": [0.000160154946476208]}, "34": {"nrmse": [0.00016004357659240597]}, "35": {"nrmse": [0.00015995133088638966]}, "36": {"nrmse": [0.0001601958994967017]}, "37": {"nrmse": [0.0001600272774249875]}, "38": {"nrmse": [0.00015998448399460888]}, "39": {"nrmse": [0.00016033522505009992]}, "40": {"nrmse": [0.00016045370483215034]}, "41": {"nrmse": [0.0001604754343935851]}, "42": {"nrmse": [0.00016040661018055065]}, "43": {"nrmse": [0.00016020036910563938]}, "44": {"nrmse": [0.0001602643650869613]}, "45": {"nrmse": [0.00016020963848056169]}, "46": {"nrmse": [0.000159852349372713]}, "47": {"nrmse": [0.00015964612486034098]}, "48": {"nrmse": [0.00015964496263666804]}, "49": {"nrmse": [0.00015976154141191537]}, "50": {"nrmse": [0.00015960461582971693]}, "51": {"nrmse": [0.00015976512407311257]}, "52": {"nrmse": [0.00015965590904689443]}, "53": {"nrmse": [0.00015977953015744654]}, "54": {"nrmse": [0.0001597573079365435]}, "55": {"nrmse": [0.00015972169766690557]}, "56": {"nrmse": [0.0001597322860068115]}, "57": {"nrmse": [0.00015965874848619086]}, "58": {"nrmse": [0.00015946902092686538]}, "59": {"nrmse": [0.00015952441942994704]}, "60": {"nrmse": [0.000159837494037445]}}}