{"state_names": ["r"], "scores_per_horizon": {"1": {"nrmse": [0.000143886316749005]}, "2": {"nrmse": [0.00013686103508340052]}, "3": {"nrmse": [0.00012564399458075444]}, "4": {"nrmse": [0.000114628665769901]}, "5": {"nrmse": [0.00010678805792718573]}, "6": {"nrmse": [0.00010150070797416423]}, "7": {"nrmse": [9.681020540502673e-05]}, "8": {"nrmse": [9.374977650075099e-05]}, "9": {"nrmse": [9.197450059496625e-05]}, "10": {"nrmse": [9.014186094167128e-05]}, "11": {"nrmse": [8.939716016552159e-05]}, "12": {"nrmse": [8.858032506747512e-05]}, "13": {"nrmse": [8.838657293343572e-05]}, "14": {"nrmse": [8.739878577096192e-05]}, "15": {"nrmse": [8.689879252482504e-05]}, "16": {"nrmse": [8.657046017495464e-05]}, "17": {"nrmse": [8.622265352378687e-05]}, "18": {"nrmse": [8.620059909388932e-05]}, "19": {"nrmse": [8.594696247286946e-05]}, "20": {"nrmse": [8.574991549120317e-05]}, "21": {"nrmse": [8.541537370922327e-05]}, "22": {"nrmse": [8.548955611104578e-05]}, "23": {"nrmse": [8.53388444064539e-05]}, "24": {"nrmse": [8.568782902584809e-05]}, "25": {"nrmse": [8.618822046599143e-05]}, "26": {"nrmse": [8.63404697031756e-05]}, "27": {"nrmse": [8.665111216307094e-05]}, "28": {"nrmse": [8.696706419645665e-05]}, "29": {"nrmse": [8.701618097929928e-05]}, "30": {"nrmse": [8.699856264272455e-05]}, "31": {"nrmse": [8.728015343840215e-05]}, "32": {"nrmse": [8.744190991431611e-05]}, "33": {"nrmse": [8.72441130517011e-05]}, "34": {"nrmse": [8.727667170377963e-05]}, "35": {"nrmse": [8.745768983481542e-05]}, "36": {"nrmse": [8.744335798174574e-05]}, "37": {"nrmse": [8.730831915181401e-05]}, "38": {"nrmse": [8.746093479298126e-05]}, "39": {"nrmse": [8.772729564591764e-05]}, "40": {"nrmse": [8.785452271349803e-05]}, "41": {"nrmse": [8.79045624635665e-05]}, "42": {"nrmse": [8.800059222113575e-05]}, "43": {"nrmse": [8.808357125467414e-05]}, "44": {"nrmse": [8.805621093684892e-05]}, "45": {"nrmse": [8.811768848039437e-05]}, "46": {"nrmse": [8.822239458139143e-05]}, "47": {"nrmse": [8.81415916105111e-05]}, "48": {"nrmse": [8.809547711043791e-05]}, "49": {"nrmse": [8.79546498360129e-05]}, "50": {"nrmse": [8.789926486952504e-05]}, "51": {"nrmse": [8.793521070069424e-05]}, "52": {"nrmse": [8.788703823582409e-05]}, "53": {"nrmse": [8.803923490502265e-05]}, "54": {"nrmse": [8.799514996616973e-05]}, "55": {"nrmse": [8.818789683058336e-05]}, "56": {"nrmse": [8.825434449694558e-05]}, "57": {"nrmse": [8.817049778889594e-05]}, "58": {"nrmse": [8.813013679899551e-05]}, "59": {"nrmse": [8.816878932333064e-05]}, "60": {"nrmse": [8.811254561790182e-05]}}}