{"state_names": ["r"], "scores_per_horizon": {"1": {"nrmse": [0.00019167593270522827]}, "2": {"nrmse": [0.00017107415995563813]}, "3": {"nrmse": [0.00015286150975256672]}, "4": {"nrmse": [0.00014079181526480014]}, "5": {"nrmse": [0.00013269722594635771]}, "6": {"nrmse": [0.0001278184043582392]}, "7": {"nrmse": [0.00012357596221606798]}, "8": {"nrmse": [0.0001209028393438907]}, "9": {"nrmse": [0.00011916209018848007]}, "10": {"nrmse": [0.00011732178580687343]}, "11": {"nrmse": [0.00011641620136261027]}, "12": {"nrmse": [0.00011522490522912231]}, "13": {"nrmse": [0.00011473210396733394]}, "14": {"nrmse": [0.0001134802481455446]}, "15": {"nrmse": [0.00011273388453971499]}, "16": {"nrmse": [0.00011188536435099812]}, "17": {"nrmse": [0.00011105090995057522]}, "18": {"nrmse": [0.00011032983597545923]}, "19": {"nrmse": [0.0001096782133194935]}, "20": {"nrmse": [0.00010896061467799778]}, "21": {"nrmse": [0.0001082321074130196]}, "22": {"nrmse": [0.00010763937485048909]}, "23": {"nrmse": [0.00010711769839372065]}, "24": {"nrmse": [0.0001070712187697187]}, "25": {"nrmse": [0.00010715663372031863]}, "26": {"nrmse": [0.00010694301534249837]}, "27": {"nrmse": [0.00010685780901687035]}, "28": {"nrmse": [0.00010673915094864835]}, "29": {"nrmse": [0.0001063550391176798]}, "30": {"nrmse": [0.00010601380779353206]}, "31": {"nrmse": [0.00010598887016469013]}, "32": {"nrmse": [0.00010577283121878405]}, "33": {"nrmse": [0.00010538560889583551]}, "34": {"nrmse": [0.0001052750228469356]}, "35": {"nrmse": [0.00010531884949914594]}, "36": {"nrmse": [0.00010502499263777278]}, "37": {"nrmse": [0.00010468845081311012]}, "38": {"nrmse": [0.00010470184357951069]}, "39": {"nrmse": [0.00010468800684254995]}, "40": {"nrmse": [0.00010464248998474271]}, "41": {"nrmse": [0.00010454536668168965]}, "42": {"nrmse": [0.00010451852691746698]}, "43": {"nrmse": [0.00010452191419758172]}, "44": {"nrmse": [0.00010430973508066838]}, "45": {"nrmse": [0.00010418654813457046]}, "46": {"nrmse": [0.00010424801212981712]}, "47": {"nrmse": [0.00010421760032279647]}, "48": {"nrmse": [0.00010404858992384849]}, "49": {"nrmse": [0.00010374975784432455]}, "50": {"nrmse": [0.00010367482658228235]}, "51": {"nrmse": [0.00010355111288566956]}, "52": {"nrmse": [0.00010347692554210087]}, "53": {"nrmse": [0.00010346828145061355]}, "54": {"nrmse": [0.00010339715464930821]}, "55": {"nrmse": [0.00010348671061941522]}, "56": {"nrmse": [0.00010344571033679803]}, "57": {"nrmse": [0.00010330284475287032]}, "58": {"nrmse": [0.0001032335585161293]}, "59": {"nrmse": [0.00010319460016121562]}, "60": {"nrmse": [0.00010298747731635729]}}}