{"state_names": ["r"], "scores_per_horizon": {"1": {"nrmse": [0.004416821126879606]}, "2": {"nrmse": [0.005607594552585852]}, "3": {"nrmse": [0.006022854709015854]}, "4": {"nrmse": [0.006123500736073883]}, "5": {"nrmse": [0.006172035210551421]}, "6": {"nrmse": [0.006222644219463212]}, "7": {"nrmse": [0.006282812099591809]}, "8": {"nrmse": [0.006340738968004306]}, "9": {"nrmse": [0.0064007973622852935]}, "10": {"nrmse": [0.00647408821070373]}, "11": {"nrmse": [0.0065509153522318566]}, "12": {"nrmse": [0.0066225749205191895]}, "13": {"nrmse": [0.0066797092280354905]}, "14": {"nrmse": [0.006726005454337226]}, "15": {"nrmse": [0.006790101864175835]}, "16": {"nrmse": [0.0068604143606391735]}, "17": {"nrmse": [0.006920302212231004]}, "18": {"nrmse": [0.00698101092083396]}, "19": {"nrmse": [0.007043432662643511]}, "20": {"nrmse": [0.0071001749220483005]}, "21": {"nrmse": [0.007145732557644958]}, "22": {"nrmse": [0.007188694882239792]}, "23": {"nrmse": [0.00722027649402838]}, "24": {"nrmse": [0.0072516479286531136]}, "25": {"nrmse": [0.0072711644667477204]}, "26": {"nrmse": [0.007298226755753743]}, "27": {"nrmse": [0.007326081936768203]}, "28": {"nrmse": [0.00735418807864809]}, "29": {"nrmse": [0.0073723792495577825]}, "30": {"nrmse": [0.007397188609495379]}, "31": {"nrmse": [0.0074220144765448845]}, "32": {"nrmse": [0.007444253385743842]}, "33": {"nrmse": [0.007464936870890766]}, "34": {"nrmse": [0.007484242642197046]}, "35": {"nrmse": [0.007501995413898476]}, "36": {"nrmse": [0.0075222007458700954]}, "37": {"nrmse": [0.0075309095466512994]}, "38": {"nrmse": [0.007544293777673375]}, "39": {"nrmse": [0.007556172590707074]}, "40": {"nrmse": [0.0075591118600249144]}, "41": {"nrmse": [0.0075631749909569656]}, "42": {"nrmse": [0.007563609092165171]}, "43": {"nrmse": [0.007564735448836161]}, "44": {"nrmse": [0.007563212442618039]}, "45": {"nrmse": [0.007563729001553762]}, "46": {"nrmse": [0.007562629533906263]}, "47": {"nrmse": [0.007556540045152173]}, "48": {"nrmse": [0.007548129073105418]}, "49": {"nrmse": [0.007540866630506838]}, "50": {"nrmse": [0.007538173778849975]}, "51": {"nrmse": [0.0075325694589806]}, "52": {"nrmse": [0.007526123812885718]}, "53": {"nrmse": [0.007520588917350617]}, "54": {"nrmse": [0.0075102764114181935]}, "55": {"nrmse": [0.007499768053432404]}, "56": {"nrmse": [0.007490606671296661]}, "57": {"nrmse": [0.007485519985160201]}, "58": {"nrmse": [0.00747951506657239]}, "59": {"nrmse": [0.007472104970730552]}, "60": {"nrmse": [0.007462505613092554]}}}