{"state_names": ["r"], "scores_per_horizon": {"1": {"nrmse": [0.00014809670382846593]}, "2": {"nrmse": [0.00013522344333151865]}, "3": {"nrmse": [0.00012236123509427613]}, "4": {"nrmse": [0.00011104218589737196]}, "5": {"nrmse": [0.00010227728880299492]}, "6": {"nrmse": [9.682914155320373e-05]}, "7": {"nrmse": [9.163334184419756e-05]}, "8": {"nrmse": [8.828711679727867e-05]}, "9": {"nrmse": [8.642474197525124e-05]}, "10": {"nrmse": [8.409277726156011e-05]}, "11": {"nrmse": [8.248328643412261e-05]}, "12": {"nrmse": [8.134054991262954e-05]}, "13": {"nrmse": [8.103391042916048e-05]}, "14": {"nrmse": [7.991965919860083e-05]}, "15": {"nrmse": [7.9115314158875e-05]}, "16": {"nrmse": [7.867802093931745e-05]}, "17": {"nrmse": [7.775885052761815e-05]}, "18": {"nrmse": [7.745638077515003e-05]}, "19": {"nrmse": [7.714324303974088e-05]}, "20": {"nrmse": [7.677826760441418e-05]}, "21": {"nrmse": [7.633572920056817e-05]}, "22": {"nrmse": [7.614036572962555e-05]}, "23": {"nrmse": [7.565481803434654e-05]}, "24": {"nrmse": [7.556946216738262e-05]}, "25": {"nrmse": [7.56183800077857e-05]}, "26": {"nrmse": [7.547295462194643e-05]}, "27": {"nrmse": [7.562748420765169e-05]}, "28": {"nrmse": [7.56274707762013e-05]}, "29": {"nrmse": [7.542466807683084e-05]}, "30": {"nrmse": [7.508151292534748e-05]}, "31": {"nrmse": [7.504942741799543e-05]}, "32": {"nrmse": [7.503045466886978e-05]}, "33": {"nrmse": [7.476543608946462e-05]}, "34": {"nrmse": [7.462581129225992e-05]}, "35": {"nrmse": [7.463939459762985e-05]}, "36": {"nrmse": [7.451635767470634e-05]}, "37": {"nrmse": [7.419863725916428e-05]}, "38": {"nrmse": [7.412869683494773e-05]}, "39": {"nrmse": [7.42811368150544e-05]}, "40": {"nrmse": [7.435415455379408e-05]}, "41": {"nrmse": [7.431356887047542e-05]}, "42": {"nrmse": [7.423600366948203e-05]}, "43": {"nrmse": [7.41673007192328e-05]}, "44": {"nrmse": [7.407209179263438e-05]}, "45": {"nrmse": [7.404966967952148e-05]}, "46": {"nrmse": [7.395976655686424e-05]}, "47": {"nrmse": [7.38798024992536e-05]}, "48": {"nrmse": [7.380852553889084e-05]}, "49": {"nrmse": [7.365508902496042e-05]}, "50": {"nrmse": [7.358266709132077e-05]}, "51": {"nrmse": [7.36012948857821e-05]}, "52": {"nrmse": [7.353270243780978e-05]}, "53": {"nrmse": [7.36805654331709e-05]}, "54": {"nrmse": [7.36366118874893e-05]}, "55": {"nrmse": [7.37534796503886e-05]}, "56": {"nrmse": [7.374819305281076e-05]}, "57": {"nrmse": [7.364690266711452e-05]}, "58": {"nrmse": [7.353624041163787e-05]}, "59": {"nrmse": [7.35335404305573e-05]}, "60": {"nrmse": [7.354270254162979e-05]}}}