{"state_names": ["r"], "scores_per_horizon": {"1": {"nrmse": [0.0050946482287092185]}, "2": {"nrmse": [0.0051525443418697445]}, "3": {"nrmse": [0.0052322787215970746]}, "4": {"nrmse": [0.005340683646019063]}, "5": {"nrmse": [0.005430880880126341]}, "6": {"nrmse": [0.005471853019451999]}, "7": {"nrmse": [0.005472516768671102]}, "8": {"nrmse": [0.005442706768252292]}, "9": {"nrmse": [0.005396057072858648]}, "10": {"nrmse": [0.005353364916141361]}, "11": {"nrmse": [0.005313360626739316]}, "12": {"nrmse": [0.005269877287702406]}, "13": {"nrmse": [0.005216504832686324]}, "14": {"nrmse": [0.00516075217446718]}, "15": {"nrmse": [0.005122100268732284]}, "16": {"nrmse": [0.005093855142406599]}, "17": {"nrmse": [0.0050600393496616465]}, "18": {"nrmse": [0.005030216454101529]}, "19": {"nrmse": [0.005006819206588021]}, "20": {"nrmse": [0.004983160051134413]}, "21": {"nrmse": [0.0049526821963763725]}, "22": {"nrmse": [0.0049246620364279325]}, "23": {"nrmse": [0.004892968742576715]}, "24": {"nrmse": [0.004866420578773136]}, "25": {"nrmse": [0.004832119638688771]}, "26": {"nrmse": [0.004805529182161731]}, "27": {"nrmse": [0.004781131167765334]}, "28": {"nrmse": [0.004759717034653138]}, "29": {"nrmse": [0.004734284858989263]}, "30": {"nrmse": [0.00471495761483174]}, "31": {"nrmse": [0.004696973963139561]}, "32": {"nrmse": [0.00467960762720229]}, "33": {"nrmse": [0.004664325597823272]}, "34": {"nrmse": [0.004648375867443057]}, "35": {"nrmse": [0.004631731708394322]}, "36": {"nrmse": [0.004619623165533697]}, "37": {"nrmse": [0.004601063102187704]}, "38": {"nrmse": [0.0045865588927743945]}, "39": {"nrmse": [0.004572920341715235]}, "40": {"nrmse": [0.004554384090279105]}, "41": {"nrmse": [0.004537923006131087]}, "42": {"nrmse": [0.0045182978132916034]}, "43": {"nrmse": [0.004500493574422423]}, "44": {"nrmse": [0.004481197240813098]}, "45": {"nrmse": [0.004465122779969087]}, "46": {"nrmse": [0.004451016980329816]}, "47": {"nrmse": [0.00443474206236219]}, "48": {"nrmse": [0.004418276011505344]}, "49": {"nrmse": [0.0044029082201571465]}, "50": {"nrmse": [0.0043907765329873946]}, "51": {"nrmse": [0.004377995928158988]}, "52": {"nrmse": [0.0043647695275767515]}, "53": {"nrmse": [0.00435281813380824]}, "54": {"nrmse": [0.004338799524685972]}, "55": {"nrmse": [0.004323585839694356]}, "56": {"nrmse": [0.004311660358570514]}, "57": {"nrmse": [0.004302509291004533]}, "58": {"nrmse": [0.004293319918758921]}, "59": {"nrmse": [0.004284323609137169]}, "60": {"nrmse": [0.004274600236961537]}}}