{"state_names": ["r"], "scores_per_horizon": {"1": {"nrmse": [0.00023644112355492795]}, "2": {"nrmse": [0.00023392973533545332]}, "3": {"nrmse": [0.00022178201677561674]}, "4": {"nrmse": [0.00020793798381642543]}, "5": {"nrmse": [0.00019343072397654798]}, "6": {"nrmse": [0.00018295546967605163]}, "7": {"nrmse": [0.0001741083641432939]}, "8": {"nrmse": [0.00016803700769506036]}, "9": {"nrmse": [0.00016391297125548825]}, "10": {"nrmse": [0.00015862858797458437]}, "11": {"nrmse": [0.00015472571732937695]}, "12": {"nrmse": [0.0001512488493751616]}, "13": {"nrmse": [0.00014928608018513777]}, "14": {"nrmse": [0.00014642811862744092]}, "15": {"nrmse": [0.0001441541574495278]}, "16": {"nrmse": [0.00014259192531544172]}, "17": {"nrmse": [0.0001406970951673587]}, "18": {"nrmse": [0.00013950250870027844]}, "19": {"nrmse": [0.00013850289425746515]}, "20": {"nrmse": [0.00013758659899414173]}, "21": {"nrmse": [0.0001367838409960375]}, "22": {"nrmse": [0.00013667234662572336]}, "23": {"nrmse": [0.00013610516511442143]}, "24": {"nrmse": [0.00013570663997798928]}, "25": {"nrmse": [0.00013574548418202227]}, "26": {"nrmse": [0.00013531641319510418]}, "27": {"nrmse": [0.00013556969161367094]}, "28": {"nrmse": [0.00013583600620915766]}, "29": {"nrmse": [0.00013597707681790386]}, "30": {"nrmse": [0.00013572650369377912]}, "31": {"nrmse": [0.00013585181569954576]}, "32": {"nrmse": [0.00013615953857010326]}, "33": {"nrmse": [0.00013573159380257882]}, "34": {"nrmse": [0.00013566186305561992]}, "35": {"nrmse": [0.00013594370808749488]}, "36": {"nrmse": [0.0001361405365262065]}, "37": {"nrmse": [0.00013591370482849056]}, "38": {"nrmse": [0.00013612118343681184]}, "39": {"nrmse": [0.00013659891520902476]}, "40": {"nrmse": [0.00013688040019699425]}, "41": {"nrmse": [0.00013702101917249072]}, "42": {"nrmse": [0.0001371586975009676]}, "43": {"nrmse": [0.00013706701900384618]}, "44": {"nrmse": [0.000137333056992474]}, "45": {"nrmse": [0.0001375363136390249]}, "46": {"nrmse": [0.00013748681682755376]}, "47": {"nrmse": [0.00013724476086152644]}, "48": {"nrmse": [0.00013739087183023383]}, "49": {"nrmse": [0.00013753637802453686]}, "50": {"nrmse": [0.0001375325950971818]}, "51": {"nrmse": [0.00013782078983210928]}, "52": {"nrmse": [0.00013786402145953556]}, "53": {"nrmse": [0.00013803359987344033]}, "54": {"nrmse": [0.00013810102116164038]}, "55": {"nrmse": [0.00013833525403304136]}, "56": {"nrmse": [0.00013844846414140389]}, "57": {"nrmse": [0.00013839536803297422]}, "58": {"nrmse": [0.00013816706503179136]}, "59": {"nrmse": [0.00013821619991459964]}, "60": {"nrmse": [0.00013841407181562694]}}}