{"state_names": ["r"], "scores_per_horizon": {"1": {"nrmse": [0.00022876493096804623]}, "2": {"nrmse": [0.0002255393475811707]}, "3": {"nrmse": [0.00022089094022621826]}, "4": {"nrmse": [0.0002141476588416991]}, "5": {"nrmse": [0.00020763953249466554]}, "6": {"nrmse": [0.0002019658208857717]}, "7": {"nrmse": [0.0001953268039180277]}, "8": {"nrmse": [0.00019138308418639426]}, "9": {"nrmse": [0.00018991279384328606]}, "10": {"nrmse": [0.00018531010270066966]}, "11": {"nrmse": [0.00018173364531158501]}, "12": {"nrmse": [0.0001785369633986538]}, "13": {"nrmse": [0.0001774170319523619]}, "14": {"nrmse": [0.00017444482094740267]}, "15": {"nrmse": [0.00017226936188940542]}, "16": {"nrmse": [0.00017162373044533714]}, "17": {"nrmse": [0.0001688572484871213]}, "18": {"nrmse": [0.00016726725782590954]}, "19": {"nrmse": [0.00016585979755964577]}, "20": {"nrmse": [0.00016465934563601002]}, "21": {"nrmse": [0.00016415774293895703]}, "22": {"nrmse": [0.0001636858627906417]}, "23": {"nrmse": [0.00016243847445011357]}, "24": {"nrmse": [0.00016184589582477098]}, "25": {"nrmse": [0.00016180159721716493]}, "26": {"nrmse": [0.0001604559870794648]}, "27": {"nrmse": [0.00016056718852313457]}, "28": {"nrmse": [0.00016083326464974654]}, "29": {"nrmse": [0.00016042818623930716]}, "30": {"nrmse": [0.00015956783923453172]}, "31": {"nrmse": [0.0001592039340757555]}, "32": {"nrmse": [0.00015954216834871126]}, "33": {"nrmse": [0.0001592014218654574]}, "34": {"nrmse": [0.00015875239779020116]}, "35": {"nrmse": [0.00015900762443970032]}, "36": {"nrmse": [0.00015919530621970093]}, "37": {"nrmse": [0.00015843490725522068]}, "38": {"nrmse": [0.00015843328629303735]}, "39": {"nrmse": [0.00015910124204542313]}, "40": {"nrmse": [0.00015898641115738265]}, "41": {"nrmse": [0.00015887874634806334]}, "42": {"nrmse": [0.00015874406721359317]}, "43": {"nrmse": [0.00015863447027655628]}, "44": {"nrmse": [0.0001584792851774224]}, "45": {"nrmse": [0.00015843126802263452]}, "46": {"nrmse": [0.00015845956627100758]}, "47": {"nrmse": [0.00015811591280414636]}, "48": {"nrmse": [0.00015801369731659876]}, "49": {"nrmse": [0.0001578277457116558]}, "50": {"nrmse": [0.0001576818454901914]}, "51": {"nrmse": [0.0001578351784904966]}, "52": {"nrmse": [0.00015776202522655377]}, "53": {"nrmse": [0.0001579387479696217]}, "54": {"nrmse": [0.00015775188690819714]}, "55": {"nrmse": [0.00015795393922422548]}, "56": {"nrmse": [0.00015816965360682656]}, "57": {"nrmse": [0.00015796435602339045]}, "58": {"nrmse": [0.00015765437609527192]}, "59": {"nrmse": [0.00015764616239238106]}, "60": {"nrmse": [0.00015799424489046428]}}}