{"state_names": ["r"], "scores_per_horizon": {"1": {"nrmse": [0.00024361031804035166]}, "2": {"nrmse": [0.00022895075220931687]}, "3": {"nrmse": [0.00021983263007276668]}, "4": {"nrmse": [0.00021494128932104804]}, "5": {"nrmse": [0.0002088101864103071]}, "6": {"nrmse": [0.0002064994412820767]}, "7": {"nrmse": [0.00020404145569509157]}, "8": {"nrmse": [0.00020211430373835484]}, "9": {"nrmse": [0.00020170188470299366]}, "10": {"nrmse": [0.00019727777568251108]}, "11": {"nrmse": [0.0001938344627277855]}, "12": {"nrmse": [0.00019054398630676054]}, "13": {"nrmse": [0.00018872868390828684]}, "14": {"nrmse": [0.00018541939097238935]}, "15": {"nrmse": [0.0001825832087046862]}, "16": {"nrmse": [0.00018032621709685186]}, "17": {"nrmse": [0.00017701087077086637]}, "18": {"nrmse": [0.0001740575425731491]}, "19": {"nrmse": [0.0001716845485431852]}, "20": {"nrmse": [0.00016950572636865243]}, "21": {"nrmse": [0.0001676867978182428]}, "22": {"nrmse": [0.0001656064242928011]}, "23": {"nrmse": [0.00016362271853394996]}, "24": {"nrmse": [0.0001620758120231295]}, "25": {"nrmse": [0.0001609628416168288]}, "26": {"nrmse": [0.00015935350252566164]}, "27": {"nrmse": [0.00015843583521864938]}, "28": {"nrmse": [0.00015747060117294513]}, "29": {"nrmse": [0.00015617105288686067]}, "30": {"nrmse": [0.00015480438180416855]}, "31": {"nrmse": [0.0001538738308651498]}, "32": {"nrmse": [0.00015311831737989135]}, "33": {"nrmse": [0.00015203240394758553]}, "34": {"nrmse": [0.00015115093017445625]}, "35": {"nrmse": [0.00015077817232215393]}, "36": {"nrmse": [0.00014990366655475297]}, "37": {"nrmse": [0.00014871653089417713]}, "38": {"nrmse": [0.00014824509562303794]}, "39": {"nrmse": [0.00014780857130005778]}, "40": {"nrmse": [0.0001471970039349798]}, "41": {"nrmse": [0.00014655153208731223]}, "42": {"nrmse": [0.00014605794605737757]}, "43": {"nrmse": [0.00014586701093771204]}, "44": {"nrmse": [0.0001454453551907945]}, "45": {"nrmse": [0.00014487786470681469]}, "46": {"nrmse": [0.00014445564081628508]}, "47": {"nrmse": [0.00014402369301623333]}, "48": {"nrmse": [0.0001436330701409653]}, "49": {"nrmse": [0.00014311005305057931]}, "50": {"nrmse": [0.0001427939791370956]}, "51": {"nrmse": [0.00014252069837619537]}, "52": {"nrmse": [0.0001422516177259067]}, "53": {"nrmse": [0.00014199462050130013]}, "54": {"nrmse": [0.00014157063108079747]}, "55": {"nrmse": [0.00014127075270314323]}, "56": {"nrmse": [0.00014100888962044074]}, "57": {"nrmse": [0.0001406229883840812]}, "58": {"nrmse": [0.00014035542453951313]}, "59": {"nrmse": [0.00014000635005259352]}, "60": {"nrmse": [0.00013984433395717832]}}}