{"state_names": ["r"], "scores_per_horizon": {"1": {"nrmse": [0.0003632978121014618]}, "2": {"nrmse": [0.000360935035810208]}, "3": {"nrmse": [0.00033962553881325413]}, "4": {"nrmse": [0.00031043145362346497]}, "5": {"nrmse": [0.0002907915774881462]}, "6": {"nrmse": [0.00027805412700395647]}, "7": {"nrmse": [0.00026810278677144947]}, "8": {"nrmse": [0.00026426054852683045]}, "9": {"nrmse": [0.00026254316705093993]}, "10": {"nrmse": [0.00025994401027619804]}, "11": {"nrmse": [0.00025885391481756005]}, "12": {"nrmse": [0.00025784649926992553]}, "13": {"nrmse": [0.0002585686563314118]}, "14": {"nrmse": [0.0002578518666699891]}, "15": {"nrmse": [0.0002577987701141373]}, "16": {"nrmse": [0.00025940574193045017]}, "17": {"nrmse": [0.00025964940865064775]}, "18": {"nrmse": [0.00026038950849754976]}, "19": {"nrmse": [0.00026080533534503486]}, "20": {"nrmse": [0.00026102376328243865]}, "21": {"nrmse": [0.0002618089848932537]}, "22": {"nrmse": [0.00026330024835786515]}, "23": {"nrmse": [0.00026314488735702937]}, "24": {"nrmse": [0.0002643013227462491]}, "25": {"nrmse": [0.0002660224901090272]}, "26": {"nrmse": [0.0002660883545868183]}, "27": {"nrmse": [0.00026818037435619857]}, "28": {"nrmse": [0.00026976515197281594]}, "29": {"nrmse": [0.0002710566838579661]}, "30": {"nrmse": [0.0002713919788469992]}, "31": {"nrmse": [0.0002717729097822663]}, "32": {"nrmse": [0.0002729933698292646]}, "33": {"nrmse": [0.0002734526112840952]}, "34": {"nrmse": [0.00027375679677391285]}, "35": {"nrmse": [0.0002749286520173323]}, "36": {"nrmse": [0.0002763423699467393]}, "37": {"nrmse": [0.00027657311341435664]}, "38": {"nrmse": [0.00027735224994634766]}, "39": {"nrmse": [0.00027872892652442083]}, "40": {"nrmse": [0.00027939923009089957]}, "41": {"nrmse": [0.00028024250927035147]}, "42": {"nrmse": [0.00028079952349689664]}, "43": {"nrmse": [0.00028117389294974427]}, "44": {"nrmse": [0.00028131867797349247]}, "45": {"nrmse": [0.00028191882429793837]}, "46": {"nrmse": [0.00028259639279392947]}, "47": {"nrmse": [0.000282597679791908]}, "48": {"nrmse": [0.00028302450951818767]}, "49": {"nrmse": [0.00028365938302591694]}, "50": {"nrmse": [0.00028399953959277785]}, "51": {"nrmse": [0.00028451556823950346]}, "52": {"nrmse": [0.00028475317247213814]}, "53": {"nrmse": [0.0002852538830408775]}, "54": {"nrmse": [0.00028540553650651995]}, "55": {"nrmse": [0.00028606674228343597]}, "56": {"nrmse": [0.0002868618676850869]}, "57": {"nrmse": [0.0002869793922851707]}, "58": {"nrmse": [0.0002869068936154764]}, "59": {"nrmse": [0.0002872183079834562]}, "60": {"nrmse": [0.0002877212839829292]}}}