{"state_names": ["r"], "scores_per_horizon": {"1": {"nrmse": [0.005152788734339367]}, "2": {"nrmse": [0.0051500020851042265]}, "3": {"nrmse": [0.005153507604939267]}, "4": {"nrmse": [0.005148011476793247]}, "5": {"nrmse": [0.005151127089559574]}, "6": {"nrmse": [0.0051467390868085135]}, "7": {"nrmse": [0.005147170936963661]}, "8": {"nrmse": [0.005148581989532309]}, "9": {"nrmse": [0.0051473710563811085]}, "10": {"nrmse": [0.00514783479518778]}, "11": {"nrmse": [0.005150671536579538]}, "12": {"nrmse": [0.0051549757605724505]}, "13": {"nrmse": [0.005159694872377589]}, "14": {"nrmse": [0.0051620294198985615]}, "15": {"nrmse": [0.005163498286914495]}, "16": {"nrmse": [0.005164078216919766]}, "17": {"nrmse": [0.00516664805507434]}, "18": {"nrmse": [0.005169757862323759]}, "19": {"nrmse": [0.005170889785346684]}, "20": {"nrmse": [0.005170382251828]}, "21": {"nrmse": [0.005168847362735778]}, "22": {"nrmse": [0.005169548170943447]}, "23": {"nrmse": [0.005169585336338547]}, "24": {"nrmse": [0.005169850829644011]}, "25": {"nrmse": [0.005170906654415659]}, "26": {"nrmse": [0.005171894659614693]}, "27": {"nrmse": [0.0051743959302418974]}, "28": {"nrmse": [0.005178392963765358]}, "29": {"nrmse": [0.00518340064065256]}, "30": {"nrmse": [0.005188228021240212]}, "31": {"nrmse": [0.005193553077512459]}, "32": {"nrmse": [0.005198418152032922]}, "33": {"nrmse": [0.005202029723166672]}, "34": {"nrmse": [0.005205387401512019]}, "35": {"nrmse": [0.005209375549192496]}, "36": {"nrmse": [0.0052137160318541246]}, "37": {"nrmse": [0.0052176237578285545]}, "38": {"nrmse": [0.005221778748426261]}, "39": {"nrmse": [0.0052253598443678445]}, "40": {"nrmse": [0.005228816027259491]}, "41": {"nrmse": [0.00523170242795464]}, "42": {"nrmse": [0.005234714057019084]}, "43": {"nrmse": [0.005237310080226738]}, "44": {"nrmse": [0.005240637880769976]}, "45": {"nrmse": [0.005244305622594445]}, "46": {"nrmse": [0.005247959654122249]}, "47": {"nrmse": [0.0052503080300694525]}, "48": {"nrmse": [0.005252789508344454]}, "49": {"nrmse": [0.0052552062082097725]}, "50": {"nrmse": [0.00525691733024975]}, "51": {"nrmse": [0.005258869316775376]}, "52": {"nrmse": [0.0052603718178024965]}, "53": {"nrmse": [0.005261560835837877]}, "54": {"nrmse": [0.005262779715324386]}, "55": {"nrmse": [0.005264304102497401]}, "56": {"nrmse": [0.005266097119462187]}, "57": {"nrmse": [0.005267012410192035]}, "58": {"nrmse": [0.005267155834235394]}, "59": {"nrmse": [0.005267391785321044]}, "60": {"nrmse": [0.0052670494283367985]}}}