{"state_names": ["r"], "scores_per_horizon": {"1": {"nrmse": [0.01520716183624293]}, "2": {"nrmse": [0.015444729349444413]}, "3": {"nrmse": [0.015286077783183886]}, "4": {"nrmse": [0.015226392229806074]}, "5": {"nrmse": [0.015186309468500891]}, "6": {"nrmse": [0.015150104242890827]}, "7": {"nrmse": [0.01509888721816955]}, "8": {"nrmse": [0.01502767674897437]}, "9": {"nrmse": [0.014971260941214412]}, "10": {"nrmse": [0.01494549222363371]}, "11": {"nrmse": [0.014928761366008443]}, "12": {"nrmse": [0.014912373668297577]}, "13": {"nrmse": [0.014885925659134163]}, "14": {"nrmse": [0.014839357123454388]}, "15": {"nrmse": [0.014827484105704784]}, "16": {"nrmse": [0.014826937555173223]}, "17": {"nrmse": [0.014820891409971178]}, "18": {"nrmse": [0.014819219499502876]}, "19": {"nrmse": [0.01482222011197186]}, "20": {"nrmse": [0.014821612323351737]}, "21": {"nrmse": [0.014806883114152222]}, "22": {"nrmse": [0.014787778844202817]}, "23": {"nrmse": [0.014752169595086378]}, "24": {"nrmse": [0.014715058995688323]}, "25": {"nrmse": [0.014665451019434691]}, "26": {"nrmse": [0.014626281324581467]}, "27": {"nrmse": [0.014594031224601036]}, "28": {"nrmse": [0.014562194133813246]}, "29": {"nrmse": [0.014519223884076246]}, "30": {"nrmse": [0.014487620171694342]}, "31": {"nrmse": [0.014458805611387569]}, "32": {"nrmse": [0.014428795261629]}, "33": {"nrmse": [0.014400156837665266]}, "34": {"nrmse": [0.014372694252789453]}, "35": {"nrmse": [0.014346665796261173]}, "36": {"nrmse": [0.014324709490167193]}, "37": {"nrmse": [0.01428902722397877]}, "38": {"nrmse": [0.014260250793461375]}, "39": {"nrmse": [0.014232182118438803]}, "40": {"nrmse": [0.014193662857552488]}, "41": {"nrmse": [0.014234399365004927]}, "42": {"nrmse": [0.014266011731128373]}, "43": {"nrmse": [0.014295342345000265]}, "44": {"nrmse": [0.014317563608808925]}, "45": {"nrmse": [0.014340891382077836]}, "46": {"nrmse": [0.014360765954290993]}, "47": {"nrmse": [0.014371810854917238]}, "48": {"nrmse": [0.01437768658635248]}, "49": {"nrmse": [0.014384895528803024]}, "50": {"nrmse": [0.014399416170432831]}, "51": {"nrmse": [0.014409024731968648]}, "52": {"nrmse": [0.0144168320977156]}, "53": {"nrmse": [0.014425608833176683]}, "54": {"nrmse": [0.014425917401581285]}, "55": {"nrmse": [0.014424710362183268]}, "56": {"nrmse": [0.014424541685934489]}, "57": {"nrmse": [0.014431493921076052]}, "58": {"nrmse": [0.014436958284576718]}, "59": {"nrmse": [0.014440029851937463]}, "60": {"nrmse": [0.014439334205926017]}}}