{"state_names": ["r"], "scores_per_horizon": {"1": {"nrmse": [0.0051708329914763014]}, "2": {"nrmse": [0.0051878738355018135]}, "3": {"nrmse": [0.005183971749245063]}, "4": {"nrmse": [0.005175485832362795]}, "5": {"nrmse": [0.005174927584615062]}, "6": {"nrmse": [0.005168126293357603]}, "7": {"nrmse": [0.005166186407869393]}, "8": {"nrmse": [0.005165944181827221]}, "9": {"nrmse": [0.005163317892759757]}, "10": {"nrmse": [0.005162533356537693]}, "11": {"nrmse": [0.0051644855554984935]}, "12": {"nrmse": [0.005167963206248852]}, "13": {"nrmse": [0.005172243291725774]}, "14": {"nrmse": [0.005174084693273806]}, "15": {"nrmse": [0.005175018595848615]}, "16": {"nrmse": [0.0051752016006897696]}, "17": {"nrmse": [0.0051774980158578255]}, "18": {"nrmse": [0.005180252288741715]}, "19": {"nrmse": [0.005180999366805571]}, "20": {"nrmse": [0.0051803334543340405]}, "21": {"nrmse": [0.00517858680053452]}, "22": {"nrmse": [0.005179008625778263]}, "23": {"nrmse": [0.005178803632161043]}, "24": {"nrmse": [0.005178943929019285]}, "25": {"nrmse": [0.005179685959567905]}, "26": {"nrmse": [0.005180391419540524]}, "27": {"nrmse": [0.00518249457462409]}, "28": {"nrmse": [0.005186171569199679]}, "29": {"nrmse": [0.005190798820913312]}, "30": {"nrmse": [0.005195130662185468]}, "31": {"nrmse": [0.005200085421843557]}, "32": {"nrmse": [0.00520463440812728]}, "33": {"nrmse": [0.0052079542991587836]}, "34": {"nrmse": [0.005210975405532115]}, "35": {"nrmse": [0.005214699049775925]}, "36": {"nrmse": [0.0052188129021914905]}, "37": {"nrmse": [0.005222539989692353]}, "38": {"nrmse": [0.005226586231569927]}, "39": {"nrmse": [0.005230143430379169]}, "40": {"nrmse": [0.005233520867230386]}, "41": {"nrmse": [0.005297779712971182]}, "42": {"nrmse": [0.005358490999517117]}, "43": {"nrmse": [0.005415888509691807]}, "44": {"nrmse": [0.0054715718307671605]}, "45": {"nrmse": [0.005524566073949136]}, "46": {"nrmse": [0.005574789274700922]}, "47": {"nrmse": [0.0056209505124427675]}, "48": {"nrmse": [0.005665211309367099]}, "49": {"nrmse": [0.005707756842785425]}, "50": {"nrmse": [0.005747411706311902]}, "51": {"nrmse": [0.005785853879574592]}, "52": {"nrmse": [0.005822235610346731]}, "53": {"nrmse": [0.005856869577016994]}, "54": {"nrmse": [0.0058902258205379325]}, "55": {"nrmse": [0.005922609934825004]}, "56": {"nrmse": [0.0059538070317094365]}, "57": {"nrmse": [0.00598303903852926]}, "58": {"nrmse": [0.006010156994012236]}, "59": {"nrmse": [0.006036350390145688]}, "60": {"nrmse": [0.006061113483386465]}}}