{"state_names": ["r"], "scores_per_horizon": {"1": {"nrmse": [0.005936180318158308]}, "2": {"nrmse": [0.005622104698412584]}, "3": {"nrmse": [0.005488365130324576]}, "4": {"nrmse": [0.005410329459037651]}, "5": {"nrmse": [0.005366011841722342]}, "6": {"nrmse": [0.005329593597842403]}, "7": {"nrmse": [0.005305871279202341]}, "8": {"nrmse": [0.005288955739533426]}, "9": {"nrmse": [0.005273581734343722]}, "10": {"nrmse": [0.005262669637470001]}, "11": {"nrmse": [0.0052561488867090425]}, "12": {"nrmse": [0.005252572697704121]}, "13": {"nrmse": [0.005250953301499275]}, "14": {"nrmse": [0.00524778644479513]}, "15": {"nrmse": [0.0052443778995640575]}, "16": {"nrmse": [0.005240810955403642]}, "17": {"nrmse": [0.005239805036150905]}, "18": {"nrmse": [0.005239679091912746]}, "19": {"nrmse": [0.005237917626178803]}, "20": {"nrmse": [0.005235050098240846]}, "21": {"nrmse": [0.00523128180271223]}, "22": {"nrmse": [0.0052297708125414516]}, "23": {"nrmse": [0.005227832461869742]}, "24": {"nrmse": [0.005226418266414107]}, "25": {"nrmse": [0.005225736830390755]}, "26": {"nrmse": [0.0052251221046651156]}, "27": {"nrmse": [0.005226068859615658]}, "28": {"nrmse": [0.0052287482111248165]}, "29": {"nrmse": [0.005232512486980669]}, "30": {"nrmse": [0.005236062549060265]}, "31": {"nrmse": [0.005240370456531402]}, "32": {"nrmse": [0.0052443436155623175]}, "33": {"nrmse": [0.005247139173292576]}, "34": {"nrmse": [0.005249636411851373]}, "35": {"nrmse": [0.005252770587012447]}, "36": {"nrmse": [0.005256240340455272]}, "37": {"nrmse": [0.0052593166406056146]}, "38": {"nrmse": [0.005262750166836501]}, "39": {"nrmse": [0.005265758175775095]}, "40": {"nrmse": [0.0052686134556755365]}, "41": {"nrmse": [0.005331583562084356]}, "42": {"nrmse": [0.005391097877439017]}, "43": {"nrmse": [0.005447380775729661]}, "44": {"nrmse": [0.005502011338747039]}, "45": {"nrmse": [0.005554019716905596]}, "46": {"nrmse": [0.005603319315320163]}, "47": {"nrmse": [0.005648627731284964]}, "48": {"nrmse": [0.005692082962193137]}, "49": {"nrmse": [0.00573386648703649]}, "50": {"nrmse": [0.0057728092792169354]}, "51": {"nrmse": [0.005810573157818476]}, "52": {"nrmse": [0.00584631485752767]}, "53": {"nrmse": [0.005880342845112385]}, "54": {"nrmse": [0.0059131219505628154]}, "55": {"nrmse": [0.005944953672450745]}, "56": {"nrmse": [0.005975623747750873]}, "57": {"nrmse": [0.0060043581048554485]}, "58": {"nrmse": [0.006031007317042145]}, "59": {"nrmse": [0.006056751584087134]}, "60": {"nrmse": [0.006081088471238251]}}}