{"state_names": ["r"], "scores_per_horizon": {"1": {"nrmse": [0.005155309502575229]}, "2": {"nrmse": [0.005152755124762659]}, "3": {"nrmse": [0.005156458324894843]}, "4": {"nrmse": [0.005151033674995625]}, "5": {"nrmse": [0.005154206651976666]}, "6": {"nrmse": [0.005149806731899404]}, "7": {"nrmse": [0.005150189049998955]}, "8": {"nrmse": [0.005151581064079424]}, "9": {"nrmse": [0.005150340415477757]}, "10": {"nrmse": [0.005150801061084315]}, "11": {"nrmse": [0.005153620473117593]}, "12": {"nrmse": [0.005157907797001043]}, "13": {"nrmse": [0.005162562618585667]}, "14": {"nrmse": [0.005164847902490065]}, "15": {"nrmse": [0.005166258492256728]}, "16": {"nrmse": [0.005166813800438955]}, "17": {"nrmse": [0.005169339312851646]}, "18": {"nrmse": [0.005172412133935832]}, "19": {"nrmse": [0.005173511435105204]}, "20": {"nrmse": [0.005172953963191186]}, "21": {"nrmse": [0.005171399400300145]}, "22": {"nrmse": [0.0051721009098900554]}, "23": {"nrmse": [0.0051721169517411295]}, "24": {"nrmse": [0.0051723405418791875]}, "25": {"nrmse": [0.005173339403679738]}, "26": {"nrmse": [0.005174281861331749]}, "27": {"nrmse": [0.005176728254705643]}, "28": {"nrmse": [0.005180656350657681]}, "29": {"nrmse": [0.00518561180143695]}, "30": {"nrmse": [0.005190388045350561]}, "31": {"nrmse": [0.005195630697770342]}, "32": {"nrmse": [0.005200426417060977]}, "33": {"nrmse": [0.005203980584190022]}, "34": {"nrmse": [0.005207270811550457]}, "35": {"nrmse": [0.005211180831108916]}, "36": {"nrmse": [0.005215456114967413]}, "37": {"nrmse": [0.005219298529825584]}, "38": {"nrmse": [0.005223376151339492]}, "39": {"nrmse": [0.005226890648262541]}, "40": {"nrmse": [0.0052302964464511015]}, "41": {"nrmse": [0.005233136353459498]}, "42": {"nrmse": [0.005236099763611217]}, "43": {"nrmse": [0.005238637951980917]}, "44": {"nrmse": [0.00524193609323983]}, "45": {"nrmse": [0.00524557812548583]}, "46": {"nrmse": [0.005249205770788177]}, "47": {"nrmse": [0.0052515194647265]}, "48": {"nrmse": [0.005253969311199715]}, "49": {"nrmse": [0.0052563782637515075]}, "50": {"nrmse": [0.005258069825414917]}, "51": {"nrmse": [0.005260002201477965]}, "52": {"nrmse": [0.00526147759384226]}, "53": {"nrmse": [0.005262639357270128]}, "54": {"nrmse": [0.005263834590787459]}, "55": {"nrmse": [0.005265324004474505]}, "56": {"nrmse": [0.005267077650970503]}, "57": {"nrmse": [0.005267948418099293]}, "58": {"nrmse": [0.0052680262014941324]}, "59": {"nrmse": [0.005268187720647285]}, "60": {"nrmse": [0.00526778975891592]}}}