{"state_names": ["r"], "scores_per_horizon": {"1": {"nrmse": [0.018304913452985842]}, "2": {"nrmse": [0.018096217564416307]}, "3": {"nrmse": [0.017941216061767455]}, "4": {"nrmse": [0.017845508954867306]}, "5": {"nrmse": [0.017814678143240396]}, "6": {"nrmse": [0.017774809033740964]}, "7": {"nrmse": [0.0177246441779717]}, "8": {"nrmse": [0.01764413482516848]}, "9": {"nrmse": [0.01758580251140573]}, "10": {"nrmse": [0.017558205261402587]}, "11": {"nrmse": [0.01753741998570145]}, "12": {"nrmse": [0.017518496796293716]}, "13": {"nrmse": [0.017492607581077048]}, "14": {"nrmse": [0.017443304385065736]}, "15": {"nrmse": [0.017433534477689798]}, "16": {"nrmse": [0.01743444709941219]}, "17": {"nrmse": [0.017432397925920752]}, "18": {"nrmse": [0.017435894527602542]}, "19": {"nrmse": [0.017443395065743907]}, "20": {"nrmse": [0.017447505717247336]}, "21": {"nrmse": [0.017439835152803396]}, "22": {"nrmse": [0.017426047239980945]}, "23": {"nrmse": [0.017393255154424057]}, "24": {"nrmse": [0.017356065224542295]}, "25": {"nrmse": [0.017308242000841807]}, "26": {"nrmse": [0.017272157589600157]}, "27": {"nrmse": [0.017244909353041515]}, "28": {"nrmse": [0.017218096481521953]}, "29": {"nrmse": [0.017178040200814575]}, "30": {"nrmse": [0.01715102935255799]}, "31": {"nrmse": [0.017127384741910275]}, "32": {"nrmse": [0.01710113582435632]}, "33": {"nrmse": [0.017074202038321266]}, "34": {"nrmse": [0.01704943916280499]}, "35": {"nrmse": [0.017026450201054904]}, "36": {"nrmse": [0.01700655976329867]}, "37": {"nrmse": [0.01697127264091414]}, "38": {"nrmse": [0.016943855347379005]}, "39": {"nrmse": [0.016916334098450704]}, "40": {"nrmse": [0.016876782916596715]}, "41": {"nrmse": [0.01684002946435149]}, "42": {"nrmse": [0.01680116049580095]}, "43": {"nrmse": [0.016762598857450302]}, "44": {"nrmse": [0.016720697557803]}, "45": {"nrmse": [0.016681334276237206]}, "46": {"nrmse": [0.01663713443515395]}, "47": {"nrmse": [0.016585524245724483]}, "48": {"nrmse": [0.016530258244073257]}, "49": {"nrmse": [0.016478065796134637]}, "50": {"nrmse": [0.01643608021555295]}, "51": {"nrmse": [0.0163908164579085]}, "52": {"nrmse": [0.01634515712414038]}, "53": {"nrmse": [0.016302502582820802]}, "54": {"nrmse": [0.016252118511340074]}, "55": {"nrmse": [0.01620341403534068]}, "56": {"nrmse": [0.0161561480542438]}, "57": {"nrmse": [0.016117915900976276]}, "58": {"nrmse": [0.016079226896755495]}, "59": {"nrmse": [0.016039014763185876]}, "60": {"nrmse": [0.015996850993844233]}}}