{"state_names": ["r"], "scores_per_horizon": {"1": {"nrmse": [0.00038907059448271256]}, "2": {"nrmse": [0.0004028159850884687]}, "3": {"nrmse": [0.0004044743322948]}, "4": {"nrmse": [0.0003991360467561684]}, "5": {"nrmse": [0.0004037028913985547]}, "6": {"nrmse": [0.0004083021902631156]}, "7": {"nrmse": [0.00041693073631266766]}, "8": {"nrmse": [0.00042986193961321956]}, "9": {"nrmse": [0.0004432454265609411]}, "10": {"nrmse": [0.0004527510636084]}, "11": {"nrmse": [0.00046283458792508537]}, "12": {"nrmse": [0.0004714698479793626]}, "13": {"nrmse": [0.0004831192935532922]}, "14": {"nrmse": [0.0004906269580146402]}, "15": {"nrmse": [0.0004958441546852366]}, "16": {"nrmse": [0.0004997472546590531]}, "17": {"nrmse": [0.0005040857573633438]}, "18": {"nrmse": [0.0005088409706355993]}, "19": {"nrmse": [0.0005129908318809929]}, "20": {"nrmse": [0.0005166137152776682]}, "21": {"nrmse": [0.0005201616818716474]}, "22": {"nrmse": [0.0005256474255969861]}, "23": {"nrmse": [0.0005293352042359841]}, "24": {"nrmse": [0.0005325964477446547]}, "25": {"nrmse": [0.0005365891586364575]}, "26": {"nrmse": [0.0005390920561032632]}, "27": {"nrmse": [0.0005442014255226063]}, "28": {"nrmse": [0.0005485661369262924]}, "29": {"nrmse": [0.0005521448198103591]}, "30": {"nrmse": [0.0005538821650053334]}, "31": {"nrmse": [0.0005562327784546569]}, "32": {"nrmse": [0.0005586426299346752]}, "33": {"nrmse": [0.0005598914164469828]}, "34": {"nrmse": [0.0005611628990262363]}, "35": {"nrmse": [0.0005630993407502692]}, "36": {"nrmse": [0.0005657504146105543]}, "37": {"nrmse": [0.0005670902882311124]}, "38": {"nrmse": [0.0005683584761481803]}, "39": {"nrmse": [0.0005704928664391767]}, "40": {"nrmse": [0.0005720635524261086]}, "41": {"nrmse": [0.0005733469467607755]}, "42": {"nrmse": [0.0005750265977768832]}, "43": {"nrmse": [0.0005767236192862386]}, "44": {"nrmse": [0.000578963597224975]}, "45": {"nrmse": [0.0005806338875682125]}, "46": {"nrmse": [0.0005816660026055076]}, "47": {"nrmse": [0.00058170437189197]}, "48": {"nrmse": [0.0005826306766715024]}, "49": {"nrmse": [0.0005837699999585053]}, "50": {"nrmse": [0.000584304569429453]}, "51": {"nrmse": [0.0005855992028267898]}, "52": {"nrmse": [0.0005864376139240655]}, "53": {"nrmse": [0.0005875444807278548]}, "54": {"nrmse": [0.00058861448705134]}, "55": {"nrmse": [0.0005902936374262235]}, "56": {"nrmse": [0.0005913926976731733]}, "57": {"nrmse": [0.0005916116934271697]}, "58": {"nrmse": [0.0005912720263814872]}, "59": {"nrmse": [0.0005918502382589449]}, "60": {"nrmse": [0.0005931324619907214]}}}