{"state_names": ["r"], "scores_per_horizon": {"1": {"nrmse": [0.00043370921061890925]}, "2": {"nrmse": [0.0004198382136757062]}, "3": {"nrmse": [0.0004276173450100935]}, "4": {"nrmse": [0.0004251653459071211]}, "5": {"nrmse": [0.00043284611610049155]}, "6": {"nrmse": [0.0004413556286338434]}, "7": {"nrmse": [0.00044858206265317653]}, "8": {"nrmse": [0.0004580544647417755]}, "9": {"nrmse": [0.0004655657955303894]}, "10": {"nrmse": [0.000470442628005061]}, "11": {"nrmse": [0.00047742946552141463]}, "12": {"nrmse": [0.00048335875749095964]}, "13": {"nrmse": [0.0004910899081665338]}, "14": {"nrmse": [0.0004964780436861411]}, "15": {"nrmse": [0.0005002788907168744]}, "16": {"nrmse": [0.0005024371074787616]}, "17": {"nrmse": [0.0005059349309447926]}, "18": {"nrmse": [0.000510731543822244]}, "19": {"nrmse": [0.0005155234415473355]}, "20": {"nrmse": [0.0005189189345327508]}, "21": {"nrmse": [0.0005226100479499341]}, "22": {"nrmse": [0.000528122490115142]}, "23": {"nrmse": [0.0005313572596898158]}, "24": {"nrmse": [0.0005354305607533489]}, "25": {"nrmse": [0.0005394162216062902]}, "26": {"nrmse": [0.0005420954962196558]}, "27": {"nrmse": [0.0005469572989444572]}, "28": {"nrmse": [0.0005505935751160646]}, "29": {"nrmse": [0.0005541426527699892]}, "30": {"nrmse": [0.000555979440730368]}, "31": {"nrmse": [0.0005579325017810805]}, "32": {"nrmse": [0.0005602429766168281]}, "33": {"nrmse": [0.000560845846867274]}, "34": {"nrmse": [0.0005616955659737494]}, "35": {"nrmse": [0.0005629514134330054]}, "36": {"nrmse": [0.0005651260561299772]}, "37": {"nrmse": [0.0005660008838740646]}, "38": {"nrmse": [0.0005667409821252613]}, "39": {"nrmse": [0.0005683104860092383]}, "40": {"nrmse": [0.0005696454007236035]}, "41": {"nrmse": [0.0005709735550864503]}, "42": {"nrmse": [0.0005723913259455132]}, "43": {"nrmse": [0.0005733398867800084]}, "44": {"nrmse": [0.0005743051259858878]}, "45": {"nrmse": [0.000575401413228118]}, "46": {"nrmse": [0.0005758856730899952]}, "47": {"nrmse": [0.0005755077487383106]}, "48": {"nrmse": [0.0005758169474873066]}, "49": {"nrmse": [0.0005765085631303752]}, "50": {"nrmse": [0.0005766795936011829]}, "51": {"nrmse": [0.0005774666369797997]}, "52": {"nrmse": [0.0005778336509458967]}, "53": {"nrmse": [0.0005788947905344394]}, "54": {"nrmse": [0.0005797488936113036]}, "55": {"nrmse": [0.0005811745980178401]}, "56": {"nrmse": [0.0005820472795722254]}, "57": {"nrmse": [0.0005819773658192795]}, "58": {"nrmse": [0.00058160613286687]}, "59": {"nrmse": [0.0005824595855575844]}, "60": {"nrmse": [0.0005838343908452868]}}}