{"state_names": ["r"], "scores_per_horizon": {"1": {"nrmse": [0.0005824076371892954]}, "2": {"nrmse": [0.0005067972970535304]}, "3": {"nrmse": [0.0004628162327735356]}, "4": {"nrmse": [0.00042700443486566635]}, "5": {"nrmse": [0.0004089625444161016]}, "6": {"nrmse": [0.00040078585428936843]}, "7": {"nrmse": [0.00039466957299101634]}, "8": {"nrmse": [0.0003947521563319532]}, "9": {"nrmse": [0.0003961655017120473]}, "10": {"nrmse": [0.0003943752369832654]}, "11": {"nrmse": [0.000396147070681927]}, "12": {"nrmse": [0.000396695608657543]}, "13": {"nrmse": [0.00040066743124699266]}, "14": {"nrmse": [0.0004019535634130862]}, "15": {"nrmse": [0.0004032860768618257]}, "16": {"nrmse": [0.0004032884314340187]}, "17": {"nrmse": [0.0004039385717329619]}, "18": {"nrmse": [0.00040542635759854595]}, "19": {"nrmse": [0.00040680348752851025]}, "20": {"nrmse": [0.00040760343320995807]}, "21": {"nrmse": [0.00040865819567269273]}, "22": {"nrmse": [0.0004112549644648522]}, "23": {"nrmse": [0.0004126624963132425]}, "24": {"nrmse": [0.0004147811495558843]}, "25": {"nrmse": [0.00041768317132075854]}, "26": {"nrmse": [0.0004185517212474544]}, "27": {"nrmse": [0.0004221821841247108]}, "28": {"nrmse": [0.000424596082434692]}, "29": {"nrmse": [0.0004259915096915987]}, "30": {"nrmse": [0.0004265163366544402]}, "31": {"nrmse": [0.00042793877006281825]}, "32": {"nrmse": [0.00042931280936617553]}, "33": {"nrmse": [0.000429030602565035]}, "34": {"nrmse": [0.00042868055597835675]}, "35": {"nrmse": [0.00042971634607035284]}, "36": {"nrmse": [0.000431213028928604]}, "37": {"nrmse": [0.0004314843303853344]}, "38": {"nrmse": [0.0004321591669247583]}, "39": {"nrmse": [0.00043349382797866205]}, "40": {"nrmse": [0.0004341985011479904]}, "41": {"nrmse": [0.00043510594588564425]}, "42": {"nrmse": [0.00043654140465178894]}, "43": {"nrmse": [0.00043796302086429655]}, "44": {"nrmse": [0.0004391674275154069]}, "45": {"nrmse": [0.0004398286078140201]}, "46": {"nrmse": [0.0004404884466513875]}, "47": {"nrmse": [0.0004402249778340043]}, "48": {"nrmse": [0.00044055000781568067]}, "49": {"nrmse": [0.00044060317440000103]}, "50": {"nrmse": [0.00044061142182868655]}, "51": {"nrmse": [0.0004413205435079317]}, "52": {"nrmse": [0.0004418750445675395]}, "53": {"nrmse": [0.0004426827350838461]}, "54": {"nrmse": [0.00044316306319791776]}, "55": {"nrmse": [0.00044446783185424595]}, "56": {"nrmse": [0.00044526343686927323]}, "57": {"nrmse": [0.00044539244225622754]}, "58": {"nrmse": [0.00044499279445584086]}, "59": {"nrmse": [0.00044545305887066453]}, "60": {"nrmse": [0.0004460894100865426]}}}