{"state_names": ["r"], "scores_per_horizon": {"1": {"nrmse": [0.0004947693046245012]}, "2": {"nrmse": [0.00047070749258708387]}, "3": {"nrmse": [0.0004626140974145972]}, "4": {"nrmse": [0.00044730250378254634]}, "5": {"nrmse": [0.00043884291336333743]}, "6": {"nrmse": [0.00043267272172245404]}, "7": {"nrmse": [0.00042553871107456386]}, "8": {"nrmse": [0.00042324332276785304]}, "9": {"nrmse": [0.0004236263152102521]}, "10": {"nrmse": [0.00042049284824697614]}, "11": {"nrmse": [0.00041847887622467866]}, "12": {"nrmse": [0.00041637034315239447]}, "13": {"nrmse": [0.00041803420136741955]}, "14": {"nrmse": [0.0004182623131012271]}, "15": {"nrmse": [0.0004188095994216964]}, "16": {"nrmse": [0.00041813450559964426]}, "17": {"nrmse": [0.00041648150264114763]}, "18": {"nrmse": [0.0004162076302140245]}, "19": {"nrmse": [0.00041664545019042914]}, "20": {"nrmse": [0.00041759385772880764]}, "21": {"nrmse": [0.00041861801206456473]}, "22": {"nrmse": [0.0004200173881695623]}, "23": {"nrmse": [0.00041997123540798216]}, "24": {"nrmse": [0.0004206175830513888]}, "25": {"nrmse": [0.0004215260868527723]}, "26": {"nrmse": [0.0004214030778252522]}, "27": {"nrmse": [0.0004237658393610108]}, "28": {"nrmse": [0.00042547620435062777]}, "29": {"nrmse": [0.00042601155066932905]}, "30": {"nrmse": [0.00042576914382077885]}, "31": {"nrmse": [0.00042616328236899127]}, "32": {"nrmse": [0.00042710701464659733]}, "33": {"nrmse": [0.00042711874694528057]}, "34": {"nrmse": [0.00042716647683857344]}, "35": {"nrmse": [0.0004280371378455908]}, "36": {"nrmse": [0.0004290514315941984]}, "37": {"nrmse": [0.0004286927566408155]}, "38": {"nrmse": [0.00042878612192794697]}, "39": {"nrmse": [0.0004298667027582125]}, "40": {"nrmse": [0.00043068536046811395]}, "41": {"nrmse": [0.0004318811588675201]}, "42": {"nrmse": [0.0004329965783620399]}, "43": {"nrmse": [0.0004335924885005133]}, "44": {"nrmse": [0.0004338753404098178]}, "45": {"nrmse": [0.0004341192394874196]}, "46": {"nrmse": [0.0004344553010596857]}, "47": {"nrmse": [0.00043422130931619076]}, "48": {"nrmse": [0.0004344745945666418]}, "49": {"nrmse": [0.0004343190259262259]}, "50": {"nrmse": [0.0004343139553256684]}, "51": {"nrmse": [0.0004346413948402873]}, "52": {"nrmse": [0.00043480363478967264]}, "53": {"nrmse": [0.0004356190964638866]}, "54": {"nrmse": [0.0004360848859194855]}, "55": {"nrmse": [0.00043700873229691767]}, "56": {"nrmse": [0.00043732381892044436]}, "57": {"nrmse": [0.0004373201498357035]}, "58": {"nrmse": [0.00043720199296959556]}, "59": {"nrmse": [0.0004377771763390212]}, "60": {"nrmse": [0.00043862047867904944]}}}