{"state_names": ["r"], "scores_per_horizon": {"1": {"nrmse": [0.0002840577860245451]}, "2": {"nrmse": [0.0002873072734468442]}, "3": {"nrmse": [0.00027410714507582505]}, "4": {"nrmse": [0.00026400683571068767]}, "5": {"nrmse": [0.0002630186508708843]}, "6": {"nrmse": [0.0002668556797952205]}, "7": {"nrmse": [0.00027079505662921965]}, "8": {"nrmse": [0.00027601433704350524]}, "9": {"nrmse": [0.0002810106023868624]}, "10": {"nrmse": [0.0002854598654713844]}, "11": {"nrmse": [0.0002896390713972168]}, "12": {"nrmse": [0.00029298640750926284]}, "13": {"nrmse": [0.00029695688780403566]}, "14": {"nrmse": [0.0003004844970521465]}, "15": {"nrmse": [0.0003030564553285689]}, "16": {"nrmse": [0.00030446373368962104]}, "17": {"nrmse": [0.0003060045592744759]}, "18": {"nrmse": [0.0003078932790561662]}, "19": {"nrmse": [0.0003099625039921609]}, "20": {"nrmse": [0.00031193037305898835]}, "21": {"nrmse": [0.00031349435598182333]}, "22": {"nrmse": [0.0003151743969793212]}, "23": {"nrmse": [0.00031671937670441037]}, "24": {"nrmse": [0.0003182359099025202]}, "25": {"nrmse": [0.00031942165240488713]}, "26": {"nrmse": [0.00032064081330627657]}, "27": {"nrmse": [0.0003223833707326531]}, "28": {"nrmse": [0.0003239891900755772]}, "29": {"nrmse": [0.00032528248198082947]}, "30": {"nrmse": [0.0003260863408194361]}, "31": {"nrmse": [0.0003269528553854711]}, "32": {"nrmse": [0.00032799223515863826]}, "33": {"nrmse": [0.000328565894554617]}, "34": {"nrmse": [0.00032898272507248856]}, "35": {"nrmse": [0.00032973983898923855]}, "36": {"nrmse": [0.00033058212119591686]}, "37": {"nrmse": [0.00033111713917488616]}, "38": {"nrmse": [0.0003316515357177674]}, "39": {"nrmse": [0.0003325197008526681]}, "40": {"nrmse": [0.0003335781268721008]}, "41": {"nrmse": [0.0003346277155449514]}, "42": {"nrmse": [0.0003354790426973898]}, "43": {"nrmse": [0.0003361189457124426]}, "44": {"nrmse": [0.00033674157823370483]}, "45": {"nrmse": [0.0003375186994492194]}, "46": {"nrmse": [0.00033806517829630477]}, "47": {"nrmse": [0.0003383926413294979]}, "48": {"nrmse": [0.00033899235900938075]}, "49": {"nrmse": [0.000339622712392566]}, "50": {"nrmse": [0.00034014047873506196]}, "51": {"nrmse": [0.0003407606188730391]}, "52": {"nrmse": [0.0003413949509841422]}, "53": {"nrmse": [0.0003422158036262138]}, "54": {"nrmse": [0.00034293824203779046]}, "55": {"nrmse": [0.00034377562878059437]}, "56": {"nrmse": [0.0003443125347253082]}, "57": {"nrmse": [0.00034474977005011725]}, "58": {"nrmse": [0.0003451481253183383]}, "59": {"nrmse": [0.00034569748481517326]}, "60": {"nrmse": [0.0003462145310190857]}}}