{"state_names": ["r"], "scores_per_horizon": {"1": {"nrmse": [0.0002729254498620591]}, "2": {"nrmse": [0.00026199856947203154]}, "3": {"nrmse": [0.0002701574654852369]}, "4": {"nrmse": [0.0002648640045920582]}, "5": {"nrmse": [0.00026170595377278784]}, "6": {"nrmse": [0.00026289827176625817]}, "7": {"nrmse": [0.00026517676847773386]}, "8": {"nrmse": [0.00027024871230342756]}, "9": {"nrmse": [0.00027448162808145493]}, "10": {"nrmse": [0.00027883247113371463]}, "11": {"nrmse": [0.0002834213907738792]}, "12": {"nrmse": [0.0002867772427698426]}, "13": {"nrmse": [0.000290961611547936]}, "14": {"nrmse": [0.00029418412335789184]}, "15": {"nrmse": [0.00029640677537608575]}, "16": {"nrmse": [0.0002974397641389329]}, "17": {"nrmse": [0.00029882890751861533]}, "18": {"nrmse": [0.00030116760707602657]}, "19": {"nrmse": [0.00030293435984705524]}, "20": {"nrmse": [0.0003047885135282468]}, "21": {"nrmse": [0.0003062013858227425]}, "22": {"nrmse": [0.00030852871867006554]}, "23": {"nrmse": [0.00031001419607870764]}, "24": {"nrmse": [0.0003116620003966508]}, "25": {"nrmse": [0.00031305969944727275]}, "26": {"nrmse": [0.00031441866785581184]}, "27": {"nrmse": [0.0003164900428875196]}, "28": {"nrmse": [0.00031853002476480455]}, "29": {"nrmse": [0.0003202963252842421]}, "30": {"nrmse": [0.0003214761783619463]}, "31": {"nrmse": [0.00032291979992497794]}, "32": {"nrmse": [0.00032440627430672275]}, "33": {"nrmse": [0.00032504585560619553]}, "34": {"nrmse": [0.00032570490888778406]}, "35": {"nrmse": [0.00032642815694601177]}, "36": {"nrmse": [0.0003275491147403171]}, "37": {"nrmse": [0.0003280650520526501]}, "38": {"nrmse": [0.0003285448984351674]}, "39": {"nrmse": [0.00032974372190562823]}, "40": {"nrmse": [0.0003310125756275021]}, "41": {"nrmse": [0.00033214228057563586]}, "42": {"nrmse": [0.00033310306974043577]}, "43": {"nrmse": [0.0003337321311973837]}, "44": {"nrmse": [0.00033439477534800765]}, "45": {"nrmse": [0.0003350985724153491]}, "46": {"nrmse": [0.0003353293390789827]}, "47": {"nrmse": [0.00033539071252517534]}, "48": {"nrmse": [0.000335792573440689]}, "49": {"nrmse": [0.0003361401929329034]}, "50": {"nrmse": [0.0003363191554100672]}, "51": {"nrmse": [0.00033688265282585017]}, "52": {"nrmse": [0.0003372411733675371]}, "53": {"nrmse": [0.0003380950693395496]}, "54": {"nrmse": [0.0003386826144482925]}, "55": {"nrmse": [0.0003395513218096643]}, "56": {"nrmse": [0.000340115758509773]}, "57": {"nrmse": [0.0003404290017819444]}, "58": {"nrmse": [0.0003406699431198822]}, "59": {"nrmse": [0.0003413441883072492]}, "60": {"nrmse": [0.00034199722411100956]}}}