{"state_names": ["r"], "scores_per_horizon": {"1": {"nrmse": [0.0002714972161877141]}, "2": {"nrmse": [0.00028548043844493364]}, "3": {"nrmse": [0.00027841230183822354]}, "4": {"nrmse": [0.00027052461918758365]}, "5": {"nrmse": [0.000267805011854593]}, "6": {"nrmse": [0.00026907167917109064]}, "7": {"nrmse": [0.00026998222452314665]}, "8": {"nrmse": [0.00027323763468314405]}, "9": {"nrmse": [0.0002763525500608546]}, "10": {"nrmse": [0.000279145101620412]}, "11": {"nrmse": [0.00028222096239501374]}, "12": {"nrmse": [0.0002838254768164336]}, "13": {"nrmse": [0.0002864808246156007]}, "14": {"nrmse": [0.0002887464326492407]}, "15": {"nrmse": [0.0002906687218830996]}, "16": {"nrmse": [0.00029111942369310805]}, "17": {"nrmse": [0.0002917234142244449]}, "18": {"nrmse": [0.00029325943555174916]}, "19": {"nrmse": [0.00029455989351874625]}, "20": {"nrmse": [0.0002958560621133231]}, "21": {"nrmse": [0.0002967117765110569]}, "22": {"nrmse": [0.00029821446571895715]}, "23": {"nrmse": [0.00029942623959831183]}, "24": {"nrmse": [0.00030058082071773905]}, "25": {"nrmse": [0.00030165045059781995]}, "26": {"nrmse": [0.0003026879004507747]}, "27": {"nrmse": [0.0003043602772895072]}, "28": {"nrmse": [0.0003060920092920446]}, "29": {"nrmse": [0.00030737179585742957]}, "30": {"nrmse": [0.00030827869157573054]}, "31": {"nrmse": [0.00030948475133868247]}, "32": {"nrmse": [0.0003106829463802493]}, "33": {"nrmse": [0.00031121715437131865]}, "34": {"nrmse": [0.00031173151344560357]}, "35": {"nrmse": [0.0003124493744322914]}, "36": {"nrmse": [0.00031331778594498316]}, "37": {"nrmse": [0.00031381019229169985]}, "38": {"nrmse": [0.0003141486744613621]}, "39": {"nrmse": [0.0003150927654281131]}, "40": {"nrmse": [0.00031620613815546404]}, "41": {"nrmse": [0.00031719345694098056]}, "42": {"nrmse": [0.0003180464667206636]}, "43": {"nrmse": [0.00031861262021879035]}, "44": {"nrmse": [0.00031918220358195256]}, "45": {"nrmse": [0.0003197955019058306]}, "46": {"nrmse": [0.00032012921634743275]}, "47": {"nrmse": [0.000320259015844338]}, "48": {"nrmse": [0.000320646382918524]}, "49": {"nrmse": [0.0003208574115278595]}, "50": {"nrmse": [0.0003211431298921291]}, "51": {"nrmse": [0.00032166382887607544]}, "52": {"nrmse": [0.0003221269226763736]}, "53": {"nrmse": [0.00032294141319945136]}, "54": {"nrmse": [0.0003235061211661355]}, "55": {"nrmse": [0.0003243706774469885]}, "56": {"nrmse": [0.00032489948563531215]}, "57": {"nrmse": [0.0003252696951000262]}, "58": {"nrmse": [0.0003255498003500274]}, "59": {"nrmse": [0.0003261679710285343]}, "60": {"nrmse": [0.0003267347599860071]}}}