{"state_names": ["r"], "scores_per_horizon": {"1": {"nrmse": [0.00026342577213031955]}, "2": {"nrmse": [0.00027287214113350756]}, "3": {"nrmse": [0.0002686502902583927]}, "4": {"nrmse": [0.0002588159024295071]}, "5": {"nrmse": [0.0002528802169632914]}, "6": {"nrmse": [0.0002519339609042735]}, "7": {"nrmse": [0.0002517285140411495]}, "8": {"nrmse": [0.0002541410264318899]}, "9": {"nrmse": [0.0002565826210121421]}, "10": {"nrmse": [0.0002593638354136591]}, "11": {"nrmse": [0.0002625913481233863]}, "12": {"nrmse": [0.0002647401698967449]}, "13": {"nrmse": [0.0002679469979441836]}, "14": {"nrmse": [0.00027028040348945823]}, "15": {"nrmse": [0.0002721920256658693]}, "16": {"nrmse": [0.0002727736593768266]}, "17": {"nrmse": [0.00027372248590052593]}, "18": {"nrmse": [0.00027570100302988515]}, "19": {"nrmse": [0.0002776314312607725]}, "20": {"nrmse": [0.000279428004546644]}, "21": {"nrmse": [0.0002807380163141895]}, "22": {"nrmse": [0.00028252137119409693]}, "23": {"nrmse": [0.0002841196601010924]}, "24": {"nrmse": [0.00028552097921976933]}, "25": {"nrmse": [0.0002866124601197655]}, "26": {"nrmse": [0.000287807448131711]}, "27": {"nrmse": [0.00028963510290314326]}, "28": {"nrmse": [0.00029141826667559523]}, "29": {"nrmse": [0.00029276956866618225]}, "30": {"nrmse": [0.0002936298931712405]}, "31": {"nrmse": [0.0002947456640694605]}, "32": {"nrmse": [0.0002959454866483051]}, "33": {"nrmse": [0.0002965353688081584]}, "34": {"nrmse": [0.0002969867676689499]}, "35": {"nrmse": [0.0002976230165126768]}, "36": {"nrmse": [0.00029850652921646165]}, "37": {"nrmse": [0.00029898167033095234]}, "38": {"nrmse": [0.0002994503812961228]}, "39": {"nrmse": [0.0003004116098533529]}, "40": {"nrmse": [0.00030161028771034937]}, "41": {"nrmse": [0.0003026995200326715]}, "42": {"nrmse": [0.0003035377951389864]}, "43": {"nrmse": [0.00030398393635892146]}, "44": {"nrmse": [0.0003044414521084874]}, "45": {"nrmse": [0.000304954834357582]}, "46": {"nrmse": [0.0003052026754257088]}, "47": {"nrmse": [0.00030522621720318927]}, "48": {"nrmse": [0.0003055800330393035]}, "49": {"nrmse": [0.0003058332988166504]}, "50": {"nrmse": [0.000306133956001454]}, "51": {"nrmse": [0.00030666010073600845]}, "52": {"nrmse": [0.00030709737361861726]}, "53": {"nrmse": [0.000307939919373937]}, "54": {"nrmse": [0.00030862761200448465]}, "55": {"nrmse": [0.0003094661296885054]}, "56": {"nrmse": [0.00030991540444183345]}, "57": {"nrmse": [0.0003102395957502427]}, "58": {"nrmse": [0.00031047418996003754]}, "59": {"nrmse": [0.0003109833997138913]}, "60": {"nrmse": [0.0003115090293662386]}}}