{"state_names": ["r"], "scores_per_horizon": {"1": {"nrmse": [0.00040912336836646727]}, "2": {"nrmse": [0.00044826982062844817]}, "3": {"nrmse": [0.0004763145897717706]}, "4": {"nrmse": [0.00048362985637403187]}, "5": {"nrmse": [0.0004797241730007472]}, "6": {"nrmse": [0.00048025297311961903]}, "7": {"nrmse": [0.0004864383715263652]}, "8": {"nrmse": [0.0004933524279409401]}, "9": {"nrmse": [0.0005025227292021739]}, "10": {"nrmse": [0.0005007444975482596]}, "11": {"nrmse": [0.0004967946624203286]}, "12": {"nrmse": [0.0004923889450904352]}, "13": {"nrmse": [0.0004926389039204313]}, "14": {"nrmse": [0.0004907599345963657]}, "15": {"nrmse": [0.000488415244220099]}, "16": {"nrmse": [0.00048948807664728]}, "17": {"nrmse": [0.0004892229773969532]}, "18": {"nrmse": [0.0004880485379886761]}, "19": {"nrmse": [0.00048781829377119427]}, "20": {"nrmse": [0.00048726267537685717]}, "21": {"nrmse": [0.00048822425499632743]}, "22": {"nrmse": [0.0004909265684252201]}, "23": {"nrmse": [0.0004924256177274918]}, "24": {"nrmse": [0.0004938119116896151]}, "25": {"nrmse": [0.0004973625670553793]}, "26": {"nrmse": [0.0004979070954573751]}, "27": {"nrmse": [0.0005000102435966338]}, "28": {"nrmse": [0.0005024923552672256]}, "29": {"nrmse": [0.0005050084297891015]}, "30": {"nrmse": [0.0005055565919813582]}, "31": {"nrmse": [0.0005062475891032574]}, "32": {"nrmse": [0.0005078236898433951]}, "33": {"nrmse": [0.0005087758864381952]}, "34": {"nrmse": [0.0005085920435834075]}, "35": {"nrmse": [0.0005096406761937608]}, "36": {"nrmse": [0.0005109040017622418]}, "37": {"nrmse": [0.0005104984806226848]}, "38": {"nrmse": [0.000511268228849979]}, "39": {"nrmse": [0.0005130783022727276]}, "40": {"nrmse": [0.0005139115389516892]}, "41": {"nrmse": [0.0005146184147455371]}, "42": {"nrmse": [0.0005157440708662226]}, "43": {"nrmse": [0.0005164581027954832]}, "44": {"nrmse": [0.0005169094594346645]}, "45": {"nrmse": [0.0005168903914016602]}, "46": {"nrmse": [0.0005170345276048662]}, "47": {"nrmse": [0.0005166355663998982]}, "48": {"nrmse": [0.0005169526678540021]}, "49": {"nrmse": [0.000517352170627939]}, "50": {"nrmse": [0.000517529195325408]}, "51": {"nrmse": [0.000518271634658164]}, "52": {"nrmse": [0.0005189553117836526]}, "53": {"nrmse": [0.000518856756071297]}, "54": {"nrmse": [0.0005187191258046337]}, "55": {"nrmse": [0.0005191162331974162]}, "56": {"nrmse": [0.0005196937560136131]}, "57": {"nrmse": [0.0005199113569295637]}, "58": {"nrmse": [0.0005195984714416015]}, "59": {"nrmse": [0.0005195745283450113]}, "60": {"nrmse": [0.0005196193704494341]}}}