{"state_names": ["r"], "scores_per_horizon": {"1": {"nrmse": [0.00037434266926941224]}, "2": {"nrmse": [0.00040220317877833785]}, "3": {"nrmse": [0.00040397509368818036]}, "4": {"nrmse": [0.00038796505343858504]}, "5": {"nrmse": [0.00037106652684156655]}, "6": {"nrmse": [0.0003599794556650591]}, "7": {"nrmse": [0.00034985544651641145]}, "8": {"nrmse": [0.0003431380087383417]}, "9": {"nrmse": [0.0003385846235033363]}, "10": {"nrmse": [0.0003309810688656257]}, "11": {"nrmse": [0.0003252809965544566]}, "12": {"nrmse": [0.00031938151909814753]}, "13": {"nrmse": [0.00031659955266034585]}, "14": {"nrmse": [0.0003123175420833513]}, "15": {"nrmse": [0.0003090917384559875]}, "16": {"nrmse": [0.0003076585001914603]}, "17": {"nrmse": [0.0003033797773159023]}, "18": {"nrmse": [0.0002995411230405555]}, "19": {"nrmse": [0.00029700751751420414]}, "20": {"nrmse": [0.0002949428627390575]}, "21": {"nrmse": [0.0002946878424914373]}, "22": {"nrmse": [0.0002931822436378282]}, "23": {"nrmse": [0.00029135114171222363]}, "24": {"nrmse": [0.0002903509205825696]}, "25": {"nrmse": [0.0002902321253862111]}, "26": {"nrmse": [0.0002878861061078489]}, "27": {"nrmse": [0.00028746644276907884]}, "28": {"nrmse": [0.00028704717494034695]}, "29": {"nrmse": [0.0002853787940644485]}, "30": {"nrmse": [0.00028349543889192084]}, "31": {"nrmse": [0.00028256465771342025]}, "32": {"nrmse": [0.00028254960829370273]}, "33": {"nrmse": [0.00028239455218198454]}, "34": {"nrmse": [0.00028151760471967365]}, "35": {"nrmse": [0.00028183992555609047]}, "36": {"nrmse": [0.0002817094969617533]}, "37": {"nrmse": [0.0002803190747485029]}, "38": {"nrmse": [0.000280102550611759]}, "39": {"nrmse": [0.000280710182467942]}, "40": {"nrmse": [0.0002801124975683322]}, "41": {"nrmse": [0.000279829886110956]}, "42": {"nrmse": [0.00027987289045305365]}, "43": {"nrmse": [0.0002808527928881711]}, "44": {"nrmse": [0.00028107143149125324]}, "45": {"nrmse": [0.0002806068417100853]}, "46": {"nrmse": [0.00028101666282636506]}, "47": {"nrmse": [0.0002815300035761174]}, "48": {"nrmse": [0.0002817355942852589]}, "49": {"nrmse": [0.0002810359649007496]}, "50": {"nrmse": [0.00028097890974743855]}, "51": {"nrmse": [0.00028086251019361966]}, "52": {"nrmse": [0.00028087535273319154]}, "53": {"nrmse": [0.0002809247635160255]}, "54": {"nrmse": [0.0002805079784763261]}, "55": {"nrmse": [0.00028066348243943975]}, "56": {"nrmse": [0.00028081912462105905]}, "57": {"nrmse": [0.0002806347800003143]}, "58": {"nrmse": [0.0002806515336055096]}, "59": {"nrmse": [0.000280449430627421]}, "60": {"nrmse": [0.0002808478905292305]}}}