{"state_names": ["r"], "scores_per_horizon": {"1": {"nrmse": [0.0003886835593071915]}, "2": {"nrmse": [0.0004299733567326343]}, "3": {"nrmse": [0.0004540758916527836]}, "4": {"nrmse": [0.0004533391504973942]}, "5": {"nrmse": [0.0004577426266590106]}, "6": {"nrmse": [0.0004609962904438451]}, "7": {"nrmse": [0.00046258959984324605]}, "8": {"nrmse": [0.0004610545447242282]}, "9": {"nrmse": [0.00046000123509277514]}, "10": {"nrmse": [0.0004539874768638753]}, "11": {"nrmse": [0.0004486162243367257]}, "12": {"nrmse": [0.00044298227129608935]}, "13": {"nrmse": [0.0004415931630471429]}, "14": {"nrmse": [0.0004386647753864541]}, "15": {"nrmse": [0.00043575050587713987]}, "16": {"nrmse": [0.00043590186915839693]}, "17": {"nrmse": [0.0004338075227817436]}, "18": {"nrmse": [0.00043074785771343596]}, "19": {"nrmse": [0.00042872837525124405]}, "20": {"nrmse": [0.00042686335898457013]}, "21": {"nrmse": [0.00042702308953245405]}, "22": {"nrmse": [0.00042689817393999326]}, "23": {"nrmse": [0.0004261514664482183]}, "24": {"nrmse": [0.00042507598430455856]}, "25": {"nrmse": [0.0004260838929047706]}, "26": {"nrmse": [0.0004245610814363534]}, "27": {"nrmse": [0.0004248677823851912]}, "28": {"nrmse": [0.00042553360946510655]}, "29": {"nrmse": [0.0004257194171804431]}, "30": {"nrmse": [0.00042421039894333936]}, "31": {"nrmse": [0.0004235018483599791]}, "32": {"nrmse": [0.0004236749349451071]}, "33": {"nrmse": [0.0004233044747229098]}, "34": {"nrmse": [0.0004220303740708179]}, "35": {"nrmse": [0.0004223582091833261]}, "36": {"nrmse": [0.00042251227717508133]}, "37": {"nrmse": [0.00042093612255350923]}, "38": {"nrmse": [0.00042071642084838274]}, "39": {"nrmse": [0.00042158547798563386]}, "40": {"nrmse": [0.0004214881450499439]}, "41": {"nrmse": [0.0004212411256731842]}, "42": {"nrmse": [0.00042136316700029343]}, "43": {"nrmse": [0.00042185983077235294]}, "44": {"nrmse": [0.0004223583074606316]}, "45": {"nrmse": [0.0004222140248422413]}, "46": {"nrmse": [0.0004223869053147441]}, "47": {"nrmse": [0.0004222733152621628]}, "48": {"nrmse": [0.0004227830832713945]}, "49": {"nrmse": [0.00042293472354794473]}, "50": {"nrmse": [0.00042325103737102585]}, "51": {"nrmse": [0.00042394536255039206]}, "52": {"nrmse": [0.0004245507891757495]}, "53": {"nrmse": [0.00042439373053172557]}, "54": {"nrmse": [0.0004240902306718505]}, "55": {"nrmse": [0.0004243094054286415]}, "56": {"nrmse": [0.00042469953923258833]}, "57": {"nrmse": [0.0004248271314413252]}, "58": {"nrmse": [0.00042484768944572887]}, "59": {"nrmse": [0.00042479349244815796]}, "60": {"nrmse": [0.00042490936855175835]}}}