{"state_names": ["r"], "scores_per_horizon": {"1": {"nrmse": [0.00034669147608611204]}, "2": {"nrmse": [0.0004049374924657519]}, "3": {"nrmse": [0.0004483793827078199]}, "4": {"nrmse": [0.00045465663497691654]}, "5": {"nrmse": [0.00045655295861162654]}, "6": {"nrmse": [0.00045626581342614954]}, "7": {"nrmse": [0.000457167109978899]}, "8": {"nrmse": [0.00045977543506330986]}, "9": {"nrmse": [0.00046171714279469095]}, "10": {"nrmse": [0.00045891979730300006]}, "11": {"nrmse": [0.00045793585664646684]}, "12": {"nrmse": [0.00045605614243390857]}, "13": {"nrmse": [0.0004544873812737194]}, "14": {"nrmse": [0.00045111027615171484]}, "15": {"nrmse": [0.0004475361904678455]}, "16": {"nrmse": [0.0004480812524069425]}, "17": {"nrmse": [0.0004457369976761232]}, "18": {"nrmse": [0.00044272209664638186]}, "19": {"nrmse": [0.00044078092443461094]}, "20": {"nrmse": [0.0004388729926945393]}, "21": {"nrmse": [0.0004385323640975584]}, "22": {"nrmse": [0.00043818871306424215]}, "23": {"nrmse": [0.00043668433537245134]}, "24": {"nrmse": [0.00043528013950997103]}, "25": {"nrmse": [0.0004354743944927585]}, "26": {"nrmse": [0.0004335019973158581]}, "27": {"nrmse": [0.0004330540217506304]}, "28": {"nrmse": [0.00043287079337704307]}, "29": {"nrmse": [0.0004327357549764999]}, "30": {"nrmse": [0.00043111488117223844]}, "31": {"nrmse": [0.0004301038227808414]}, "32": {"nrmse": [0.0004301231793962639]}, "33": {"nrmse": [0.0004301079673555357]}, "34": {"nrmse": [0.0004289248365672061]}, "35": {"nrmse": [0.0004287066237408107]}, "36": {"nrmse": [0.00042837174293448605]}, "37": {"nrmse": [0.00042649958703081176]}, "38": {"nrmse": [0.0004256749203213708]}, "39": {"nrmse": [0.0004258600765844495]}, "40": {"nrmse": [0.0004251219398095607]}, "41": {"nrmse": [0.00042457781696594247]}, "42": {"nrmse": [0.00042471144853570254]}, "43": {"nrmse": [0.00042512324101970215]}, "44": {"nrmse": [0.00042502668250155793]}, "45": {"nrmse": [0.00042438450958668517]}, "46": {"nrmse": [0.0004242263055769508]}, "47": {"nrmse": [0.0004241393579118468]}, "48": {"nrmse": [0.00042440910639604296]}, "49": {"nrmse": [0.00042429415228317227]}, "50": {"nrmse": [0.0004242463920756496]}, "51": {"nrmse": [0.000424520686282528]}, "52": {"nrmse": [0.00042467318515887335]}, "53": {"nrmse": [0.0004243558718400168]}, "54": {"nrmse": [0.00042370718773494673]}, "55": {"nrmse": [0.0004235461511850007]}, "56": {"nrmse": [0.000423965458302577]}, "57": {"nrmse": [0.00042397788174300996]}, "58": {"nrmse": [0.000423478433181233]}, "59": {"nrmse": [0.0004230673839782579]}, "60": {"nrmse": [0.00042283804721371106]}}}