{"state_names": ["r"], "scores_per_horizon": {"1": {"nrmse": [0.001395570718743109]}, "2": {"nrmse": [0.0014645881894865508]}, "3": {"nrmse": [0.0013137352284673899]}, "4": {"nrmse": [0.0011632938186709814]}, "5": {"nrmse": [0.0011295472232829666]}, "6": {"nrmse": [0.001220002228596317]}, "7": {"nrmse": [0.0013719758872711065]}, "8": {"nrmse": [0.0015237554353921357]}, "9": {"nrmse": [0.0016336173742249906]}, "10": {"nrmse": [0.001731396841272621]}, "11": {"nrmse": [0.001811196444008228]}, "12": {"nrmse": [0.0018594509352948697]}, "13": {"nrmse": [0.0018752083306933067]}, "14": {"nrmse": [0.001885008352573882]}, "15": {"nrmse": [0.001903417441962713]}, "16": {"nrmse": [0.0019279847923088956]}, "17": {"nrmse": [0.0019338069368993944]}, "18": {"nrmse": [0.0019392399160440667]}, "19": {"nrmse": [0.0019492786891935308]}, "20": {"nrmse": [0.001954429237842097]}, "21": {"nrmse": [0.001947981583986511]}, "22": {"nrmse": [0.0019461885648468194]}, "23": {"nrmse": [0.001942376083287358]}, "24": {"nrmse": [0.0019456977581890677]}, "25": {"nrmse": [0.0019372051741832303]}, "26": {"nrmse": [0.0019361626510843405]}, "27": {"nrmse": [0.0019344469583113277]}, "28": {"nrmse": [0.001935458513150373]}, "29": {"nrmse": [0.001931312501087007]}, "30": {"nrmse": [0.0019323992010588456]}, "31": {"nrmse": [0.0019337890610491872]}, "32": {"nrmse": [0.0019350025199882928]}, "33": {"nrmse": [0.0019380865621807107]}, "34": {"nrmse": [0.0019373507902736933]}, "35": {"nrmse": [0.0019339332529824576]}, "36": {"nrmse": [0.0019357874027404942]}, "37": {"nrmse": [0.0019306498430970633]}, "38": {"nrmse": [0.0019284892095076563]}, "39": {"nrmse": [0.0019267710002368493]}, "40": {"nrmse": [0.0019202826586542493]}, "41": {"nrmse": [0.0019167599325391265]}, "42": {"nrmse": [0.0019092149377086878]}, "43": {"nrmse": [0.0019049119421896113]}, "44": {"nrmse": [0.0018992831374273738]}, "45": {"nrmse": [0.0018973394323908367]}, "46": {"nrmse": [0.0018985109654077272]}, "47": {"nrmse": [0.0018962748404031736]}, "48": {"nrmse": [0.0018926648777507396]}, "49": {"nrmse": [0.001888689742289081]}, "50": {"nrmse": [0.0018868663330231905]}, "51": {"nrmse": [0.001883479236220627]}, "52": {"nrmse": [0.001878595130668769]}, "53": {"nrmse": [0.001874704696182306]}, "54": {"nrmse": [0.0018691183987880383]}, "55": {"nrmse": [0.0018620399783272042]}, "56": {"nrmse": [0.0018590946640296398]}, "57": {"nrmse": [0.0018574306810040149]}, "58": {"nrmse": [0.0018554397508739775]}, "59": {"nrmse": [0.0018534395738904258]}, "60": {"nrmse": [0.001850134217727246]}}}