{"state_names": ["r"], "scores_per_horizon": {"1": {"nrmse": [0.0022028284363256267]}, "2": {"nrmse": [0.0026909194655998147]}, "3": {"nrmse": [0.003175524690684356]}, "4": {"nrmse": [0.0035529654492080683]}, "5": {"nrmse": [0.003770649513231465]}, "6": {"nrmse": [0.003880132177639042]}, "7": {"nrmse": [0.0039292833992172725]}, "8": {"nrmse": [0.0039407223455763096]}, "9": {"nrmse": [0.003935142844360272]}, "10": {"nrmse": [0.003934594872970838]}, "11": {"nrmse": [0.003933551902282524]}, "12": {"nrmse": [0.003927987837369376]}, "13": {"nrmse": [0.00391527397553717]}, "14": {"nrmse": [0.0039037598902052794]}, "15": {"nrmse": [0.003905872348067191]}, "16": {"nrmse": [0.003911806316486073]}, "17": {"nrmse": [0.003908543813411311]}, "18": {"nrmse": [0.003909070078791786]}, "19": {"nrmse": [0.003913317896543805]}, "20": {"nrmse": [0.003914469698996852]}, "21": {"nrmse": [0.0039099510824344465]}, "22": {"nrmse": [0.0039094677476211774]}, "23": {"nrmse": [0.0039044387335466562]}, "24": {"nrmse": [0.0039018019929847876]}, "25": {"nrmse": [0.0038905891305109296]}, "26": {"nrmse": [0.0038872193850763284]}, "27": {"nrmse": [0.0038842196046143715]}, "28": {"nrmse": [0.003882373501698469]}, "29": {"nrmse": [0.00387515311970921]}, "30": {"nrmse": [0.0038728806429370634]}, "31": {"nrmse": [0.0038703725276811483]}, "32": {"nrmse": [0.003866899760429915]}, "33": {"nrmse": [0.0038631852891567436]}, "34": {"nrmse": [0.003857908043001058]}, "35": {"nrmse": [0.003852704096278835]}, "36": {"nrmse": [0.0038507570290544973]}, "37": {"nrmse": [0.0038420706188907494]}, "38": {"nrmse": [0.003837769178085539]}, "39": {"nrmse": [0.00383312238491285]}, "40": {"nrmse": [0.003823876839073974]}, "41": {"nrmse": [0.0038172098105540677]}, "42": {"nrmse": [0.0038080902637964635]}, "43": {"nrmse": [0.0038013283244914546]}, "44": {"nrmse": [0.0037929597796353244]}, "45": {"nrmse": [0.003786860003711538]}, "46": {"nrmse": [0.003780041202215611]}, "47": {"nrmse": [0.003769458387116316]}, "48": {"nrmse": [0.0037579028318588128]}, "49": {"nrmse": [0.003747322956175905]}, "50": {"nrmse": [0.0037393472844268376]}, "51": {"nrmse": [0.003729918627018624]}, "52": {"nrmse": [0.00372017336892555]}, "53": {"nrmse": [0.0037115826187247448]}, "54": {"nrmse": [0.0037009302050097026]}, "55": {"nrmse": [0.0036902771621304723]}, "56": {"nrmse": [0.0036821325949519886]}, "57": {"nrmse": [0.0036754779226357724]}, "58": {"nrmse": [0.0036679433812225356]}, "59": {"nrmse": [0.003659995241095343]}, "60": {"nrmse": [0.0036509125667602087]}}}