{"state_names": ["r"], "scores_per_horizon": {"1": {"nrmse": [0.005152176973035514]}, "2": {"nrmse": [0.005149577285292731]}, "3": {"nrmse": [0.005153006733300439]}, "4": {"nrmse": [0.005147454462985003]}, "5": {"nrmse": [0.005150513578339542]}, "6": {"nrmse": [0.005146113739107282]}, "7": {"nrmse": [0.005146579977071662]}, "8": {"nrmse": [0.005147994360478417]}, "9": {"nrmse": [0.005146779325920555]}, "10": {"nrmse": [0.0051472514841380745]}, "11": {"nrmse": [0.005150039805477509]}, "12": {"nrmse": [0.005154267093152084]}, "13": {"nrmse": [0.005158919036101937]}, "14": {"nrmse": [0.005161188318101479]}, "15": {"nrmse": [0.005162606182012554]}, "16": {"nrmse": [0.005163135591223103]}, "17": {"nrmse": [0.005165667715568085]}, "18": {"nrmse": [0.005168743884396298]}, "19": {"nrmse": [0.005169846099066067]}, "20": {"nrmse": [0.00516932412459942]}, "21": {"nrmse": [0.005167753123467239]}, "22": {"nrmse": [0.005168410476568676]}, "23": {"nrmse": [0.005168400324030041]}, "24": {"nrmse": [0.005168587889580659]}, "25": {"nrmse": [0.005169561696883711]}, "26": {"nrmse": [0.0051704726882662285]}, "27": {"nrmse": [0.005172896719804587]}, "28": {"nrmse": [0.005176815165878838]}, "29": {"nrmse": [0.00518176418081593]}, "30": {"nrmse": [0.005186520272311588]}, "31": {"nrmse": [0.005191774581500033]}, "32": {"nrmse": [0.005196585677775722]}, "33": {"nrmse": [0.0052001487386773865]}, "34": {"nrmse": [0.005203454122487927]}, "35": {"nrmse": [0.005207376905392198]}, "36": {"nrmse": [0.0052116521398432305]}, "37": {"nrmse": [0.005215489601520477]}, "38": {"nrmse": [0.005219593633613538]}, "39": {"nrmse": [0.0052231419005729675]}, "40": {"nrmse": [0.00522658211340474]}, "41": {"nrmse": [0.005229458768254148]}, "42": {"nrmse": [0.005232467368733173]}, "43": {"nrmse": [0.005235055896400711]}, "44": {"nrmse": [0.00523838792982297]}, "45": {"nrmse": [0.0052420392767990355]}, "46": {"nrmse": [0.00524567697969213]}, "47": {"nrmse": [0.005248022082148476]}, "48": {"nrmse": [0.005250502952927936]}, "49": {"nrmse": [0.005252927287246263]}, "50": {"nrmse": [0.0052546489360100245]}, "51": {"nrmse": [0.0052566052692821245]}, "52": {"nrmse": [0.005258103709662247]}, "53": {"nrmse": [0.00525927201780102]}, "54": {"nrmse": [0.005260476071600301]}, "55": {"nrmse": [0.005261987077026245]}, "56": {"nrmse": [0.005263762501997122]}, "57": {"nrmse": [0.005264659799806974]}, "58": {"nrmse": [0.0052647791848374715]}, "59": {"nrmse": [0.005264991225812674]}, "60": {"nrmse": [0.005264631664874168]}}}