{"state_names": ["r"], "scores_per_horizon": {"1": {"nrmse": [0.0003343041943118177]}, "2": {"nrmse": [0.0003649063692867465]}, "3": {"nrmse": [0.00038317825738386625]}, "4": {"nrmse": [0.0003811153098126448]}, "5": {"nrmse": [0.0003856874978800367]}, "6": {"nrmse": [0.0003927667276988389]}, "7": {"nrmse": [0.0004030807784302674]}, "8": {"nrmse": [0.00041584784276018077]}, "9": {"nrmse": [0.00042535495848571643]}, "10": {"nrmse": [0.00043210135072637167]}, "11": {"nrmse": [0.0004404065331307484]}, "12": {"nrmse": [0.0004467407950122574]}, "13": {"nrmse": [0.00045134602843817183]}, "14": {"nrmse": [0.00045279028174590726]}, "15": {"nrmse": [0.0004538914445434053]}, "16": {"nrmse": [0.0004593946486081491]}, "17": {"nrmse": [0.0004621623917188881]}, "18": {"nrmse": [0.0004651089008127313]}, "19": {"nrmse": [0.00046823913428023674]}, "20": {"nrmse": [0.0004696785178296668]}, "21": {"nrmse": [0.0004714467110833183]}, "22": {"nrmse": [0.00047425006653832206]}, "23": {"nrmse": [0.0004764166556752507]}, "24": {"nrmse": [0.0004783525015801616]}, "25": {"nrmse": [0.00048221944960834197]}, "26": {"nrmse": [0.0004833894908686375]}, "27": {"nrmse": [0.0004851862361690541]}, "28": {"nrmse": [0.0004875424234048646]}, "29": {"nrmse": [0.0004901139564775686]}, "30": {"nrmse": [0.0004912756997104883]}, "31": {"nrmse": [0.000492825764581444]}, "32": {"nrmse": [0.0004952538099369299]}, "33": {"nrmse": [0.0004968767394839712]}, "34": {"nrmse": [0.0004976146161976765]}, "35": {"nrmse": [0.0004992066803181102]}, "36": {"nrmse": [0.0005010031591210293]}, "37": {"nrmse": [0.0005014618988506066]}, "38": {"nrmse": [0.0005030503838854535]}, "39": {"nrmse": [0.0005055706540468006]}, "40": {"nrmse": [0.0005071858988672579]}, "41": {"nrmse": [0.0005084676986925195]}, "42": {"nrmse": [0.0005098136753498185]}, "43": {"nrmse": [0.0005103102155005211]}, "44": {"nrmse": [0.0005107991319400394]}, "45": {"nrmse": [0.0005111898345747689]}, "46": {"nrmse": [0.0005120457934737295]}, "47": {"nrmse": [0.0005124146540841067]}, "48": {"nrmse": [0.0005132297885725385]}, "49": {"nrmse": [0.0005141424485462555]}, "50": {"nrmse": [0.000514931554191096]}, "51": {"nrmse": [0.0005160952264534577]}, "52": {"nrmse": [0.0005172291465181364]}, "53": {"nrmse": [0.0005176840614547595]}, "54": {"nrmse": [0.0005179996140023065]}, "55": {"nrmse": [0.0005187123294517967]}, "56": {"nrmse": [0.00052015944930942]}, "57": {"nrmse": [0.0005211415006034604]}, "58": {"nrmse": [0.0005212187185258731]}, "59": {"nrmse": [0.0005213346911297354]}, "60": {"nrmse": [0.0005215059116372874]}}}