{"state_names": ["r"], "scores_per_horizon": {"1": {"nrmse": [0.00035202811673148586]}, "2": {"nrmse": [0.00041726289608522144]}, "3": {"nrmse": [0.0004752373610070808]}, "4": {"nrmse": [0.0004992009927438089]}, "5": {"nrmse": [0.000518175533405029]}, "6": {"nrmse": [0.0005239502540976806]}, "7": {"nrmse": [0.000529361139690389]}, "8": {"nrmse": [0.0005414289574318364]}, "9": {"nrmse": [0.0005513623687282053]}, "10": {"nrmse": [0.0005559772772857146]}, "11": {"nrmse": [0.0005607846862501584]}, "12": {"nrmse": [0.0005637194038658682]}, "13": {"nrmse": [0.0005660373736827365]}, "14": {"nrmse": [0.0005652199358261755]}, "15": {"nrmse": [0.0005635413974325163]}, "16": {"nrmse": [0.0005638326777895388]}, "17": {"nrmse": [0.0005621248676956621]}, "18": {"nrmse": [0.0005609410065827921]}, "19": {"nrmse": [0.0005606069729862682]}, "20": {"nrmse": [0.0005609632848292751]}, "21": {"nrmse": [0.0005618048328187359]}, "22": {"nrmse": [0.0005642656970098446]}, "23": {"nrmse": [0.0005655017782935189]}, "24": {"nrmse": [0.0005660419369056358]}, "25": {"nrmse": [0.000567366748735589]}, "26": {"nrmse": [0.0005671937821633995]}, "27": {"nrmse": [0.0005693447943160644]}, "28": {"nrmse": [0.000572456476739264]}, "29": {"nrmse": [0.0005744510237656558]}, "30": {"nrmse": [0.0005745204379397048]}, "31": {"nrmse": [0.0005752613706767367]}, "32": {"nrmse": [0.0005762207202698665]}, "33": {"nrmse": [0.0005760540027124251]}, "34": {"nrmse": [0.0005756810895908087]}, "35": {"nrmse": [0.0005768667723832375]}, "36": {"nrmse": [0.0005779299999277854]}, "37": {"nrmse": [0.0005773455969814434]}, "38": {"nrmse": [0.0005769945195560818]}, "39": {"nrmse": [0.00057788823953996]}, "40": {"nrmse": [0.0005785095322680163]}, "41": {"nrmse": [0.0005795100957551567]}, "42": {"nrmse": [0.0005809484301093188]}, "43": {"nrmse": [0.000582287819775023]}, "44": {"nrmse": [0.000583135280346069]}, "45": {"nrmse": [0.0005834124881093195]}, "46": {"nrmse": [0.0005834691645442231]}, "47": {"nrmse": [0.0005824094315226202]}, "48": {"nrmse": [0.000582270309160859]}, "49": {"nrmse": [0.0005820536243452644]}, "50": {"nrmse": [0.0005818582542310385]}, "51": {"nrmse": [0.0005820195051629039]}, "52": {"nrmse": [0.0005822767505631524]}, "53": {"nrmse": [0.0005828645685325729]}, "54": {"nrmse": [0.000583130243669506]}, "55": {"nrmse": [0.0005838796151871426]}, "56": {"nrmse": [0.0005851388912779521]}, "57": {"nrmse": [0.0005860536909594034]}, "58": {"nrmse": [0.0005859935814063105]}, "59": {"nrmse": [0.0005862114617983066]}, "60": {"nrmse": [0.0005864538259351792]}}}