{"state_names": ["r"], "scores_per_horizon": {"1": {"nrmse": [0.0003459180445185184]}, "2": {"nrmse": [0.0003715175406225202]}, "3": {"nrmse": [0.00038146443082678384]}, "4": {"nrmse": [0.00037078103272320613]}, "5": {"nrmse": [0.00035852479621386615]}, "6": {"nrmse": [0.0003522894208976069]}, "7": {"nrmse": [0.000350346665029373]}, "8": {"nrmse": [0.00035302494872678237]}, "9": {"nrmse": [0.0003607073928936831]}, "10": {"nrmse": [0.0003621053713555973]}, "11": {"nrmse": [0.000366011971141983]}, "12": {"nrmse": [0.0003680412636759974]}, "13": {"nrmse": [0.00037332386999274587]}, "14": {"nrmse": [0.00037463829907497773]}, "15": {"nrmse": [0.0003749224006763303]}, "16": {"nrmse": [0.0003763674460337738]}, "17": {"nrmse": [0.0003742073361453226]}, "18": {"nrmse": [0.0003722321070580771]}, "19": {"nrmse": [0.000371643215287791]}, "20": {"nrmse": [0.0003719940230099785]}, "21": {"nrmse": [0.00037374146743881267]}, "22": {"nrmse": [0.00037531509673779674]}, "23": {"nrmse": [0.00037646007096087906]}, "24": {"nrmse": [0.000377628127577943]}, "25": {"nrmse": [0.000379195611812893]}, "26": {"nrmse": [0.00037856679347187197]}, "27": {"nrmse": [0.0003798879671380433]}, "28": {"nrmse": [0.00038139513401155454]}, "29": {"nrmse": [0.00038143772152333765]}, "30": {"nrmse": [0.0003800957411241227]}, "31": {"nrmse": [0.00038019586914328024]}, "32": {"nrmse": [0.0003810295057415566]}, "33": {"nrmse": [0.0003814786857405993]}, "34": {"nrmse": [0.00038142907486643035]}, "35": {"nrmse": [0.00038252761710766333]}, "36": {"nrmse": [0.0003831345035720993]}, "37": {"nrmse": [0.00038226556055033717]}, "38": {"nrmse": [0.0003825659706473937]}, "39": {"nrmse": [0.0003839575897422979]}, "40": {"nrmse": [0.0003849792554539333]}, "41": {"nrmse": [0.0003856426121272419]}, "42": {"nrmse": [0.00038671284937487945]}, "43": {"nrmse": [0.0003885349416140186]}, "44": {"nrmse": [0.00038988175396307623]}, "45": {"nrmse": [0.0003900854838046939]}, "46": {"nrmse": [0.0003904551107666832]}, "47": {"nrmse": [0.0003910528418213773]}, "48": {"nrmse": [0.0003919792459864156]}, "49": {"nrmse": [0.00039172406585251976]}, "50": {"nrmse": [0.0003916258614374917]}, "51": {"nrmse": [0.0003919862080766117]}, "52": {"nrmse": [0.00039264617618175015]}, "53": {"nrmse": [0.0003935903253965915]}, "54": {"nrmse": [0.0003940435772721406]}, "55": {"nrmse": [0.00039474643128877836]}, "56": {"nrmse": [0.000395347154839661]}, "57": {"nrmse": [0.00039536504442162535]}, "58": {"nrmse": [0.0003953144661062151]}, "59": {"nrmse": [0.00039567095490937763]}, "60": {"nrmse": [0.0003966029135799776]}}}