{"state_names": ["r"], "scores_per_horizon": {"1": {"nrmse": [0.00045549837004571324]}, "2": {"nrmse": [0.0005452050699184516]}, "3": {"nrmse": [0.0005902955284451111]}, "4": {"nrmse": [0.0005822574833897649]}, "5": {"nrmse": [0.0005626253967557306]}, "6": {"nrmse": [0.0005380850416316965]}, "7": {"nrmse": [0.0005173197317632368]}, "8": {"nrmse": [0.0005035331255724177]}, "9": {"nrmse": [0.0004951073421721189]}, "10": {"nrmse": [0.00048384237433352474]}, "11": {"nrmse": [0.00047404988186028503]}, "12": {"nrmse": [0.000465986554638836]}, "13": {"nrmse": [0.0004617605081005625]}, "14": {"nrmse": [0.00045688803144401354]}, "15": {"nrmse": [0.00045232838775476005]}, "16": {"nrmse": [0.00045116682408935304]}, "17": {"nrmse": [0.0004471049848071837]}, "18": {"nrmse": [0.00044209530463083015]}, "19": {"nrmse": [0.00043868069811595534]}, "20": {"nrmse": [0.00043521283702563536]}, "21": {"nrmse": [0.00043306328808206815]}, "22": {"nrmse": [0.00043038749008604565]}, "23": {"nrmse": [0.0004270675902949962]}, "24": {"nrmse": [0.0004244957251921987]}, "25": {"nrmse": [0.0004235582311719184]}, "26": {"nrmse": [0.000420969224163389]}, "27": {"nrmse": [0.00041976296609256604]}, "28": {"nrmse": [0.0004185807341928715]}, "29": {"nrmse": [0.00041693289964851406]}, "30": {"nrmse": [0.00041439261842099716]}, "31": {"nrmse": [0.00041266527934310035]}, "32": {"nrmse": [0.0004117579429891318]}, "33": {"nrmse": [0.0004115606164040756]}, "34": {"nrmse": [0.00041034504914222317]}, "35": {"nrmse": [0.00040989852291722575]}, "36": {"nrmse": [0.00040915628586535063]}, "37": {"nrmse": [0.00040695152717416317]}, "38": {"nrmse": [0.0004061548737781881]}, "39": {"nrmse": [0.00040601162794704935]}, "40": {"nrmse": [0.00040503920374929646]}, "41": {"nrmse": [0.00040393923932587246]}, "42": {"nrmse": [0.0004033674034786704]}, "43": {"nrmse": [0.00040367544099262744]}, "44": {"nrmse": [0.000403427907419324]}, "45": {"nrmse": [0.0004028126003548702]}, "46": {"nrmse": [0.0004031380712172535]}, "47": {"nrmse": [0.00040357187124226163]}, "48": {"nrmse": [0.00040395648766641237]}, "49": {"nrmse": [0.00040379465276164255]}, "50": {"nrmse": [0.00040357807012920103]}, "51": {"nrmse": [0.0004030035056528893]}, "52": {"nrmse": [0.0004026461970791079]}, "53": {"nrmse": [0.0004018142513836677]}, "54": {"nrmse": [0.00040090671801973744]}, "55": {"nrmse": [0.0004002320327060941]}, "56": {"nrmse": [0.000399989422326159]}, "57": {"nrmse": [0.00039931579862892603]}, "58": {"nrmse": [0.00039857565055877116]}, "59": {"nrmse": [0.00039775360792259186]}, "60": {"nrmse": [0.0003973887116448145]}}}