{"state_names": ["r"], "scores_per_horizon": {"1": {"nrmse": [0.005178562357117738]}, "2": {"nrmse": [0.005173537074741065]}, "3": {"nrmse": [0.00517721481187835]}, "4": {"nrmse": [0.005172073886394875]}, "5": {"nrmse": [0.0051742432983750836]}, "6": {"nrmse": [0.005169284471094702]}, "7": {"nrmse": [0.005168785809256644]}, "8": {"nrmse": [0.005169706402377161]}, "9": {"nrmse": [0.005168034932324232]}, "10": {"nrmse": [0.005168040748925484]}, "11": {"nrmse": [0.005170695615828407]}, "12": {"nrmse": [0.005174791413670172]}, "13": {"nrmse": [0.005179666297933864]}, "14": {"nrmse": [0.005181995829870337]}, "15": {"nrmse": [0.0051833967645556036]}, "16": {"nrmse": [0.005183982208864201]}, "17": {"nrmse": [0.005186660602904712]}, "18": {"nrmse": [0.005189736709563822]}, "19": {"nrmse": [0.005190793469648067]}, "20": {"nrmse": [0.005190397804894619]}, "21": {"nrmse": [0.005188902086914729]}, "22": {"nrmse": [0.005189536228642573]}, "23": {"nrmse": [0.005189535401501283]}, "24": {"nrmse": [0.005189875724712252]}, "25": {"nrmse": [0.005190808558220195]}, "26": {"nrmse": [0.005191675574039152]}, "27": {"nrmse": [0.005193966084775579]}, "28": {"nrmse": [0.005197809890331329]}, "29": {"nrmse": [0.005202599691702069]}, "30": {"nrmse": [0.0052070727028907795]}, "31": {"nrmse": [0.00521216401282277]}, "32": {"nrmse": [0.00521683533934752]}, "33": {"nrmse": [0.005220259899904306]}, "34": {"nrmse": [0.005223384528669001]}, "35": {"nrmse": [0.0052272030712648]}, "36": {"nrmse": [0.005231380864877745]}, "37": {"nrmse": [0.005235156427896594]}, "38": {"nrmse": [0.0052392639648077]}, "39": {"nrmse": [0.005242902205719504]}, "40": {"nrmse": [0.005246359954155618]}, "41": {"nrmse": [0.00531014603195425]}, "42": {"nrmse": [0.005370418323294617]}, "43": {"nrmse": [0.005427407135469659]}, "44": {"nrmse": [0.005482704515393111]}, "45": {"nrmse": [0.005535337408556644]}, "46": {"nrmse": [0.00558522213967627]}, "47": {"nrmse": [0.005631070898327223]}, "48": {"nrmse": [0.005675036573221295]}, "49": {"nrmse": [0.005717302979048401]}, "50": {"nrmse": [0.0057566970409154905]}, "51": {"nrmse": [0.005794890811479897]}, "52": {"nrmse": [0.00583103817806808]}, "53": {"nrmse": [0.005865450272064316]}, "54": {"nrmse": [0.005898595222417174]}, "55": {"nrmse": [0.0059307771206378685]}, "56": {"nrmse": [0.005961781305102917]}, "57": {"nrmse": [0.005990831165840318]}, "58": {"nrmse": [0.006017777568720903]}, "59": {"nrmse": [0.006043806601882732]}, "60": {"nrmse": [0.006068413731383706]}}}