{"state_names": ["r"], "scores_per_horizon": {"1": {"nrmse": [0.005165191054401148]}, "2": {"nrmse": [0.0051711749257736216]}, "3": {"nrmse": [0.0051817799923602826]}, "4": {"nrmse": [0.005180892503620394]}, "5": {"nrmse": [0.005186082984830992]}, "6": {"nrmse": [0.005183298792739593]}, "7": {"nrmse": [0.005184398016699486]}, "8": {"nrmse": [0.005186582189004148]}, "9": {"nrmse": [0.005185935758040199]}, "10": {"nrmse": [0.005186780343445133]}, "11": {"nrmse": [0.005190142416348418]}, "12": {"nrmse": [0.005194815111787311]}, "13": {"nrmse": [0.0052001464451452515]}, "14": {"nrmse": [0.005202880039444882]}, "15": {"nrmse": [0.005204615724523157]}, "16": {"nrmse": [0.005205484559794001]}, "17": {"nrmse": [0.00520839428974096]}, "18": {"nrmse": [0.0052116936471387106]}, "19": {"nrmse": [0.005212953431546283]}, "20": {"nrmse": [0.005212719776712656]}, "21": {"nrmse": [0.0052113904633941015]}, "22": {"nrmse": [0.005212200581206098]}, "23": {"nrmse": [0.005212364850926106]}, "24": {"nrmse": [0.005212857926631746]}, "25": {"nrmse": [0.005213944369349668]}, "26": {"nrmse": [0.005214971924657447]}, "27": {"nrmse": [0.0052173946355609235]}, "28": {"nrmse": [0.005221335510820242]}, "29": {"nrmse": [0.005226212294638955]}, "30": {"nrmse": [0.005230770111799842]}, "31": {"nrmse": [0.005235922827269932]}, "32": {"nrmse": [0.00524066173645339]}, "33": {"nrmse": [0.005244149778203158]}, "34": {"nrmse": [0.005247328797432525]}, "35": {"nrmse": [0.005251212720777374]}, "36": {"nrmse": [0.00525546954975504]}, "37": {"nrmse": [0.005259332242717716]}, "38": {"nrmse": [0.005263511067308441]}, "39": {"nrmse": [0.005267225289721084]}, "40": {"nrmse": [0.005270766237160844]}, "41": {"nrmse": [0.00533365763849176]}, "42": {"nrmse": [0.005393098823125033]}, "43": {"nrmse": [0.00544931359708471]}, "44": {"nrmse": [0.005503879794870368]}, "45": {"nrmse": [0.0055558278786240894]}, "46": {"nrmse": [0.005605070974049343]}, "47": {"nrmse": [0.005650327202695538]}, "48": {"nrmse": [0.00569373312624776]}, "49": {"nrmse": [0.005735469999482528]}, "50": {"nrmse": [0.005774369187902303]}, "51": {"nrmse": [0.005812091523244504]}, "52": {"nrmse": [0.00584779401601429]}, "53": {"nrmse": [0.005881784876326703]}, "54": {"nrmse": [0.005914528616040909]}, "55": {"nrmse": [0.005946326483634604]}, "56": {"nrmse": [0.00597696425503819]}, "57": {"nrmse": [0.006005668104410003]}, "58": {"nrmse": [0.0060322885771914555]}, "59": {"nrmse": [0.006058005304291211]}, "60": {"nrmse": [0.006082316054205349]}}}