{"state_names": ["r"], "scores_per_horizon": {"1": {"nrmse": [0.00017419017179366177]}, "2": {"nrmse": [0.0002116296715725295]}, "3": {"nrmse": [0.00024806508415326097]}, "4": {"nrmse": [0.0002724282524067361]}, "5": {"nrmse": [0.0002986986999131701]}, "6": {"nrmse": [0.0003181514252309837]}, "7": {"nrmse": [0.0003386030436495815]}, "8": {"nrmse": [0.0003663019000908688]}, "9": {"nrmse": [0.00039373923227337826]}, "10": {"nrmse": [0.0004179628759613017]}, "11": {"nrmse": [0.00044007797181983547]}, "12": {"nrmse": [0.0004617034692470872]}, "13": {"nrmse": [0.00047992907491896836]}, "14": {"nrmse": [0.0004983955390787437]}, "15": {"nrmse": [0.0005160668384595318]}, "16": {"nrmse": [0.0005355657531161623]}, "17": {"nrmse": [0.0005548982942771114]}, "18": {"nrmse": [0.0005708630014205722]}, "19": {"nrmse": [0.0005866895720381647]}, "20": {"nrmse": [0.0006001689054891204]}, "21": {"nrmse": [0.000612893898546156]}, "22": {"nrmse": [0.0006245829180315961]}, "23": {"nrmse": [0.0006349092622934886]}, "24": {"nrmse": [0.0006456896675939145]}, "25": {"nrmse": [0.0006557147656074136]}, "26": {"nrmse": [0.0006654247325083446]}, "27": {"nrmse": [0.0006769908294826758]}, "28": {"nrmse": [0.0006896884384428071]}, "29": {"nrmse": [0.0007011539682024397]}, "30": {"nrmse": [0.0007128107441930033]}, "31": {"nrmse": [0.0007246651267816228]}, "32": {"nrmse": [0.000736744679115114]}, "33": {"nrmse": [0.0007489287967646921]}, "34": {"nrmse": [0.0007603158220154169]}, "35": {"nrmse": [0.0007727374770410047]}, "36": {"nrmse": [0.000785279529679279]}, "37": {"nrmse": [0.0007970863566154032]}, "38": {"nrmse": [0.000809866195258384]}, "39": {"nrmse": [0.0008220276871113719]}, "40": {"nrmse": [0.00083363837781581]}, "41": {"nrmse": [0.0008438536253826699]}, "42": {"nrmse": [0.0008554161016315064]}, "43": {"nrmse": [0.0008667720087346775]}, "44": {"nrmse": [0.0008785093614790599]}, "45": {"nrmse": [0.0008901670511909129]}, "46": {"nrmse": [0.0009017944346121085]}, "47": {"nrmse": [0.0009124716180447265]}, "48": {"nrmse": [0.0009230863748150598]}, "49": {"nrmse": [0.0009330063471444673]}, "50": {"nrmse": [0.0009423069639759172]}, "51": {"nrmse": [0.0009517108487862263]}, "52": {"nrmse": [0.0009601591202663902]}, "53": {"nrmse": [0.0009685519542788019]}, "54": {"nrmse": [0.0009768782765746775]}, "55": {"nrmse": [0.0009854362483224302]}, "56": {"nrmse": [0.0009939400360947097]}, "57": {"nrmse": [0.0010018750306170282]}, "58": {"nrmse": [0.0010098440184110884]}, "59": {"nrmse": [0.0010173189356885535]}, "60": {"nrmse": [0.0010240029805162827]}}}