{"state_names": ["r"], "scores_per_horizon": {"1": {"nrmse": [0.005285579219905762]}, "2": {"nrmse": [0.005214304058288391]}, "3": {"nrmse": [0.005200809257193121]}, "4": {"nrmse": [0.005189432153944086]}, "5": {"nrmse": [0.005188607594236178]}, "6": {"nrmse": [0.005181942046009046]}, "7": {"nrmse": [0.005180318294989665]}, "8": {"nrmse": [0.005180369651148832]}, "9": {"nrmse": [0.005178048541920856]}, "10": {"nrmse": [0.00517756542542437]}, "11": {"nrmse": [0.0051798467715715914]}, "12": {"nrmse": [0.005183651554898713]}, "13": {"nrmse": [0.0051882985251927045]}, "14": {"nrmse": [0.005190442139654884]}, "15": {"nrmse": [0.005191715886716731]}, "16": {"nrmse": [0.005192172863927789]}, "17": {"nrmse": [0.0051947189702518754]}, "18": {"nrmse": [0.005197691191947711]}, "19": {"nrmse": [0.0051986443313914695]}, "20": {"nrmse": [0.005198117678813345]}, "21": {"nrmse": [0.0051965177822544326]}, "22": {"nrmse": [0.005197056263717798]}, "23": {"nrmse": [0.005196969940066087]}, "24": {"nrmse": [0.005197261675184277]}, "25": {"nrmse": [0.005198165469177953]}, "26": {"nrmse": [0.005199020732678624]}, "27": {"nrmse": [0.005201286770449115]}, "28": {"nrmse": [0.005205109402414693]}, "29": {"nrmse": [0.005209873581552063]}, "30": {"nrmse": [0.005214337152056704]}, "31": {"nrmse": [0.005219407459098409]}, "32": {"nrmse": [0.005224066222091737]}, "33": {"nrmse": [0.005227472434285411]}, "34": {"nrmse": [0.00523059479798523]}, "35": {"nrmse": [0.005234417009196457]}, "36": {"nrmse": [0.005238614783480606]}, "37": {"nrmse": [0.005242417384707434]}, "38": {"nrmse": [0.005246548601292207]}, "39": {"nrmse": [0.005250192139725944]}, "40": {"nrmse": [0.005253665000534451]}, "41": {"nrmse": [0.005317182741501769]}, "42": {"nrmse": [0.005377205809179737]}, "43": {"nrmse": [0.00543396255058051]}, "44": {"nrmse": [0.005489040742122547]}, "45": {"nrmse": [0.005541468377820739]}, "46": {"nrmse": [0.005591160817658814]}, "47": {"nrmse": [0.005636832024028824]}, "48": {"nrmse": [0.005680629987205059]}, "49": {"nrmse": [0.005722737751521495]}, "50": {"nrmse": [0.005761983570004916]}, "51": {"nrmse": [0.005800036130491004]}, "52": {"nrmse": [0.005836050254222976]}, "53": {"nrmse": [0.0058703361955510696]}, "54": {"nrmse": [0.005903360998393384]}, "55": {"nrmse": [0.005935427901539174]}, "56": {"nrmse": [0.005966322373384899]}, "57": {"nrmse": [0.005995268636780249]}, "58": {"nrmse": [0.006022117460570596]}, "59": {"nrmse": [0.006048052998356858]}, "60": {"nrmse": [0.006072571404922073]}}}