{"state_names": ["r"], "scores_per_horizon": {"1": {"nrmse": [0.005244632156750863]}, "2": {"nrmse": [0.005173192244198202]}, "3": {"nrmse": [0.005165096983856393]}, "4": {"nrmse": [0.005158713342178161]}, "5": {"nrmse": [0.005161908248684991]}, "6": {"nrmse": [0.005158357501489974]}, "7": {"nrmse": [0.00515914559908676]}, "8": {"nrmse": [0.005161166263276974]}, "9": {"nrmse": [0.005160462432919245]}, "10": {"nrmse": [0.0051613164009532645]}, "11": {"nrmse": [0.005164755724828462]}, "12": {"nrmse": [0.005169555136297735]}, "13": {"nrmse": [0.005175073026386337]}, "14": {"nrmse": [0.005177967338052448]}, "15": {"nrmse": [0.0051798726819723626]}, "16": {"nrmse": [0.0051808688148064315]}, "17": {"nrmse": [0.0051839062806948565]}, "18": {"nrmse": [0.005187325600166756]}, "19": {"nrmse": [0.005188677582778527]}, "20": {"nrmse": [0.005188510305134317]}, "21": {"nrmse": [0.005187232524709483]}, "22": {"nrmse": [0.005188069340547521]}, "23": {"nrmse": [0.005188255641594467]}, "24": {"nrmse": [0.005188786776501274]}, "25": {"nrmse": [0.005189916926640064]}, "26": {"nrmse": [0.005190978709786747]}, "27": {"nrmse": [0.0051934374481528755]}, "28": {"nrmse": [0.005197437844324287]}, "29": {"nrmse": [0.005202371241434497]}, "30": {"nrmse": [0.005206985420234561]}, "31": {"nrmse": [0.005212204445477732]}, "32": {"nrmse": [0.005216998454145693]}, "33": {"nrmse": [0.005220533354327836]}, "34": {"nrmse": [0.005223780864541835]}, "35": {"nrmse": [0.005227734770487072]}, "36": {"nrmse": [0.0052320617615213465]}, "37": {"nrmse": [0.00523599089197745]}, "38": {"nrmse": [0.005240240068846568]}, "39": {"nrmse": [0.005244004214391052]}, "40": {"nrmse": [0.005247587043162459]}, "41": {"nrmse": [0.005311328013163348]}, "42": {"nrmse": [0.005371558412476515]}, "43": {"nrmse": [0.0054285082182438365]}, "44": {"nrmse": [0.005483768759032394]}, "45": {"nrmse": [0.005536367156218132]}, "46": {"nrmse": [0.0055862195720276595]}, "47": {"nrmse": [0.005632038493668412]}, "48": {"nrmse": [0.00567597598632612]}, "49": {"nrmse": [0.0057182157350384975]}, "50": {"nrmse": [0.00575758488790529]}, "51": {"nrmse": [0.005795754931990418]}, "52": {"nrmse": [0.005831879911444696]}, "53": {"nrmse": [0.005866270810169776]}, "54": {"nrmse": [0.0058993955747089835]}, "55": {"nrmse": [0.005931558153228562]}, "56": {"nrmse": [0.005962543905888849]}, "57": {"nrmse": [0.005991576362583793]}, "58": {"nrmse": [0.006018506372819065]}, "59": {"nrmse": [0.0060445196996636585]}, "60": {"nrmse": [0.006069111924841155]}}}