{"state_names": ["r"], "scores_per_horizon": {"1": {"nrmse": [0.01597847048295533]}, "2": {"nrmse": [0.015766271878126233]}, "3": {"nrmse": [0.015618868591205759]}, "4": {"nrmse": [0.015521124146976302]}, "5": {"nrmse": [0.015486188924626606]}, "6": {"nrmse": [0.015443359059875962]}, "7": {"nrmse": [0.015389073437374102]}, "8": {"nrmse": [0.015309368419135997]}, "9": {"nrmse": [0.015247626219458606]}, "10": {"nrmse": [0.01521746337121286]}, "11": {"nrmse": [0.015198311195862653]}, "12": {"nrmse": [0.015178092228222275]}, "13": {"nrmse": [0.01514969870057285]}, "14": {"nrmse": [0.01510075703837642]}, "15": {"nrmse": [0.015087217707611584]}, "16": {"nrmse": [0.015084420373080236]}, "17": {"nrmse": [0.01507665181779179]}, "18": {"nrmse": [0.015073813532793632]}, "19": {"nrmse": [0.015074867109448711]}, "20": {"nrmse": [0.015072211256386667]}, "21": {"nrmse": [0.01505482259705204]}, "22": {"nrmse": [0.015032751654830742]}, "23": {"nrmse": [0.014994065727162866]}, "24": {"nrmse": [0.014953421975264369]}, "25": {"nrmse": [0.014900612228982337]}, "26": {"nrmse": [0.014858443876638153]}, "27": {"nrmse": [0.01482373678355066]}, "28": {"nrmse": [0.014789074217289304]}, "29": {"nrmse": [0.014742850379794071]}, "30": {"nrmse": [0.014708690789050028]}, "31": {"nrmse": [0.014677090408467389]}, "32": {"nrmse": [0.014644756972351163]}, "33": {"nrmse": [0.014613812239773639]}, "34": {"nrmse": [0.014584298805512723]}, "35": {"nrmse": [0.014556365473354321]}, "36": {"nrmse": [0.014532009853411828]}, "37": {"nrmse": [0.014493607469235443]}, "38": {"nrmse": [0.014462304228371425]}, "39": {"nrmse": [0.014431700684574599]}, "40": {"nrmse": [0.014390979830965555]}, "41": {"nrmse": [0.014426229098803768]}, "42": {"nrmse": [0.0144528896356791]}, "43": {"nrmse": [0.014477477003221672]}, "44": {"nrmse": [0.014495303699602047]}, "45": {"nrmse": [0.01451434711769823]}, "46": {"nrmse": [0.014529916077332507]}, "47": {"nrmse": [0.014536812649605211]}, "48": {"nrmse": [0.0145386750228459]}, "49": {"nrmse": [0.014542036143321523]}, "50": {"nrmse": [0.014552884424958872]}, "51": {"nrmse": [0.014558923350728456]}, "52": {"nrmse": [0.014563335695397339]}, "53": {"nrmse": [0.014568838343014374]}, "54": {"nrmse": [0.014565993142966515]}, "55": {"nrmse": [0.014561864825335162]}, "56": {"nrmse": [0.014558782808179153]}, "57": {"nrmse": [0.014562945082561935]}, "58": {"nrmse": [0.014565703218495625]}, "59": {"nrmse": [0.014566116669813877]}, "60": {"nrmse": [0.014562843906836239]}}}