{"state_names": ["r"], "scores_per_horizon": {"1": {"nrmse": [0.017792070917122586]}, "2": {"nrmse": [0.01758951269638442]}, "3": {"nrmse": [0.017439970181715232]}, "4": {"nrmse": [0.01734626469700179]}, "5": {"nrmse": [0.017315926339973663]}, "6": {"nrmse": [0.017277541526393637]}, "7": {"nrmse": [0.0172288401795021]}, "8": {"nrmse": [0.01715016651659559]}, "9": {"nrmse": [0.017092370711271277]}, "10": {"nrmse": [0.017065321950952353]}, "11": {"nrmse": [0.017045064506442067]}, "12": {"nrmse": [0.017026321438151377]}, "13": {"nrmse": [0.01700022395405312]}, "14": {"nrmse": [0.016951293208987944]}, "15": {"nrmse": [0.016941413812691562]}, "16": {"nrmse": [0.01694234097634802]}, "17": {"nrmse": [0.0169397224802843]}, "18": {"nrmse": [0.016942547247646687]}, "19": {"nrmse": [0.016949566851208943]}, "20": {"nrmse": [0.016953097807583768]}, "21": {"nrmse": [0.016944077581727376]}, "22": {"nrmse": [0.01692922859867526]}, "23": {"nrmse": [0.016895645000356653]}, "24": {"nrmse": [0.016858066836102872]}, "25": {"nrmse": [0.01680951013696329]}, "26": {"nrmse": [0.01677227707843729]}, "27": {"nrmse": [0.01674372388764135]}, "28": {"nrmse": [0.016715497941619976]}, "29": {"nrmse": [0.01667448937995112]}, "30": {"nrmse": [0.016646319655178127]}, "31": {"nrmse": [0.01662147521344992]}, "32": {"nrmse": [0.016594283598513525]}, "33": {"nrmse": [0.016566963146496656]}, "34": {"nrmse": [0.016541660923176913]}, "35": {"nrmse": [0.01651807413299078]}, "36": {"nrmse": [0.016497758928897946]}, "37": {"nrmse": [0.016462307399134728]}, "38": {"nrmse": [0.016434448453368493]}, "39": {"nrmse": [0.01640665186704141]}, "40": {"nrmse": [0.016367153913330882]}, "41": {"nrmse": [0.01633057688505608]}, "42": {"nrmse": [0.01629168498144788]}, "43": {"nrmse": [0.016253167033808212]}, "44": {"nrmse": [0.016211168875888447]}, "45": {"nrmse": [0.016171824655339496]}, "46": {"nrmse": [0.016127990872444636]}, "47": {"nrmse": [0.016076952134745803]}, "48": {"nrmse": [0.01602243954424023]}, "49": {"nrmse": [0.015970893995257706]}, "50": {"nrmse": [0.01592937977119721]}, "51": {"nrmse": [0.015884820820798604]}, "52": {"nrmse": [0.015839724678182784]}, "53": {"nrmse": [0.015797658744731085]}, "54": {"nrmse": [0.015748006655772022]}, "55": {"nrmse": [0.01569979887773124]}, "56": {"nrmse": [0.015653255709965917]}, "57": {"nrmse": [0.015615534387252295]}, "58": {"nrmse": [0.015577404835401239]}, "59": {"nrmse": [0.015537949622207784]}, "60": {"nrmse": [0.015496741483800505]}}}