{"state_names": ["r"], "scores_per_horizon": {"1": {"nrmse": [0.005137831596521594]}, "2": {"nrmse": [0.005134925559338326]}, "3": {"nrmse": [0.0051384640827152345]}, "4": {"nrmse": [0.0051330613279677]}, "5": {"nrmse": [0.005136230907375343]}, "6": {"nrmse": [0.005131904388364048]}, "7": {"nrmse": [0.0051323681801829155]}, "8": {"nrmse": [0.005133788646330682]}, "9": {"nrmse": [0.005132588502888804]}, "10": {"nrmse": [0.005133057883637941]}, "11": {"nrmse": [0.005135909555597089]}, "12": {"nrmse": [0.005140237900468653]}, "13": {"nrmse": [0.00514505219254406]}, "14": {"nrmse": [0.005147476337169556]}, "15": {"nrmse": [0.005149054004080639]}, "16": {"nrmse": [0.005149713380839468]}, "17": {"nrmse": [0.005152390309951786]}, "18": {"nrmse": [0.005155594847815057]}, "19": {"nrmse": [0.00515680452664647]}, "20": {"nrmse": [0.005156391773953539]}, "21": {"nrmse": [0.005154915529466447]}, "22": {"nrmse": [0.0051556568586484195]}, "23": {"nrmse": [0.005155735513790662]}, "24": {"nrmse": [0.0051560847556689545]}, "25": {"nrmse": [0.0051572112764284965]}, "26": {"nrmse": [0.005158246955487494]}, "27": {"nrmse": [0.005160815147217169]}, "28": {"nrmse": [0.005164899541414115]}, "29": {"nrmse": [0.00516997684829236]}, "30": {"nrmse": [0.005174867436183391]}, "31": {"nrmse": [0.005180275794950664]}, "32": {"nrmse": [0.005185217313169053]}, "33": {"nrmse": [0.005188884060494218]}, "34": {"nrmse": [0.005192295381959167]}, "35": {"nrmse": [0.005196345352279003]}, "36": {"nrmse": [0.005200744489279485]}, "37": {"nrmse": [0.005204707919197574]}, "38": {"nrmse": [0.00520893141206408]}, "39": {"nrmse": [0.005212574825054445]}, "40": {"nrmse": [0.005216084223745887]}, "41": {"nrmse": [0.005219027824371504]}, "42": {"nrmse": [0.00522210226086439]}, "43": {"nrmse": [0.005224751853936543]}, "44": {"nrmse": [0.005228095934181108]}, "45": {"nrmse": [0.005231784235591316]}, "46": {"nrmse": [0.005235444481855027]}, "47": {"nrmse": [0.005237792465391546]}, "48": {"nrmse": [0.005240276165717173]}, "49": {"nrmse": [0.005242675509736626]}, "50": {"nrmse": [0.00524437805092343]}, "51": {"nrmse": [0.005246320733910145]}, "52": {"nrmse": [0.005247813360166901]}, "53": {"nrmse": [0.005249001763538373]}, "54": {"nrmse": [0.005250217238028953]}, "55": {"nrmse": [0.005251744292533671]}, "56": {"nrmse": [0.005253543187527116]}, "57": {"nrmse": [0.005254468109934568]}, "58": {"nrmse": [0.005254637641022381]}, "59": {"nrmse": [0.005254912011115264]}, "60": {"nrmse": [0.00525459587989312]}}}