{"state_names": ["r"], "scores_per_horizon": {"1": {"nrmse": [0.015245654412592612]}, "2": {"nrmse": [0.015399906773466138]}, "3": {"nrmse": [0.015311826860512908]}, "4": {"nrmse": [0.015232843930125872]}, "5": {"nrmse": [0.015203816937680543]}, "6": {"nrmse": [0.01516455703547254]}, "7": {"nrmse": [0.015113625866503291]}, "8": {"nrmse": [0.01503923165752085]}, "9": {"nrmse": [0.014982191437027587]}, "10": {"nrmse": [0.014955746935007697]}, "11": {"nrmse": [0.014939606097714168]}, "12": {"nrmse": [0.014922544881306373]}, "13": {"nrmse": [0.014896281170980753]}, "14": {"nrmse": [0.014849974780233744]}, "15": {"nrmse": [0.014838101423083543]}, "16": {"nrmse": [0.01483726765494465]}, "17": {"nrmse": [0.01483085526821746]}, "18": {"nrmse": [0.014829046293771596]}, "19": {"nrmse": [0.01483128578359713]}, "20": {"nrmse": [0.01482993932687633]}, "21": {"nrmse": [0.014814074540085867]}, "22": {"nrmse": [0.014793738033251878]}, "23": {"nrmse": [0.014757102605892145]}, "24": {"nrmse": [0.014718823575036696]}, "25": {"nrmse": [0.014668152393666888]}, "26": {"nrmse": [0.014627919647450228]}, "27": {"nrmse": [0.014594754187001485]}, "28": {"nrmse": [0.014561643253018284]}, "29": {"nrmse": [0.014516952014278902]}, "30": {"nrmse": [0.014484090915714917]}, "31": {"nrmse": [0.014453828635084492]}, "32": {"nrmse": [0.01442278788989294]}, "33": {"nrmse": [0.014393106097083747]}, "34": {"nrmse": [0.014364799837825999]}, "35": {"nrmse": [0.014337840420109993]}, "36": {"nrmse": [0.014314674762286416]}, "37": {"nrmse": [0.014277637474380383]}, "38": {"nrmse": [0.014247732597514726]}, "39": {"nrmse": [0.014218476371440556]}, "40": {"nrmse": [0.014179032330526656]}, "41": {"nrmse": [0.014220178931703875]}, "42": {"nrmse": [0.014252161168032544]}, "43": {"nrmse": [0.014281845916193492]}, "44": {"nrmse": [0.014304395121922237]}, "45": {"nrmse": [0.014328042506010235]}, "46": {"nrmse": [0.014348238139182285]}, "47": {"nrmse": [0.014359592222606772]}, "48": {"nrmse": [0.014365766957523117]}, "49": {"nrmse": [0.014373262492025494]}, "50": {"nrmse": [0.014388056612195053]}, "51": {"nrmse": [0.014397930905951288]}, "52": {"nrmse": [0.014405990931071814]}, "53": {"nrmse": [0.014415011268045171]}, "54": {"nrmse": [0.01441555439684315]}, "55": {"nrmse": [0.014414564572323483]}, "56": {"nrmse": [0.014414612478023192]}, "57": {"nrmse": [0.014421772102592035]}, "58": {"nrmse": [0.014427437584583817]}, "59": {"nrmse": [0.014430706647494285]}, "60": {"nrmse": [0.014430202430512233]}}}