{"state_names": ["r"], "scores_per_horizon": {"1": {"nrmse": [0.018219255736410617]}, "2": {"nrmse": [0.017621600552256884]}, "3": {"nrmse": [0.01732819505243661]}, "4": {"nrmse": [0.017156562424741787]}, "5": {"nrmse": [0.017078018375458612]}, "6": {"nrmse": [0.01700290820975572]}, "7": {"nrmse": [0.016924811897597796]}, "8": {"nrmse": [0.0168248365248229]}, "9": {"nrmse": [0.016750493627637583]}, "10": {"nrmse": [0.016709445126055163]}, "11": {"nrmse": [0.016679846508873147]}, "12": {"nrmse": [0.016652170374922497]}, "13": {"nrmse": [0.016618573605766497]}, "14": {"nrmse": [0.01656307395628571]}, "15": {"nrmse": [0.01654567302170438]}, "16": {"nrmse": [0.016539245487167873]}, "17": {"nrmse": [0.01652989831971356]}, "18": {"nrmse": [0.016526419525742433]}, "19": {"nrmse": [0.016526601011558843]}, "20": {"nrmse": [0.016523795748338857]}, "21": {"nrmse": [0.01650898866684017]}, "22": {"nrmse": [0.01648871359269417]}, "23": {"nrmse": [0.016450836959500996]}, "24": {"nrmse": [0.016409677276408765]}, "25": {"nrmse": [0.0163574225837848]}, "26": {"nrmse": [0.016316991931492737]}, "27": {"nrmse": [0.01628473686952578]}, "28": {"nrmse": [0.01625289657536945]}, "29": {"nrmse": [0.016208161212133122]}, "30": {"nrmse": [0.01617595392884789]}, "31": {"nrmse": [0.016146565805501292]}, "32": {"nrmse": [0.016115492742803023]}, "33": {"nrmse": [0.0160842059468478]}, "34": {"nrmse": [0.016054803001188167]}, "35": {"nrmse": [0.01602721515600997]}, "36": {"nrmse": [0.01600287696363686]}, "37": {"nrmse": [0.015963754857962344]}, "38": {"nrmse": [0.015932471658846422]}, "39": {"nrmse": [0.015901425871938137]}, "40": {"nrmse": [0.01585906279333168]}, "41": {"nrmse": [0.015855769628685748]}, "42": {"nrmse": [0.01584751244098703]}, "43": {"nrmse": [0.015838552061620912]}, "44": {"nrmse": [0.015825191385905536]}, "45": {"nrmse": [0.01581376067813985]}, "46": {"nrmse": [0.015798613714160064]}, "47": {"nrmse": [0.015775814293651824]}, "48": {"nrmse": [0.01574886541048049]}, "49": {"nrmse": [0.015724551353121126]}, "50": {"nrmse": [0.01570895843383547]}, "51": {"nrmse": [0.015689228977033114]}, "52": {"nrmse": [0.01566908245661016]}, "53": {"nrmse": [0.01565086153081328]}, "54": {"nrmse": [0.015625101235041416]}, "55": {"nrmse": [0.0155997091743051]}, "56": {"nrmse": [0.015575391579366674]}, "57": {"nrmse": [0.015559204752780244]}, "58": {"nrmse": [0.015542191400448853]}, "59": {"nrmse": [0.015523150919922207]}, "60": {"nrmse": [0.015500982090046878]}}}