{"state_names": ["r"], "scores_per_horizon": {"1": {"nrmse": [0.01574839399033996]}, "2": {"nrmse": [0.01548344448787835]}, "3": {"nrmse": [0.01531724775865146]}, "4": {"nrmse": [0.015208502449028964]}, "5": {"nrmse": [0.015164803997612743]}, "6": {"nrmse": [0.015116253411021583]}, "7": {"nrmse": [0.015058186059408033]}, "8": {"nrmse": [0.014976652529817653]}, "9": {"nrmse": [0.014912960009557693]}, "10": {"nrmse": [0.014881314893588795]}, "11": {"nrmse": [0.01486083776731009]}, "12": {"nrmse": [0.014839565679006572]}, "13": {"nrmse": [0.01481004059950393]}, "14": {"nrmse": [0.014760742396553908]}, "15": {"nrmse": [0.014746572524078062]}, "16": {"nrmse": [0.014743461131350026]}, "17": {"nrmse": [0.014735026826796137]}, "18": {"nrmse": [0.014731433757508395]}, "19": {"nrmse": [0.014731999686418341]}, "20": {"nrmse": [0.014728893918099532]}, "21": {"nrmse": [0.014710699733144804]}, "22": {"nrmse": [0.014688147412830194]}, "23": {"nrmse": [0.014649272511180162]}, "24": {"nrmse": [0.014608808639297581]}, "25": {"nrmse": [0.01455599969320139]}, "26": {"nrmse": [0.014513517856574943]}, "27": {"nrmse": [0.01447836051472002]}, "28": {"nrmse": [0.014443258001649964]}, "29": {"nrmse": [0.014396987077829368]}, "30": {"nrmse": [0.014362598791458365]}, "31": {"nrmse": [0.014330808337126227]}, "32": {"nrmse": [0.014298393903171386]}, "33": {"nrmse": [0.014267728075195945]}, "34": {"nrmse": [0.014238393852058885]}, "35": {"nrmse": [0.01421052686660601]}, "36": {"nrmse": [0.01418641018379367]}, "37": {"nrmse": [0.014148490426709438]}, "38": {"nrmse": [0.01411747871263635]}, "39": {"nrmse": [0.014087258276727249]}, "40": {"nrmse": [0.014047127086833273]}, "41": {"nrmse": [0.014091991600641592]}, "42": {"nrmse": [0.014127325733848967]}, "43": {"nrmse": [0.014160218765783057]}, "44": {"nrmse": [0.01418573793808073]}, "45": {"nrmse": [0.014212279150304395]}, "46": {"nrmse": [0.014235380870501815]}, "47": {"nrmse": [0.014249532567783536]}, "48": {"nrmse": [0.01425841204359756]}, "49": {"nrmse": [0.014268499541272244]}, "50": {"nrmse": [0.014285766733160947]}, "51": {"nrmse": [0.014298043432859403]}, "52": {"nrmse": [0.01430838720268471]}, "53": {"nrmse": [0.014319609040984727]}, "54": {"nrmse": [0.014322271398833568]}, "55": {"nrmse": [0.014323243743569055]}, "56": {"nrmse": [0.01432524782819333]}, "57": {"nrmse": [0.0143342804728095]}, "58": {"nrmse": [0.014341762042645836]}, "59": {"nrmse": [0.014346814177476738]}, "60": {"nrmse": [0.014348037955073304]}}}