{"state_names": ["r"], "scores_per_horizon": {"1": {"nrmse": [0.0006519177934306544]}, "2": {"nrmse": [0.0011045835946421818]}, "3": {"nrmse": [0.0013582795480044105]}, "4": {"nrmse": [0.0016090360516931499]}, "5": {"nrmse": [0.0018099087050686892]}, "6": {"nrmse": [0.001963676917267325]}, "7": {"nrmse": [0.0020754832049691106]}, "8": {"nrmse": [0.0021497688309591403]}, "9": {"nrmse": [0.00218914235560328]}, "10": {"nrmse": [0.002221145640840202]}, "11": {"nrmse": [0.002246616701177818]}, "12": {"nrmse": [0.0022591156871468974]}, "13": {"nrmse": [0.0022565240277430333]}, "14": {"nrmse": [0.0022542160549350434]}, "15": {"nrmse": [0.00225961040037752]}, "16": {"nrmse": [0.0022704453429923674]}, "17": {"nrmse": [0.002269917986317956]}, "18": {"nrmse": [0.0022715348623013106]}, "19": {"nrmse": [0.0022774385207986582]}, "20": {"nrmse": [0.0022800821307014853]}, "21": {"nrmse": [0.002274753874803002]}, "22": {"nrmse": [0.002273581169095076]}, "23": {"nrmse": [0.0022697108676790942]}, "24": {"nrmse": [0.002270365678879737]}, "25": {"nrmse": [0.002261313398126843]}, "26": {"nrmse": [0.0022580997685104328]}, "27": {"nrmse": [0.0022540190760483333]}, "28": {"nrmse": [0.002251871603446913]}, "29": {"nrmse": [0.0022461990463116025]}, "30": {"nrmse": [0.0022440855274981565]}, "31": {"nrmse": [0.0022418612716509742]}, "32": {"nrmse": [0.002239771555211854]}, "33": {"nrmse": [0.0022391760070624165]}, "34": {"nrmse": [0.002235963302289762]}, "35": {"nrmse": [0.0022314982772275067]}, "36": {"nrmse": [0.002231190937591252]}, "37": {"nrmse": [0.0022254942032002927]}, "38": {"nrmse": [0.0022223993676310427]}, "39": {"nrmse": [0.002219540031798393]}, "40": {"nrmse": [0.0022131517363180035]}, "41": {"nrmse": [0.0022088695513835534]}, "42": {"nrmse": [0.0022010594464939265]}, "43": {"nrmse": [0.0021958038277266126]}, "44": {"nrmse": [0.0021889552387192343]}, "45": {"nrmse": [0.002184860471652159]}, "46": {"nrmse": [0.0021827297493516545]}, "47": {"nrmse": [0.00217808004651485]}, "48": {"nrmse": [0.002172844534501443]}, "49": {"nrmse": [0.0021676748657753577]}, "50": {"nrmse": [0.0021639639738944175]}, "51": {"nrmse": [0.0021597416940167887]}, "52": {"nrmse": [0.002154693945704263]}, "53": {"nrmse": [0.00215060295651252]}, "54": {"nrmse": [0.002145460333194142]}, "55": {"nrmse": [0.002138988371377002]}, "56": {"nrmse": [0.0021357355661656323]}, "57": {"nrmse": [0.0021331108962748366]}, "58": {"nrmse": [0.00213038796706236]}, "59": {"nrmse": [0.002127929292239955]}, "60": {"nrmse": [0.0021247287514760287]}}}