{"state_names": ["r"], "scores_per_horizon": {"1": {"nrmse": [0.0013213583442817378]}, "2": {"nrmse": [0.001703510166702312]}, "3": {"nrmse": [0.0020636146493931613]}, "4": {"nrmse": [0.002388217471162145]}, "5": {"nrmse": [0.0026346634218059016]}, "6": {"nrmse": [0.0028198057961951106]}, "7": {"nrmse": [0.0029558742704509176]}, "8": {"nrmse": [0.003047198298708805]}, "9": {"nrmse": [0.0031038749723090514]}, "10": {"nrmse": [0.003152759460274422]}, "11": {"nrmse": [0.0031912132347011895]}, "12": {"nrmse": [0.0032146550607026806]}, "13": {"nrmse": [0.003221181458388707]}, "14": {"nrmse": [0.00322383175179787]}, "15": {"nrmse": [0.003238754921892104]}, "16": {"nrmse": [0.003257738314719512]}, "17": {"nrmse": [0.003264559832607248]}, "18": {"nrmse": [0.00327310214832263]}, "19": {"nrmse": [0.003284856246983415]}, "20": {"nrmse": [0.0032927795967394972]}, "21": {"nrmse": [0.003292953619699309]}, "22": {"nrmse": [0.0032962383613016604]}, "23": {"nrmse": [0.0032950980112669715]}, "24": {"nrmse": [0.003297778213961654]}, "25": {"nrmse": [0.0032911656999847563]}, "26": {"nrmse": [0.003292170024922502]}, "27": {"nrmse": [0.003293230991976733]}, "28": {"nrmse": [0.0032958087866502713]}, "29": {"nrmse": [0.0032927046153451577]}, "30": {"nrmse": [0.0032948727282483413]}, "31": {"nrmse": [0.0032969872904983866]}, "32": {"nrmse": [0.0032981052280725686]}, "33": {"nrmse": [0.0032993743047484616]}, "34": {"nrmse": [0.0032986495999483374]}, "35": {"nrmse": [0.003296994395595771]}, "36": {"nrmse": [0.0032988793240422433]}, "37": {"nrmse": [0.003293488010285517]}, "38": {"nrmse": [0.00329227315220824]}, "39": {"nrmse": [0.0032907222684081462]}, "40": {"nrmse": [0.0032841577882473383]}, "41": {"nrmse": [0.0032800935489746847]}, "42": {"nrmse": [0.0032731690511720976]}, "43": {"nrmse": [0.0032686834017691445]}, "44": {"nrmse": [0.0032626575705190118]}, "45": {"nrmse": [0.0032594036452800665]}, "46": {"nrmse": [0.003256375872487531]}, "47": {"nrmse": [0.003249683611112941]}, "48": {"nrmse": [0.0032417726723866155]}, "49": {"nrmse": [0.003234456667037478]}, "50": {"nrmse": [0.0032297091694190793]}, "51": {"nrmse": [0.0032231807805295034]}, "52": {"nrmse": [0.0032159207855260424]}, "53": {"nrmse": [0.003209685528760369]}, "54": {"nrmse": [0.003201105257384293]}, "55": {"nrmse": [0.003192211166317443]}, "56": {"nrmse": [0.003186017776345839]}, "57": {"nrmse": [0.00318162981056984]}, "58": {"nrmse": [0.0031764090182441105]}, "59": {"nrmse": [0.003170629425776272]}, "60": {"nrmse": [0.0031635380943174484]}}}