{"state_names": ["r"], "scores_per_horizon": {"1": {"nrmse": [0.0001747537475741875]}, "2": {"nrmse": [0.0001518934830050077]}, "3": {"nrmse": [0.00013757548291721977]}, "4": {"nrmse": [0.00012678440164637494]}, "5": {"nrmse": [0.00011796518497069062]}, "6": {"nrmse": [0.00011141357500999848]}, "7": {"nrmse": [0.0001057148332163901]}, "8": {"nrmse": [0.00010109928281726466]}, "9": {"nrmse": [9.802306515690326e-05]}, "10": {"nrmse": [9.527435265647636e-05]}, "11": {"nrmse": [9.326843638575573e-05]}, "12": {"nrmse": [9.22242541253758e-05]}, "13": {"nrmse": [9.317593639669396e-05]}, "14": {"nrmse": [9.362041634213e-05]}, "15": {"nrmse": [9.384569357497704e-05]}, "16": {"nrmse": [9.347234942999543e-05]}, "17": {"nrmse": [9.337296923060598e-05]}, "18": {"nrmse": [9.358703909102124e-05]}, "19": {"nrmse": [9.423795193394648e-05]}, "20": {"nrmse": [9.549096114198015e-05]}, "21": {"nrmse": [9.641973299315341e-05]}, "22": {"nrmse": [9.701456201664727e-05]}, "23": {"nrmse": [9.792229503497506e-05]}, "24": {"nrmse": [9.895374754221467e-05]}, "25": {"nrmse": [9.952989183450704e-05]}, "26": {"nrmse": [0.00010048213948488362]}, "27": {"nrmse": [0.00010197399852851132]}, "28": {"nrmse": [0.00010303880465988032]}, "29": {"nrmse": [0.00010355005802160077]}, "30": {"nrmse": [0.0001041598970292971]}, "31": {"nrmse": [0.00010519454834157113]}, "32": {"nrmse": [0.00010604398283651241]}, "33": {"nrmse": [0.00010689794842467326]}, "34": {"nrmse": [0.00010781309863778729]}, "35": {"nrmse": [0.00010877153901134765]}, "36": {"nrmse": [0.00010950123830995533]}, "37": {"nrmse": [0.00011010491562631271]}, "38": {"nrmse": [0.00011080925900044512]}, "39": {"nrmse": [0.00011153844605109211]}, "40": {"nrmse": [0.00011230064648657233]}, "41": {"nrmse": [0.00011300000472947047]}, "42": {"nrmse": [0.00011369845868970736]}, "43": {"nrmse": [0.00011452315952620746]}, "44": {"nrmse": [0.00011523152901839506]}, "45": {"nrmse": [0.00011564835453701162]}, "46": {"nrmse": [0.00011606678098825936]}, "47": {"nrmse": [0.00011653114403720542]}, "48": {"nrmse": [0.00011707534350452234]}, "49": {"nrmse": [0.00011727805335284222]}, "50": {"nrmse": [0.00011760326267699935]}, "51": {"nrmse": [0.0001179514398660351]}, "52": {"nrmse": [0.00011836449783131966]}, "53": {"nrmse": [0.00011895065766571864]}, "54": {"nrmse": [0.00011938605323699309]}, "55": {"nrmse": [0.00011969058589980946]}, "56": {"nrmse": [0.0001197092397690373]}, "57": {"nrmse": [0.00011995845638635761]}, "58": {"nrmse": [0.00012045759206944018]}, "59": {"nrmse": [0.00012090741118934714]}, "60": {"nrmse": [0.00012143208401938364]}}}