{"state_names": ["r"], "scores_per_horizon": {"1": {"nrmse": [0.00023541014202178054]}, "2": {"nrmse": [0.0002153853754142029]}, "3": {"nrmse": [0.00019102689290317703]}, "4": {"nrmse": [0.00017244158619052829]}, "5": {"nrmse": [0.00016083793347853665]}, "6": {"nrmse": [0.00015330668682969238]}, "7": {"nrmse": [0.0001480922940267865]}, "8": {"nrmse": [0.00014370984954557362]}, "9": {"nrmse": [0.000140402424296886]}, "10": {"nrmse": [0.0001357535701064991]}, "11": {"nrmse": [0.00013168455492696492]}, "12": {"nrmse": [0.00012806831347102071]}, "13": {"nrmse": [0.00012540777932207894]}, "14": {"nrmse": [0.00012202000927085015]}, "15": {"nrmse": [0.00011958893453954136]}, "16": {"nrmse": [0.00011832855302259543]}, "17": {"nrmse": [0.0001162155425096262]}, "18": {"nrmse": [0.00011527191609804732]}, "19": {"nrmse": [0.00011452166239003533]}, "20": {"nrmse": [0.00011392876626739548]}, "21": {"nrmse": [0.00011337186244444409]}, "22": {"nrmse": [0.00011292414056699305]}, "23": {"nrmse": [0.00011237040209529616]}, "24": {"nrmse": [0.00011209533018838205]}, "25": {"nrmse": [0.00011199104573297914]}, "26": {"nrmse": [0.00011152927236503667]}, "27": {"nrmse": [0.00011153044540808911]}, "28": {"nrmse": [0.00011177748430145732]}, "29": {"nrmse": [0.00011138866287965989]}, "30": {"nrmse": [0.00011111409896680203]}, "31": {"nrmse": [0.00011128444144568685]}, "32": {"nrmse": [0.00011158633625900667]}, "33": {"nrmse": [0.00011132394283684183]}, "34": {"nrmse": [0.00011127254493448491]}, "35": {"nrmse": [0.00011155880289534275]}, "36": {"nrmse": [0.0001115078946200599]}, "37": {"nrmse": [0.00011127403226053156]}, "38": {"nrmse": [0.00011134361463460881]}, "39": {"nrmse": [0.0001117273841972519]}, "40": {"nrmse": [0.00011192878037950002]}, "41": {"nrmse": [0.00011199003890998098]}, "42": {"nrmse": [0.00011205312512564223]}, "43": {"nrmse": [0.0001120492568835734]}, "44": {"nrmse": [0.00011201861770788014]}, "45": {"nrmse": [0.00011198802942757436]}, "46": {"nrmse": [0.00011192963154539552]}, "47": {"nrmse": [0.00011185458961748319]}, "48": {"nrmse": [0.00011186199960214355]}, "49": {"nrmse": [0.0001116559061248167]}, "50": {"nrmse": [0.00011172476063495302]}, "51": {"nrmse": [0.00011191905808288678]}, "52": {"nrmse": [0.00011201449975398997]}, "53": {"nrmse": [0.00011235018503516287]}, "54": {"nrmse": [0.00011233540182724395]}, "55": {"nrmse": [0.00011245226082028688]}, "56": {"nrmse": [0.00011247181525665475]}, "57": {"nrmse": [0.00011239102000202396]}, "58": {"nrmse": [0.00011233050336504618]}, "59": {"nrmse": [0.00011237443275263422]}, "60": {"nrmse": [0.00011268841304662619]}}}