{"state_names": ["r"], "scores_per_horizon": {"1": {"nrmse": [0.000300668590138083]}, "2": {"nrmse": [0.0003132313051410918]}, "3": {"nrmse": [0.0003079014228511349]}, "4": {"nrmse": [0.00028895226809335923]}, "5": {"nrmse": [0.0002749886597583959]}, "6": {"nrmse": [0.0002699504979826485]}, "7": {"nrmse": [0.00026609483238795834]}, "8": {"nrmse": [0.00026656134819111647]}, "9": {"nrmse": [0.0002683086997476385]}, "10": {"nrmse": [0.00026630454933881866]}, "11": {"nrmse": [0.00026614632042023167]}, "12": {"nrmse": [0.00026516637605312733]}, "13": {"nrmse": [0.0002686544149746512]}, "14": {"nrmse": [0.0002686501735309634]}, "15": {"nrmse": [0.0002685501530879941]}, "16": {"nrmse": [0.00026838033844749835]}, "17": {"nrmse": [0.0002668968721232973]}, "18": {"nrmse": [0.0002658289352531427]}, "19": {"nrmse": [0.0002651955423080792]}, "20": {"nrmse": [0.000264757457411061]}, "21": {"nrmse": [0.0002654311437536073]}, "22": {"nrmse": [0.00026585377153327507]}, "23": {"nrmse": [0.0002651747495125612]}, "24": {"nrmse": [0.0002648453417756915]}, "25": {"nrmse": [0.0002657644012119579]}, "26": {"nrmse": [0.0002646401843871456]}, "27": {"nrmse": [0.00026586656877296435]}, "28": {"nrmse": [0.00026653155424440436]}, "29": {"nrmse": [0.0002661243179431245]}, "30": {"nrmse": [0.0002646495307058284]}, "31": {"nrmse": [0.00026436249773385964]}, "32": {"nrmse": [0.00026461409157531356]}, "33": {"nrmse": [0.00026395017285541633]}, "34": {"nrmse": [0.0002631626341602285]}, "35": {"nrmse": [0.0002637304611019894]}, "36": {"nrmse": [0.0002639420307147043]}, "37": {"nrmse": [0.0002627794763253984]}, "38": {"nrmse": [0.00026286771146271525]}, "39": {"nrmse": [0.0002638126758671572]}, "40": {"nrmse": [0.0002638415706311401]}, "41": {"nrmse": [0.00026385267985666285]}, "42": {"nrmse": [0.0002640237885982354]}, "43": {"nrmse": [0.0002645948961260306]}, "44": {"nrmse": [0.0002648555116683094]}, "45": {"nrmse": [0.00026462399280758437]}, "46": {"nrmse": [0.00026481521678607293]}, "47": {"nrmse": [0.0002647291266946353]}, "48": {"nrmse": [0.000264994618408936]}, "49": {"nrmse": [0.00026461090405654943]}, "50": {"nrmse": [0.0002645209038315429]}, "51": {"nrmse": [0.00026463624526926134]}, "52": {"nrmse": [0.00026475670282867053]}, "53": {"nrmse": [0.0002649125860503777]}, "54": {"nrmse": [0.00026482068913675886]}, "55": {"nrmse": [0.00026526720782330047]}, "56": {"nrmse": [0.00026540659067254217]}, "57": {"nrmse": [0.0002650948844065605]}, "58": {"nrmse": [0.00026497190663621865]}, "59": {"nrmse": [0.000265137348015765]}, "60": {"nrmse": [0.0002656133261573784]}}}