{"state_names": ["r"], "scores_per_horizon": {"1": {"nrmse": [0.0002602256467404767]}, "2": {"nrmse": [0.00024365347700110672]}, "3": {"nrmse": [0.00022652716913981527]}, "4": {"nrmse": [0.00021284188405958603]}, "5": {"nrmse": [0.00020273274078664178]}, "6": {"nrmse": [0.0001958074160633242]}, "7": {"nrmse": [0.00018915456194606582]}, "8": {"nrmse": [0.00018488711711359566]}, "9": {"nrmse": [0.0001826929480764361]}, "10": {"nrmse": [0.0001789995589046173]}, "11": {"nrmse": [0.0001771182129416762]}, "12": {"nrmse": [0.0001755601802939515]}, "13": {"nrmse": [0.00017512466451611398]}, "14": {"nrmse": [0.00017321621838976346]}, "15": {"nrmse": [0.00017202426740124248]}, "16": {"nrmse": [0.00017296199351110253]}, "17": {"nrmse": [0.0001722929536343588]}, "18": {"nrmse": [0.00017334853330418985]}, "19": {"nrmse": [0.00017362372975915504]}, "20": {"nrmse": [0.00017363210105792796]}, "21": {"nrmse": [0.00017370764083955234]}, "22": {"nrmse": [0.00017451986832511335]}, "23": {"nrmse": [0.0001740673202391825]}, "24": {"nrmse": [0.00017411125945417916]}, "25": {"nrmse": [0.00017454259940786205]}, "26": {"nrmse": [0.00017382259906088596]}, "27": {"nrmse": [0.00017400182274641005]}, "28": {"nrmse": [0.00017440434476980745]}, "29": {"nrmse": [0.00017458551364916427]}, "30": {"nrmse": [0.00017430510212709333]}, "31": {"nrmse": [0.00017434395789556225]}, "32": {"nrmse": [0.0001749624217649584]}, "33": {"nrmse": [0.0001747395362742844]}, "34": {"nrmse": [0.00017457681272685128]}, "35": {"nrmse": [0.00017476018588564337]}, "36": {"nrmse": [0.0001753988034238663]}, "37": {"nrmse": [0.0001753033104503352]}, "38": {"nrmse": [0.00017547429742937324]}, "39": {"nrmse": [0.00017644293036607578]}, "40": {"nrmse": [0.00017677591077752856]}, "41": {"nrmse": [0.00017694878719258216]}, "42": {"nrmse": [0.00017708759359488227]}, "43": {"nrmse": [0.00017686787884287975]}, "44": {"nrmse": [0.00017700813655605798]}, "45": {"nrmse": [0.00017726691021194426]}, "46": {"nrmse": [0.00017728450647792334]}, "47": {"nrmse": [0.00017696459747412862]}, "48": {"nrmse": [0.0001771525424011839]}, "49": {"nrmse": [0.00017743532939830834]}, "50": {"nrmse": [0.00017747629424236073]}, "51": {"nrmse": [0.00017799660796981485]}, "52": {"nrmse": [0.00017808037922391044]}, "53": {"nrmse": [0.00017841073028872445]}, "54": {"nrmse": [0.00017831120878770913]}, "55": {"nrmse": [0.00017856386540820632]}, "56": {"nrmse": [0.000178871264488087]}, "57": {"nrmse": [0.0001787450323864157]}, "58": {"nrmse": [0.00017827117053171497]}, "59": {"nrmse": [0.00017826200695159422]}, "60": {"nrmse": [0.00017861993937120138]}}}