{"state_names": ["r"], "scores_per_horizon": {"1": {"nrmse": [0.005390365431985361]}, "2": {"nrmse": [0.005219858496136607]}, "3": {"nrmse": [0.005092158892975837]}, "4": {"nrmse": [0.0049792478305061075]}, "5": {"nrmse": [0.00486972045592073]}, "6": {"nrmse": [0.004770355548789345]}, "7": {"nrmse": [0.004685290138786605]}, "8": {"nrmse": [0.004611995789420729]}, "9": {"nrmse": [0.004546142381577109]}, "10": {"nrmse": [0.004496667638294771]}, "11": {"nrmse": [0.004459887142663083]}, "12": {"nrmse": [0.004425470167133975]}, "13": {"nrmse": [0.004383775683537055]}, "14": {"nrmse": [0.004341740250069803]}, "15": {"nrmse": [0.004312680980019872]}, "16": {"nrmse": [0.004293501743091729]}, "17": {"nrmse": [0.004268621844813167]}, "18": {"nrmse": [0.004246218875432652]}, "19": {"nrmse": [0.004229633881094208]}, "20": {"nrmse": [0.004212531876494068]}, "21": {"nrmse": [0.004188058577855071]}, "22": {"nrmse": [0.00416531769172928]}, "23": {"nrmse": [0.004139815504329555]}, "24": {"nrmse": [0.004119015422650345]}, "25": {"nrmse": [0.004090925726260069]}, "26": {"nrmse": [0.004067766829061021]}, "27": {"nrmse": [0.004045609824248475]}, "28": {"nrmse": [0.004025905383377933]}, "29": {"nrmse": [0.004003633384089471]}, "30": {"nrmse": [0.003985776141061576]}, "31": {"nrmse": [0.003969380649285808]}, "32": {"nrmse": [0.003954153175876054]}, "33": {"nrmse": [0.00394169167093878]}, "34": {"nrmse": [0.00392875457180427]}, "35": {"nrmse": [0.0039148186744397675]}, "36": {"nrmse": [0.0039053936256879373]}, "37": {"nrmse": [0.003891134091014261]}, "38": {"nrmse": [0.003879477928294271]}, "39": {"nrmse": [0.0038688527215614745]}, "40": {"nrmse": [0.003854492188394647]}, "41": {"nrmse": [0.00384159413413325]}, "42": {"nrmse": [0.003825348660032645]}, "43": {"nrmse": [0.0038105868670638863]}, "44": {"nrmse": [0.0037943601827049316]}, "45": {"nrmse": [0.0037808693577974783]}, "46": {"nrmse": [0.0037705052303832623]}, "47": {"nrmse": [0.003759096813415502]}, "48": {"nrmse": [0.0037479300060564726]}, "49": {"nrmse": [0.003737614989141073]}, "50": {"nrmse": [0.003729319627948645]}, "51": {"nrmse": [0.0037211938484078963]}, "52": {"nrmse": [0.0037125173491751656]}, "53": {"nrmse": [0.003704823342054823]}, "54": {"nrmse": [0.0036958196897602102]}, "55": {"nrmse": [0.0036850322545213202]}, "56": {"nrmse": [0.003677182508181167]}, "57": {"nrmse": [0.0036710851992177032]}, "58": {"nrmse": [0.003665303465359043]}, "59": {"nrmse": [0.0036601170328659904]}, "60": {"nrmse": [0.003654674517899751]}}}