{"state_names": ["r"], "scores_per_horizon": {"1": {"nrmse": [0.005789917627724312]}, "2": {"nrmse": [0.005734245546859515]}, "3": {"nrmse": [0.005656891017688895]}, "4": {"nrmse": [0.005873972034877372]}, "5": {"nrmse": [0.006166917492397659]}, "6": {"nrmse": [0.0064182551441933095]}, "7": {"nrmse": [0.006624594084800642]}, "8": {"nrmse": [0.006786814223717896]}, "9": {"nrmse": [0.006923760403485767]}, "10": {"nrmse": [0.007053599561739929]}, "11": {"nrmse": [0.007168580981695707]}, "12": {"nrmse": [0.0072636338877326454]}, "13": {"nrmse": [0.007333197148141983]}, "14": {"nrmse": [0.007382499466342705]}, "15": {"nrmse": [0.007443557823095535]}, "16": {"nrmse": [0.0075036165547015445]}, "17": {"nrmse": [0.007549382485469833]}, "18": {"nrmse": [0.0075937865854837396]}, "19": {"nrmse": [0.007636609862970014]}, "20": {"nrmse": [0.00767188315436156]}, "21": {"nrmse": [0.007696302288391052]}, "22": {"nrmse": [0.007717675330138654]}, "23": {"nrmse": [0.007727019838268953]}, "24": {"nrmse": [0.0077358788186379715]}, "25": {"nrmse": [0.007734039139201911]}, "26": {"nrmse": [0.007740981320933401]}, "27": {"nrmse": [0.007749091402204609]}, "28": {"nrmse": [0.007758022890010266]}, "29": {"nrmse": [0.007757971642570276]}, "30": {"nrmse": [0.007765412626580918]}, "31": {"nrmse": [0.0077728655096337635]}, "32": {"nrmse": [0.007778242048521857]}, "33": {"nrmse": [0.0077824066515556215]}, "34": {"nrmse": [0.007785838110843173]}, "35": {"nrmse": [0.0077887255452466905]}, "36": {"nrmse": [0.007794141292369316]}, "37": {"nrmse": [0.007788801320386325]}, "38": {"nrmse": [0.007789246723298707]}, "39": {"nrmse": [0.0077883678200849115]}, "40": {"nrmse": [0.007779499450326661]}, "41": {"nrmse": [0.007772573193798037]}, "42": {"nrmse": [0.0077627103580306936]}, "43": {"nrmse": [0.007754075425877802]}, "44": {"nrmse": [0.007743240286874631]}, "45": {"nrmse": [0.007734862631098745]}, "46": {"nrmse": [0.0077246335723709265]}, "47": {"nrmse": [0.007709806476761481]}, "48": {"nrmse": [0.007693383354279239]}, "49": {"nrmse": [0.007678424760286816]}, "50": {"nrmse": [0.007668198952627272]}, "51": {"nrmse": [0.007655162802945898]}, "52": {"nrmse": [0.007641815366046264]}, "53": {"nrmse": [0.00762966009624203]}, "54": {"nrmse": [0.0076130262607124275]}, "55": {"nrmse": [0.007596830090915564]}, "56": {"nrmse": [0.007582160597465356]}, "57": {"nrmse": [0.007571585933593512]}, "58": {"nrmse": [0.007560197724588084]}, "59": {"nrmse": [0.007547683234568046]}, "60": {"nrmse": [0.007533269556969844]}}}