{"state_names": ["r"], "scores_per_horizon": {"1": {"nrmse": [0.00043021612367999813]}, "2": {"nrmse": [0.00037555683411929407]}, "3": {"nrmse": [0.0003441336363025681]}, "4": {"nrmse": [0.00031673752435427597]}, "5": {"nrmse": [0.0002960194417782398]}, "6": {"nrmse": [0.0002817204944177036]}, "7": {"nrmse": [0.00026915754344312835]}, "8": {"nrmse": [0.00026282364337295195]}, "9": {"nrmse": [0.000260345611674497]}, "10": {"nrmse": [0.00025580887804129896]}, "11": {"nrmse": [0.00025445811923628317]}, "12": {"nrmse": [0.00025309875110921426]}, "13": {"nrmse": [0.000254593699122676]}, "14": {"nrmse": [0.0002528652683119767]}, "15": {"nrmse": [0.000252117805143361]}, "16": {"nrmse": [0.0002520784321133936]}, "17": {"nrmse": [0.0002504571640072388]}, "18": {"nrmse": [0.0002507167506269778]}, "19": {"nrmse": [0.0002509626048383138]}, "20": {"nrmse": [0.00025053596622819205]}, "21": {"nrmse": [0.00025083280299039123]}, "22": {"nrmse": [0.0002515180537815212]}, "23": {"nrmse": [0.0002506061246134678]}, "24": {"nrmse": [0.0002508764516967827]}, "25": {"nrmse": [0.00025181302139950194]}, "26": {"nrmse": [0.0002511143575305802]}, "27": {"nrmse": [0.00025222908992856766]}, "28": {"nrmse": [0.00025296905699929956]}, "29": {"nrmse": [0.0002528879753819975]}, "30": {"nrmse": [0.0002520686664852568]}, "31": {"nrmse": [0.0002518476760922803]}, "32": {"nrmse": [0.0002525901903274034]}, "33": {"nrmse": [0.0002518240104690407]}, "34": {"nrmse": [0.0002512704891809423]}, "35": {"nrmse": [0.00025161273342678845]}, "36": {"nrmse": [0.0002520762852238857]}, "37": {"nrmse": [0.0002512410808482928]}, "38": {"nrmse": [0.00025129919525728974]}, "39": {"nrmse": [0.0002523180755906652]}, "40": {"nrmse": [0.00025270303797719556]}, "41": {"nrmse": [0.0002531539383957673]}, "42": {"nrmse": [0.0002533909782301663]}, "43": {"nrmse": [0.00025326108712315804]}, "44": {"nrmse": [0.0002529687060323443]}, "45": {"nrmse": [0.00025300287851137525]}, "46": {"nrmse": [0.000253043574978132]}, "47": {"nrmse": [0.0002526679074917809]}, "48": {"nrmse": [0.00025244005599431155]}, "49": {"nrmse": [0.0002519965602634435]}, "50": {"nrmse": [0.00025180025515468795]}, "51": {"nrmse": [0.0002517797249791023]}, "52": {"nrmse": [0.0002516263070221925]}, "53": {"nrmse": [0.0002519589946571811]}, "54": {"nrmse": [0.0002518494485412053]}, "55": {"nrmse": [0.00025228564702861714]}, "56": {"nrmse": [0.0002524441187230826]}, "57": {"nrmse": [0.0002521129335915448]}, "58": {"nrmse": [0.0002516492951014289]}, "59": {"nrmse": [0.0002516784018117512]}, "60": {"nrmse": [0.0002521645189782543]}}}