{"state_names": ["r"], "scores_per_horizon": {"1": {"nrmse": [0.00036929211460990237]}, "2": {"nrmse": [0.00032476880940512264]}, "3": {"nrmse": [0.0002999140028803427]}, "4": {"nrmse": [0.0002743172390118064]}, "5": {"nrmse": [0.00025666596808043607]}, "6": {"nrmse": [0.0002474324328914418]}, "7": {"nrmse": [0.000241039449122847]}, "8": {"nrmse": [0.00023870382532865996]}, "9": {"nrmse": [0.00023776871122177024]}, "10": {"nrmse": [0.00023309797688654925]}, "11": {"nrmse": [0.00022975314463430824]}, "12": {"nrmse": [0.00022682059642412916]}, "13": {"nrmse": [0.0002259885022957352]}, "14": {"nrmse": [0.0002235276440493326]}, "15": {"nrmse": [0.00022096738601595575]}, "16": {"nrmse": [0.0002200525403850854]}, "17": {"nrmse": [0.0002176082628229792]}, "18": {"nrmse": [0.00021582560563503103]}, "19": {"nrmse": [0.0002142397474083959]}, "20": {"nrmse": [0.00021255873795906452]}, "21": {"nrmse": [0.00021178367388254262]}, "22": {"nrmse": [0.0002114762850456528]}, "23": {"nrmse": [0.0002098392472872721]}, "24": {"nrmse": [0.00020934898825691648]}, "25": {"nrmse": [0.00020971491869125152]}, "26": {"nrmse": [0.00020846379715778378]}, "27": {"nrmse": [0.0002091341496220299]}, "28": {"nrmse": [0.00020921592203050857]}, "29": {"nrmse": [0.00020880190582385768]}, "30": {"nrmse": [0.00020772042633389272]}, "31": {"nrmse": [0.00020703756301353583]}, "32": {"nrmse": [0.00020718402681321293]}, "33": {"nrmse": [0.000206608637730483]}, "34": {"nrmse": [0.00020572651052221523]}, "35": {"nrmse": [0.00020574232918855345]}, "36": {"nrmse": [0.00020567149030598363]}, "37": {"nrmse": [0.0002044638261403001]}, "38": {"nrmse": [0.00020444009809125603]}, "39": {"nrmse": [0.00020491213167344224]}, "40": {"nrmse": [0.00020464833766711083]}, "41": {"nrmse": [0.00020434938459560928]}, "42": {"nrmse": [0.0002040809374832574]}, "43": {"nrmse": [0.00020412642971394702]}, "44": {"nrmse": [0.00020392214757630753]}, "45": {"nrmse": [0.00020385257163082275]}, "46": {"nrmse": [0.0002038221825757236]}, "47": {"nrmse": [0.00020326689545822107]}, "48": {"nrmse": [0.00020300959278912644]}, "49": {"nrmse": [0.00020292104990516613]}, "50": {"nrmse": [0.00020265705434348267]}, "51": {"nrmse": [0.00020243339255181787]}, "52": {"nrmse": [0.0002021589438184943]}, "53": {"nrmse": [0.0002022083770974998]}, "54": {"nrmse": [0.00020197640243500617]}, "55": {"nrmse": [0.00020210589978506192]}, "56": {"nrmse": [0.00020208909931079531]}, "57": {"nrmse": [0.00020160446877555286]}, "58": {"nrmse": [0.00020119013625096162]}, "59": {"nrmse": [0.0002009003498916376]}, "60": {"nrmse": [0.00020104232680231247]}}}