{"state_names": ["r"], "scores_per_horizon": {"1": {"nrmse": [0.00038159861479944917]}, "2": {"nrmse": [0.00032859559407921924]}, "3": {"nrmse": [0.0002980388494567726]}, "4": {"nrmse": [0.0002743573779753504]}, "5": {"nrmse": [0.00025583144621105827]}, "6": {"nrmse": [0.00024362994922217933]}, "7": {"nrmse": [0.0002335764055688293]}, "8": {"nrmse": [0.000227316778842131]}, "9": {"nrmse": [0.00022509181077380876]}, "10": {"nrmse": [0.00022039764998527328]}, "11": {"nrmse": [0.0002166597382408712]}, "12": {"nrmse": [0.00021418892083530496]}, "13": {"nrmse": [0.00021411180283756797]}, "14": {"nrmse": [0.00021174037193236504]}, "15": {"nrmse": [0.00021010194597482286]}, "16": {"nrmse": [0.00021003495482772457]}, "17": {"nrmse": [0.00020776519612148147]}, "18": {"nrmse": [0.0002068109890399015]}, "19": {"nrmse": [0.0002059078845544385]}, "20": {"nrmse": [0.00020449842924378286]}, "21": {"nrmse": [0.00020450556047470634]}, "22": {"nrmse": [0.00020396042142756195]}, "23": {"nrmse": [0.00020261028358765093]}, "24": {"nrmse": [0.00020209327749123431]}, "25": {"nrmse": [0.0002019640734650161]}, "26": {"nrmse": [0.00020058509561204677]}, "27": {"nrmse": [0.00020033484631156462]}, "28": {"nrmse": [0.00020007396902570437]}, "29": {"nrmse": [0.00019934231555929406]}, "30": {"nrmse": [0.00019807933878505764]}, "31": {"nrmse": [0.00019750914665849853]}, "32": {"nrmse": [0.00019747016514402272]}, "33": {"nrmse": [0.00019696606853422248]}, "34": {"nrmse": [0.0001963003731691684]}, "35": {"nrmse": [0.0001960477561163508]}, "36": {"nrmse": [0.00019571197197881872]}, "37": {"nrmse": [0.0001945995351081128]}, "38": {"nrmse": [0.00019446768948510153]}, "39": {"nrmse": [0.0001949209483905361]}, "40": {"nrmse": [0.0001944787007199808]}, "41": {"nrmse": [0.00019413876460216482]}, "42": {"nrmse": [0.00019388113578320477]}, "43": {"nrmse": [0.00019370906034491477]}, "44": {"nrmse": [0.0001934893556720302]}, "45": {"nrmse": [0.00019322257138785264]}, "46": {"nrmse": [0.00019307696453141308]}, "47": {"nrmse": [0.0001929572515149081]}, "48": {"nrmse": [0.00019279241311699716]}, "49": {"nrmse": [0.00019250252586007043]}, "50": {"nrmse": [0.0001923144771666629]}, "51": {"nrmse": [0.0001921446238764594]}, "52": {"nrmse": [0.0001919601426197785]}, "53": {"nrmse": [0.00019173709568878042]}, "54": {"nrmse": [0.00019146509148108772]}, "55": {"nrmse": [0.00019133504907636493]}, "56": {"nrmse": [0.00019119084274708242]}, "57": {"nrmse": [0.00019083311353854126]}, "58": {"nrmse": [0.00019053124526939734]}, "59": {"nrmse": [0.00019035398566724553]}, "60": {"nrmse": [0.00019061798404574842]}}}