{"state_names": ["r"], "scores_per_horizon": {"1": {"nrmse": [0.0004273873627935794]}, "2": {"nrmse": [0.00035746760224232224]}, "3": {"nrmse": [0.00032777104227088235]}, "4": {"nrmse": [0.000301791803202344]}, "5": {"nrmse": [0.0002841398653033638]}, "6": {"nrmse": [0.0002727598556386503]}, "7": {"nrmse": [0.0002630776418087246]}, "8": {"nrmse": [0.0002575992996046246]}, "9": {"nrmse": [0.0002550286554755969]}, "10": {"nrmse": [0.00025011024654927904]}, "11": {"nrmse": [0.00024602557408158487]}, "12": {"nrmse": [0.00024271713495964287]}, "13": {"nrmse": [0.00024265252465423666]}, "14": {"nrmse": [0.00024025810091438544]}, "15": {"nrmse": [0.00023799519670629897]}, "16": {"nrmse": [0.0002372202337312469]}, "17": {"nrmse": [0.00023472100588669474]}, "18": {"nrmse": [0.00023319336403736436]}, "19": {"nrmse": [0.0002318069754178104]}, "20": {"nrmse": [0.0002304043791311886]}, "21": {"nrmse": [0.0002302508516137699]}, "22": {"nrmse": [0.00023031973994899936]}, "23": {"nrmse": [0.00022889748948201204]}, "24": {"nrmse": [0.00022819818713306296]}, "25": {"nrmse": [0.000228213089773751]}, "26": {"nrmse": [0.00022655788479158817]}, "27": {"nrmse": [0.00022707415778165391]}, "28": {"nrmse": [0.00022719238019337256]}, "29": {"nrmse": [0.0002267879747506396]}, "30": {"nrmse": [0.00022551702245411415]}, "31": {"nrmse": [0.00022459511874155325]}, "32": {"nrmse": [0.00022458642091273217]}, "33": {"nrmse": [0.00022389048924758786]}, "34": {"nrmse": [0.00022299087754597814]}, "35": {"nrmse": [0.00022290460676156716]}, "36": {"nrmse": [0.00022299095086703794]}, "37": {"nrmse": [0.00022179067981310195]}, "38": {"nrmse": [0.00022154152219687104]}, "39": {"nrmse": [0.0002221516893715826]}, "40": {"nrmse": [0.0002218941737557604]}, "41": {"nrmse": [0.0002216293930649331]}, "42": {"nrmse": [0.00022125994669124207]}, "43": {"nrmse": [0.0002211211628509685]}, "44": {"nrmse": [0.00022103908821871746]}, "45": {"nrmse": [0.00022083439207551037]}, "46": {"nrmse": [0.00022055581075859122]}, "47": {"nrmse": [0.00021993591631990693]}, "48": {"nrmse": [0.0002197824079882611]}, "49": {"nrmse": [0.00021958363543384557]}, "50": {"nrmse": [0.00021922054695399734]}, "51": {"nrmse": [0.00021907028535904968]}, "52": {"nrmse": [0.00021877090959311125]}, "53": {"nrmse": [0.0002186827757820477]}, "54": {"nrmse": [0.00021839447272050555]}, "55": {"nrmse": [0.00021849490941469414]}, "56": {"nrmse": [0.0002184214324729023]}, "57": {"nrmse": [0.00021790805289122127]}, "58": {"nrmse": [0.000217397206829687]}, "59": {"nrmse": [0.00021719339741188437]}, "60": {"nrmse": [0.00021765912868873107]}}}