{"state_names": ["r"], "scores_per_horizon": {"1": {"nrmse": [0.00040885691153375015]}, "2": {"nrmse": [0.00033861193900007057]}, "3": {"nrmse": [0.00030368481275844613]}, "4": {"nrmse": [0.00027319473525967247]}, "5": {"nrmse": [0.00025339962786881035]}, "6": {"nrmse": [0.00024020984701352607]}, "7": {"nrmse": [0.0002290058130475245]}, "8": {"nrmse": [0.00022203005129505248]}, "9": {"nrmse": [0.00021777986409401374]}, "10": {"nrmse": [0.0002120894991960562]}, "11": {"nrmse": [0.00020779903878847338]}, "12": {"nrmse": [0.00020409497190113435]}, "13": {"nrmse": [0.00020232523093874734]}, "14": {"nrmse": [0.00019905682427149416]}, "15": {"nrmse": [0.00019649498982066878]}, "16": {"nrmse": [0.00019572688857856147]}, "17": {"nrmse": [0.0001926530560497166]}, "18": {"nrmse": [0.0001911570696914642]}, "19": {"nrmse": [0.0001897034696921481]}, "20": {"nrmse": [0.00018785427649910816]}, "21": {"nrmse": [0.00018709402810370527]}, "22": {"nrmse": [0.00018610107140633995]}, "23": {"nrmse": [0.00018452458894298963]}, "24": {"nrmse": [0.00018367497115239016]}, "25": {"nrmse": [0.00018337413790681637]}, "26": {"nrmse": [0.0001818040829872965]}, "27": {"nrmse": [0.00018117467934359972]}, "28": {"nrmse": [0.00018065634102730512]}, "29": {"nrmse": [0.0001797471896402485]}, "30": {"nrmse": [0.00017838085590956025]}, "31": {"nrmse": [0.00017756527675018776]}, "32": {"nrmse": [0.00017738285351171534]}, "33": {"nrmse": [0.00017643734839535325]}, "34": {"nrmse": [0.00017543999483009794]}, "35": {"nrmse": [0.0001750249653785969]}, "36": {"nrmse": [0.0001744606951629102]}, "37": {"nrmse": [0.00017318748103417958]}, "38": {"nrmse": [0.0001728707948763936]}, "39": {"nrmse": [0.00017325725460566003]}, "40": {"nrmse": [0.00017299311829627846]}, "41": {"nrmse": [0.00017262951054027845]}, "42": {"nrmse": [0.00017230582192449291]}, "43": {"nrmse": [0.0001720004771418419]}, "44": {"nrmse": [0.00017150258378220804]}, "45": {"nrmse": [0.00017105996411251906]}, "46": {"nrmse": [0.0001707292115786057]}, "47": {"nrmse": [0.00017041427789833919]}, "48": {"nrmse": [0.00016994052369004818]}, "49": {"nrmse": [0.00016925405051297415]}, "50": {"nrmse": [0.00016892733208855292]}, "51": {"nrmse": [0.00016866893292722123]}, "52": {"nrmse": [0.0001683938913914686]}, "53": {"nrmse": [0.00016830499774089132]}, "54": {"nrmse": [0.00016792536319879862]}, "55": {"nrmse": [0.00016790650723482684]}, "56": {"nrmse": [0.00016793915968975573]}, "57": {"nrmse": [0.00016763205322772556]}, "58": {"nrmse": [0.00016721602320728425]}, "59": {"nrmse": [0.00016693109269975598]}, "60": {"nrmse": [0.00016702686553293707]}}}