{"state_names": ["r"], "scores_per_horizon": {"1": {"nrmse": [0.0003132090207125945]}, "2": {"nrmse": [0.0003643078410323335]}, "3": {"nrmse": [0.0003813749293054152]}, "4": {"nrmse": [0.0003754532499787454]}, "5": {"nrmse": [0.0003624066863434932]}, "6": {"nrmse": [0.0003521356090374171]}, "7": {"nrmse": [0.0003440750090593277]}, "8": {"nrmse": [0.000337388195272378]}, "9": {"nrmse": [0.00033241244726407883]}, "10": {"nrmse": [0.000323079805841366]}, "11": {"nrmse": [0.00031521873704521563]}, "12": {"nrmse": [0.00030834216994755177]}, "13": {"nrmse": [0.0003042023850337362]}, "14": {"nrmse": [0.0002988356641344777]}, "15": {"nrmse": [0.0002942060845653927]}, "16": {"nrmse": [0.0002926410314725678]}, "17": {"nrmse": [0.00028908053052885743]}, "18": {"nrmse": [0.00028661090456131395]}, "19": {"nrmse": [0.00028435833665829024]}, "20": {"nrmse": [0.0002818850453138995]}, "21": {"nrmse": [0.000280717410959998]}, "22": {"nrmse": [0.0002801346687717013]}, "23": {"nrmse": [0.0002780975225091108]}, "24": {"nrmse": [0.00027674556398093325]}, "25": {"nrmse": [0.0002764503092730624]}, "26": {"nrmse": [0.0002738791420948565]}, "27": {"nrmse": [0.0002738537325129446]}, "28": {"nrmse": [0.0002735022833296964]}, "29": {"nrmse": [0.00027306788765527507]}, "30": {"nrmse": [0.00027137629045643975]}, "31": {"nrmse": [0.0002703472296949944]}, "32": {"nrmse": [0.00027012710168425265]}, "33": {"nrmse": [0.00026922411666866126]}, "34": {"nrmse": [0.00026794415201209626]}, "35": {"nrmse": [0.00026753527986298674]}, "36": {"nrmse": [0.0002673923761801772]}, "37": {"nrmse": [0.0002657372831027157]}, "38": {"nrmse": [0.0002654008938254808]}, "39": {"nrmse": [0.00026588247800647696]}, "40": {"nrmse": [0.00026526203792924915]}, "41": {"nrmse": [0.0002646247435591367]}, "42": {"nrmse": [0.0002641429496350353]}, "43": {"nrmse": [0.0002638888715496514]}, "44": {"nrmse": [0.00026373194532774736]}, "45": {"nrmse": [0.00026319424519030763]}, "46": {"nrmse": [0.00026267444111611126]}, "47": {"nrmse": [0.0002618653542604007]}, "48": {"nrmse": [0.00026166920086284287]}, "49": {"nrmse": [0.00026141331826804576]}, "50": {"nrmse": [0.0002608648367665643]}, "51": {"nrmse": [0.0002608222685683246]}, "52": {"nrmse": [0.0002604392255421612]}, "53": {"nrmse": [0.0002599580741265626]}, "54": {"nrmse": [0.00025945114743720975]}, "55": {"nrmse": [0.0002593761264897283]}, "56": {"nrmse": [0.0002594358145294102]}, "57": {"nrmse": [0.0002588290103251473]}, "58": {"nrmse": [0.00025800328559454376]}, "59": {"nrmse": [0.0002575795068824372]}, "60": {"nrmse": [0.0002578583687831373]}}}