{"state_names": ["r"], "scores_per_horizon": {"1": {"nrmse": [0.00038650741431899265]}, "2": {"nrmse": [0.00039378564458225477]}, "3": {"nrmse": [0.00039181979126116294]}, "4": {"nrmse": [0.0003743049950293824]}, "5": {"nrmse": [0.00036242838917421665]}, "6": {"nrmse": [0.00035767526328228124]}, "7": {"nrmse": [0.00035387445185206836]}, "8": {"nrmse": [0.00034975079402109667]}, "9": {"nrmse": [0.00034247609459911395]}, "10": {"nrmse": [0.0003338699001009007]}, "11": {"nrmse": [0.00032572098949072844]}, "12": {"nrmse": [0.0003169826533527252]}, "13": {"nrmse": [0.0003086499360124851]}, "14": {"nrmse": [0.00030098649985782136]}, "15": {"nrmse": [0.0002947774077515133]}, "16": {"nrmse": [0.0002910134238240923]}, "17": {"nrmse": [0.00028630179535741386]}, "18": {"nrmse": [0.0002818212771261411]}, "19": {"nrmse": [0.0002783482850753573]}, "20": {"nrmse": [0.0002749687333052836]}, "21": {"nrmse": [0.00027289903069506894]}, "22": {"nrmse": [0.0002703922411417005]}, "23": {"nrmse": [0.00026846488548096334]}, "24": {"nrmse": [0.0002665605239528898]}, "25": {"nrmse": [0.00026596266619111043]}, "26": {"nrmse": [0.0002642587657918643]}, "27": {"nrmse": [0.00026339184672684844]}, "28": {"nrmse": [0.00026228380477164655]}, "29": {"nrmse": [0.0002613072482858166]}, "30": {"nrmse": [0.0002599608526152327]}, "31": {"nrmse": [0.00025915574182429915]}, "32": {"nrmse": [0.0002581975105749667]}, "33": {"nrmse": [0.00025730404732642715]}, "34": {"nrmse": [0.0002561703316345478]}, "35": {"nrmse": [0.0002555867855566364]}, "36": {"nrmse": [0.00025436921111744715]}, "37": {"nrmse": [0.00025287012495917293]}, "38": {"nrmse": [0.00025240835210094587]}, "39": {"nrmse": [0.0002517978851165972]}, "40": {"nrmse": [0.0002508340223925861]}, "41": {"nrmse": [0.0002499766605525027]}, "42": {"nrmse": [0.00024955539290577697]}, "43": {"nrmse": [0.00024980859080046065]}, "44": {"nrmse": [0.0002495506042005454]}, "45": {"nrmse": [0.00024903014887741405]}, "46": {"nrmse": [0.00024901068044833296]}, "47": {"nrmse": [0.00024892999786504054]}, "48": {"nrmse": [0.00024860386281882666]}, "49": {"nrmse": [0.00024814556723266445]}, "50": {"nrmse": [0.0002480878983702323]}, "51": {"nrmse": [0.00024781411446184523]}, "52": {"nrmse": [0.0002476889730203968]}, "53": {"nrmse": [0.0002470821291812931]}, "54": {"nrmse": [0.0002465652538714906]}, "55": {"nrmse": [0.0002462584958309327]}, "56": {"nrmse": [0.0002461223079266525]}, "57": {"nrmse": [0.00024580167406303746]}, "58": {"nrmse": [0.00024576108181647096]}, "59": {"nrmse": [0.00024538574984514717]}, "60": {"nrmse": [0.00024499308172625623]}}}