{"state_names": ["r"], "scores_per_horizon": {"1": {"nrmse": [0.0002982464773882374]}, "2": {"nrmse": [0.0002946452038460089]}, "3": {"nrmse": [0.0002691992946612762]}, "4": {"nrmse": [0.0002432694649856565]}, "5": {"nrmse": [0.00022154931295147092]}, "6": {"nrmse": [0.00020506915904636543]}, "7": {"nrmse": [0.00019150515975666175]}, "8": {"nrmse": [0.00018097146535472102]}, "9": {"nrmse": [0.00017258968445454852]}, "10": {"nrmse": [0.00016475905175214855]}, "11": {"nrmse": [0.00015828038127439767]}, "12": {"nrmse": [0.00015269653881138997]}, "13": {"nrmse": [0.00014799687178150653]}, "14": {"nrmse": [0.0001435329009388477]}, "15": {"nrmse": [0.0001396950624404039]}, "16": {"nrmse": [0.00013685024628276726]}, "17": {"nrmse": [0.0001336345074048726]}, "18": {"nrmse": [0.000130607214681134]}, "19": {"nrmse": [0.00012798683763904118]}, "20": {"nrmse": [0.00012574073818475716]}, "21": {"nrmse": [0.00012376215988610167]}, "22": {"nrmse": [0.00012161395888117917]}, "23": {"nrmse": [0.00011961874324733766]}, "24": {"nrmse": [0.00011796330039940322]}, "25": {"nrmse": [0.00011657670770328466]}, "26": {"nrmse": [0.00011497098062116986]}, "27": {"nrmse": [0.00011369443694840363]}, "28": {"nrmse": [0.00011248779694189176]}, "29": {"nrmse": [0.00011115803934326752]}, "30": {"nrmse": [0.00010992790725841807]}, "31": {"nrmse": [0.0001089293700356769]}, "32": {"nrmse": [0.00010798203494498523]}, "33": {"nrmse": [0.00010717505574609791]}, "34": {"nrmse": [0.00010630275097652245]}, "35": {"nrmse": [0.00010562733426536968]}, "36": {"nrmse": [0.00010471492242715265]}, "37": {"nrmse": [0.00010372795926979513]}, "38": {"nrmse": [0.0001030925560160267]}, "39": {"nrmse": [0.00010243561837855019]}, "40": {"nrmse": [0.00010159734007102773]}, "41": {"nrmse": [0.00010089579311589836]}, "42": {"nrmse": [0.00010030698626289424]}, "43": {"nrmse": [0.00010001376743180316]}, "44": {"nrmse": [9.946112530981985e-05]}, "45": {"nrmse": [9.892504177967486e-05]}, "46": {"nrmse": [9.860013463104813e-05]}, "47": {"nrmse": [9.820824422161593e-05]}, "48": {"nrmse": [9.77150146316156e-05]}, "49": {"nrmse": [9.7171801139524e-05]}, "50": {"nrmse": [9.679306813866018e-05]}, "51": {"nrmse": [9.635298500935269e-05]}, "52": {"nrmse": [9.594458140884121e-05]}, "53": {"nrmse": [9.557409616273286e-05]}, "54": {"nrmse": [9.510045684611041e-05]}, "55": {"nrmse": [9.475255094020393e-05]}, "56": {"nrmse": [9.442821115988101e-05]}, "57": {"nrmse": [9.397899133398354e-05]}, "58": {"nrmse": [9.371474393867767e-05]}, "59": {"nrmse": [9.33563254289146e-05]}, "60": {"nrmse": [9.306551613883086e-05]}}}