{"state_names": ["r"], "scores_per_horizon": {"1": {"nrmse": [0.000405625980643508]}, "2": {"nrmse": [0.00041732103520789304]}, "3": {"nrmse": [0.00041673819411732355]}, "4": {"nrmse": [0.0004055241287809288]}, "5": {"nrmse": [0.0003927619213279269]}, "6": {"nrmse": [0.00037529653943876114]}, "7": {"nrmse": [0.0003562835529140269]}, "8": {"nrmse": [0.00033808802930600246]}, "9": {"nrmse": [0.00032127283844027044]}, "10": {"nrmse": [0.00030655401606072876]}, "11": {"nrmse": [0.00029339030680551565]}, "12": {"nrmse": [0.00028177194798428395]}, "13": {"nrmse": [0.00027135234962220796]}, "14": {"nrmse": [0.00026229815013950576]}, "15": {"nrmse": [0.00025427627745180654]}, "16": {"nrmse": [0.00024712443509114555]}, "17": {"nrmse": [0.00024042877586287917]}, "18": {"nrmse": [0.00023429224765854643]}, "19": {"nrmse": [0.0002286881024985862]}, "20": {"nrmse": [0.00022356871896798302]}, "21": {"nrmse": [0.00021885264648874826]}, "22": {"nrmse": [0.00021430778897879918]}, "23": {"nrmse": [0.00021004895992171463]}, "24": {"nrmse": [0.0002061501139476025]}, "25": {"nrmse": [0.0002024321193752591]}, "26": {"nrmse": [0.00019895017734948464]}, "27": {"nrmse": [0.0001955505518311829]}, "28": {"nrmse": [0.00019235509587052846]}, "29": {"nrmse": [0.000189340660143384]}, "30": {"nrmse": [0.00018657792116929747]}, "31": {"nrmse": [0.00018391548149239003]}, "32": {"nrmse": [0.0001814212350681668]}, "33": {"nrmse": [0.00017919910552330188]}, "34": {"nrmse": [0.00017700176128398955]}, "35": {"nrmse": [0.00017483695378591406]}, "36": {"nrmse": [0.0001727692160895313]}, "37": {"nrmse": [0.0001708441854621314]}, "38": {"nrmse": [0.0001689558906357881]}, "39": {"nrmse": [0.0001671217468614135]}, "40": {"nrmse": [0.00016538048882529152]}, "41": {"nrmse": [0.00016372297770836925]}, "42": {"nrmse": [0.00016212829440882988]}, "43": {"nrmse": [0.00016067882769245544]}, "44": {"nrmse": [0.00015915161642128745]}, "45": {"nrmse": [0.00015770777205339397]}, "46": {"nrmse": [0.00015636171902278195]}, "47": {"nrmse": [0.000155134086771217]}, "48": {"nrmse": [0.00015383850433014422]}, "49": {"nrmse": [0.00015257583727218792]}, "50": {"nrmse": [0.0001514050613060332]}, "51": {"nrmse": [0.00015024057632640253]}, "52": {"nrmse": [0.00014914312593817722]}, "53": {"nrmse": [0.000148155436017983]}, "54": {"nrmse": [0.00014715058783916116]}, "55": {"nrmse": [0.00014616163424677707]}, "56": {"nrmse": [0.00014525560065452702]}, "57": {"nrmse": [0.0001443672507603018]}, "58": {"nrmse": [0.00014353274252063125]}, "59": {"nrmse": [0.00014265232424780726]}, "60": {"nrmse": [0.0001418786509717232]}}}