{"state_names": ["r"], "scores_per_horizon": {"1": {"nrmse": [0.005149944922667094]}, "2": {"nrmse": [0.0051471032384576496]}, "3": {"nrmse": [0.005150639416931865]}, "4": {"nrmse": [0.005145270041758738]}, "5": {"nrmse": [0.0051483518304520125]}, "6": {"nrmse": [0.005144046758728892]}, "7": {"nrmse": [0.005144556517472174]}, "8": {"nrmse": [0.005146078176317372]}, "9": {"nrmse": [0.005145023857364658]}, "10": {"nrmse": [0.005145656114911101]}, "11": {"nrmse": [0.0051485782355382105]}, "12": {"nrmse": [0.00515293301773096]}, "13": {"nrmse": [0.005157788888552428]}, "14": {"nrmse": [0.005160241113148914]}, "15": {"nrmse": [0.005161781064668852]}, "16": {"nrmse": [0.005162428074086503]}, "17": {"nrmse": [0.005165090274004904]}, "18": {"nrmse": [0.005168328714181272]}, "19": {"nrmse": [0.005169573102635269]}, "20": {"nrmse": [0.005169166295017335]}, "21": {"nrmse": [0.0051676731062569444]}, "22": {"nrmse": [0.0051684208642679445]}, "23": {"nrmse": [0.005168503974713019]}, "24": {"nrmse": [0.005168862522872567]}, "25": {"nrmse": [0.005169985443986558]}, "26": {"nrmse": [0.0051710285184192566]}, "27": {"nrmse": [0.00517358322052359]}, "28": {"nrmse": [0.005177659003506462]}, "29": {"nrmse": [0.0051827466202157245]}, "30": {"nrmse": [0.005187625336038608]}, "31": {"nrmse": [0.005193026580678808]}, "32": {"nrmse": [0.005197986246547869]}, "33": {"nrmse": [0.005201675562831444]}, "34": {"nrmse": [0.005205118813732946]}, "35": {"nrmse": [0.005209181342058747]}, "36": {"nrmse": [0.005213613435468228]}, "37": {"nrmse": [0.005217610244519069]}, "38": {"nrmse": [0.005221868564286454]}, "39": {"nrmse": [0.005225574992925799]}, "40": {"nrmse": [0.005229163375103292]}, "41": {"nrmse": [0.00523217642842904]}, "42": {"nrmse": [0.005235307167379141]}, "43": {"nrmse": [0.005237978124204481]}, "44": {"nrmse": [0.005241354286304682]}, "45": {"nrmse": [0.005245057280657687]}, "46": {"nrmse": [0.005248684682281374]}, "47": {"nrmse": [0.005251002480759023]}, "48": {"nrmse": [0.005253461720463126]}, "49": {"nrmse": [0.0052558576945638405]}, "50": {"nrmse": [0.005257551173326173]}, "51": {"nrmse": [0.005259490789664205]}, "52": {"nrmse": [0.005260968310413596]}, "53": {"nrmse": [0.005262144582520027]}, "54": {"nrmse": [0.005263360775730106]}, "55": {"nrmse": [0.0052648876884572255]}, "56": {"nrmse": [0.005266690317436701]}, "57": {"nrmse": [0.005267615435324021]}, "58": {"nrmse": [0.005267772599044453]}, "59": {"nrmse": [0.005268032171060441]}, "60": {"nrmse": [0.005267733576933666]}}}