{"state_names": ["r"], "scores_per_horizon": {"1": {"nrmse": [0.005145448901174555]}, "2": {"nrmse": [0.005142640374241946]}, "3": {"nrmse": [0.005146226955037829]}, "4": {"nrmse": [0.0051408573040450795]}, "5": {"nrmse": [0.005143983870372193]}, "6": {"nrmse": [0.005139655287579903]}, "7": {"nrmse": [0.00514010610770593]}, "8": {"nrmse": [0.005141526444779162]}, "9": {"nrmse": [0.005140319930267464]}, "10": {"nrmse": [0.005140797857801213]}, "11": {"nrmse": [0.00514365318481103]}, "12": {"nrmse": [0.0051479779928679]}, "13": {"nrmse": [0.005152796730226314]}, "14": {"nrmse": [0.005155222390451996]}, "15": {"nrmse": [0.0051567984668939425]}, "16": {"nrmse": [0.005157463817554995]}, "17": {"nrmse": [0.005160147790110657]}, "18": {"nrmse": [0.005163351129451322]}, "19": {"nrmse": [0.005164562436353481]}, "20": {"nrmse": [0.005164145886918131]}, "21": {"nrmse": [0.005162663126843073]}, "22": {"nrmse": [0.005163393552215156]}, "23": {"nrmse": [0.005163462845868873]}, "24": {"nrmse": [0.005163808783890705]}, "25": {"nrmse": [0.005164928446307293]}, "26": {"nrmse": [0.005165959989530247]}, "27": {"nrmse": [0.005168514602269639]}, "28": {"nrmse": [0.0051725893606141115]}, "29": {"nrmse": [0.005177658191372829]}, "30": {"nrmse": [0.0051825355113790245]}, "31": {"nrmse": [0.005187927774145036]}, "32": {"nrmse": [0.005192857632775379]}, "33": {"nrmse": [0.00519651301079051]}, "34": {"nrmse": [0.005199903627801867]}, "35": {"nrmse": [0.005203929462017609]}, "36": {"nrmse": [0.005208312540418823]}, "37": {"nrmse": [0.0052122622581746245]}, "38": {"nrmse": [0.005216479073693093]}, "39": {"nrmse": [0.005220122089931899]}, "40": {"nrmse": [0.005223635053023935]}, "41": {"nrmse": [0.005226580912846337]}, "42": {"nrmse": [0.005229661297059286]}, "43": {"nrmse": [0.005232313988030538]}, "44": {"nrmse": [0.0052356606789547375]}, "45": {"nrmse": [0.005239350153310594]}, "46": {"nrmse": [0.005243004854321051]}, "47": {"nrmse": [0.005245348804638885]}, "48": {"nrmse": [0.005247828459490952]}, "49": {"nrmse": [0.005250229332168501]}, "50": {"nrmse": [0.005251934023167253]}, "51": {"nrmse": [0.0052538789880336514]}, "52": {"nrmse": [0.0052553700551795915]}, "53": {"nrmse": [0.005256558804090312]}, "54": {"nrmse": [0.005257778363033854]}, "55": {"nrmse": [0.005259306948839493]}, "56": {"nrmse": [0.005261106386413873]}, "57": {"nrmse": [0.005262032244518902]}, "58": {"nrmse": [0.005262197578959805]}, "59": {"nrmse": [0.005262466805172156]}, "60": {"nrmse": [0.005262152940224248]}}}