{"state_names": ["r"], "scores_per_horizon": {"1": {"nrmse": [0.00021768478879323057]}, "2": {"nrmse": [0.00018913783980270226]}, "3": {"nrmse": [0.00017001452131691064]}, "4": {"nrmse": [0.00015574101808227045]}, "5": {"nrmse": [0.00014354510728961583]}, "6": {"nrmse": [0.00013498211053439082]}, "7": {"nrmse": [0.00012837151810678968]}, "8": {"nrmse": [0.0001240723294475568]}, "9": {"nrmse": [0.00012192059463489984]}, "10": {"nrmse": [0.00011980837732564938]}, "11": {"nrmse": [0.00011862857690681883]}, "12": {"nrmse": [0.00011758167206245046]}, "13": {"nrmse": [0.00011783536495416254]}, "14": {"nrmse": [0.00011746638140686055]}, "15": {"nrmse": [0.00011735948199824968]}, "16": {"nrmse": [0.00011693963228328859]}, "17": {"nrmse": [0.00011656939875874552]}, "18": {"nrmse": [0.00011688367235110396]}, "19": {"nrmse": [0.00011696449236523285]}, "20": {"nrmse": [0.00011727119051640643]}, "21": {"nrmse": [0.00011715656290462702]}, "22": {"nrmse": [0.00011760950847921796]}, "23": {"nrmse": [0.00011780967061596074]}, "24": {"nrmse": [0.00011796953584841677]}, "25": {"nrmse": [0.00011821409945472265]}, "26": {"nrmse": [0.00011850090556456945]}, "27": {"nrmse": [0.00011920526659962377]}, "28": {"nrmse": [0.00011974938190044563]}, "29": {"nrmse": [0.00011985833809759537]}, "30": {"nrmse": [0.00011989433176879043]}, "31": {"nrmse": [0.00012037207666792805]}, "32": {"nrmse": [0.0001209430839027087]}, "33": {"nrmse": [0.00012090359690456713]}, "34": {"nrmse": [0.00012123347020660915]}, "35": {"nrmse": [0.00012166294821465349]}, "36": {"nrmse": [0.00012195176472189998]}, "37": {"nrmse": [0.00012191945289442969]}, "38": {"nrmse": [0.00012204622701997297]}, "39": {"nrmse": [0.0001225052064282251]}, "40": {"nrmse": [0.00012281882368967386]}, "41": {"nrmse": [0.00012291164333699413]}, "42": {"nrmse": [0.00012301192844637004]}, "43": {"nrmse": [0.0001229618146022096]}, "44": {"nrmse": [0.00012325916441395318]}, "45": {"nrmse": [0.00012346262200534831]}, "46": {"nrmse": [0.00012348039512250866]}, "47": {"nrmse": [0.00012346072260161885]}, "48": {"nrmse": [0.00012374444401751783]}, "49": {"nrmse": [0.00012381133181554182]}, "50": {"nrmse": [0.0001238662844222742]}, "51": {"nrmse": [0.000124134814910548]}, "52": {"nrmse": [0.00012424830806885535]}, "53": {"nrmse": [0.00012458321345038277]}, "54": {"nrmse": [0.00012469554650113978]}, "55": {"nrmse": [0.0001249418902030838]}, "56": {"nrmse": [0.0001249096576164581]}, "57": {"nrmse": [0.00012491480243795693]}, "58": {"nrmse": [0.00012487357993792194]}, "59": {"nrmse": [0.0001250940063989189]}, "60": {"nrmse": [0.00012538491665561107]}}}