{"state_names": ["r"], "scores_per_horizon": {"1": {"nrmse": [0.0008985761893709212]}, "2": {"nrmse": [0.000862034104968955]}, "3": {"nrmse": [0.00146183073637532]}, "4": {"nrmse": [0.002006720388767182]}, "5": {"nrmse": [0.0023103762402844623]}, "6": {"nrmse": [0.002452962203208155]}, "7": {"nrmse": [0.0025076402294838466]}, "8": {"nrmse": [0.0025160323781618786]}, "9": {"nrmse": [0.002499637221558678]}, "10": {"nrmse": [0.0024893943506079565]}, "11": {"nrmse": [0.002484149305801749]}, "12": {"nrmse": [0.0024753432100973038]}, "13": {"nrmse": [0.002458004087940679]}, "14": {"nrmse": [0.0024452592334705757]}, "15": {"nrmse": [0.0024453590578631095]}, "16": {"nrmse": [0.0024522940808213408]}, "17": {"nrmse": [0.0024465073027177477]}, "18": {"nrmse": [0.002442591146623006]}, "19": {"nrmse": [0.0024436774787570358]}, "20": {"nrmse": [0.002442144217498809]}, "21": {"nrmse": [0.0024327069635253734]}, "22": {"nrmse": [0.0024284648760295145]}, "23": {"nrmse": [0.0024221901367980324]}, "24": {"nrmse": [0.002420899334699462]}, "25": {"nrmse": [0.0024093999631191634]}, "26": {"nrmse": [0.0024047551599118053]}, "27": {"nrmse": [0.002399792456019979]}, "28": {"nrmse": [0.0023967821564097828]}, "29": {"nrmse": [0.002389273160532694]}, "30": {"nrmse": [0.0023859632998519047]}, "31": {"nrmse": [0.0023828250847296455]}, "32": {"nrmse": [0.0023793702342885365]}, "33": {"nrmse": [0.002376851147253142]}, "34": {"nrmse": [0.0023715960994951635]}, "35": {"nrmse": [0.0023654864722012004]}, "36": {"nrmse": [0.0023638707529691307]}, "37": {"nrmse": [0.002356546630665913]}, "38": {"nrmse": [0.002352571298685813]}, "39": {"nrmse": [0.0023489647840892317]}, "40": {"nrmse": [0.002341357369867654]}, "41": {"nrmse": [0.0023363947124065533]}, "42": {"nrmse": [0.002328060064431775]}, "43": {"nrmse": [0.002322574257205212]}, "44": {"nrmse": [0.002315658187076972]}, "45": {"nrmse": [0.0023115332575328255]}, "46": {"nrmse": [0.002308661926695703]}, "47": {"nrmse": [0.0023022804001609056]}, "48": {"nrmse": [0.002294686251087749]}, "49": {"nrmse": [0.002287469856252979]}, "50": {"nrmse": [0.0022825251316083233]}, "51": {"nrmse": [0.00227673728160268]}, "52": {"nrmse": [0.0022702695549724526]}, "53": {"nrmse": [0.002264944195092921]}, "54": {"nrmse": [0.0022583935870500575]}, "55": {"nrmse": [0.0022508165935529907]}, "56": {"nrmse": [0.002246747397866264]}, "57": {"nrmse": [0.002243650164816816]}, "58": {"nrmse": [0.0022398197710003826]}, "59": {"nrmse": [0.0022357951821282583]}, "60": {"nrmse": [0.0022307086974195423]}}}