{"state_names": ["r"], "scores_per_horizon": {"1": {"nrmse": [0.0008128989361675691]}, "2": {"nrmse": [0.0008289007147790103]}, "3": {"nrmse": [0.001149423214000388]}, "4": {"nrmse": [0.001568904566377166]}, "5": {"nrmse": [0.001933853511024205]}, "6": {"nrmse": [0.0022205900802632515]}, "7": {"nrmse": [0.002426898477538348]}, "8": {"nrmse": [0.0025621678190361004]}, "9": {"nrmse": [0.0026351378899105555]}, "10": {"nrmse": [0.002688571506705724]}, "11": {"nrmse": [0.002725500843626993]}, "12": {"nrmse": [0.00274245664822358]}, "13": {"nrmse": [0.0027391183238410282]}, "14": {"nrmse": [0.002735218069887485]}, "15": {"nrmse": [0.0027421969378233022]}, "16": {"nrmse": [0.0027551347865529667]}, "17": {"nrmse": [0.002753675636584767]}, "18": {"nrmse": [0.002754444508553016]}, "19": {"nrmse": [0.0027605175819024005]}, "20": {"nrmse": [0.0027630675038491648]}, "21": {"nrmse": [0.0027565690362281623]}, "22": {"nrmse": [0.0027552417433884266]}, "23": {"nrmse": [0.002750982731873234]}, "24": {"nrmse": [0.002752185790047106]}, "25": {"nrmse": [0.0027421134965099872]}, "26": {"nrmse": [0.00273950581729774]}, "27": {"nrmse": [0.002736385227020271]}, "28": {"nrmse": [0.0027354732186034474]}, "29": {"nrmse": [0.0027296529975557055]}, "30": {"nrmse": [0.002728511190215214]}, "31": {"nrmse": [0.002727204947275161]}, "32": {"nrmse": [0.0027253541885202495]}, "33": {"nrmse": [0.002724674506741774]}, "34": {"nrmse": [0.00272112683347241]}, "35": {"nrmse": [0.0027163789112217788]}, "36": {"nrmse": [0.0027163617717557743]}, "37": {"nrmse": [0.002709585010867966]}, "38": {"nrmse": [0.002706593392564924]}, "39": {"nrmse": [0.0027038912768766487]}, "40": {"nrmse": [0.002696599445303695]}, "41": {"nrmse": [0.002691999418320655]}, "42": {"nrmse": [0.0026836179151233925]}, "43": {"nrmse": [0.002678096634399557]}, "44": {"nrmse": [0.00267088292457106]}, "45": {"nrmse": [0.0026669994882320682]}, "46": {"nrmse": [0.0026645630445574623]}, "47": {"nrmse": [0.0026584337640070213]}, "48": {"nrmse": [0.0026513982564573923]}, "49": {"nrmse": [0.0026446924821899704]}, "50": {"nrmse": [0.0026400436901447906]}, "51": {"nrmse": [0.0026342279205627895]}, "52": {"nrmse": [0.0026276124628358093]}, "53": {"nrmse": [0.002622186331278243]}, "54": {"nrmse": [0.002615150509433742]}, "55": {"nrmse": [0.0026069598200549613]}, "56": {"nrmse": [0.00260255441453092]}, "57": {"nrmse": [0.00259917239920647]}, "58": {"nrmse": [0.0025950170417030297]}, "59": {"nrmse": [0.002590882941627491]}, "60": {"nrmse": [0.0025856976018878218]}}}