{"state_names": ["r"], "scores_per_horizon": {"1": {"nrmse": [0.0001861677404321032]}, "2": {"nrmse": [0.00016355989152226866]}, "3": {"nrmse": [0.00014775030303712964]}, "4": {"nrmse": [0.0001355555088490118]}, "5": {"nrmse": [0.00012493864333281188]}, "6": {"nrmse": [0.00011734493852270105]}, "7": {"nrmse": [0.00011100942107206877]}, "8": {"nrmse": [0.00010630985232646781]}, "9": {"nrmse": [0.00010315761219419038]}, "10": {"nrmse": [0.00010022185836785122]}, "11": {"nrmse": [9.787798004404895e-05]}, "12": {"nrmse": [9.567495863503024e-05]}, "13": {"nrmse": [9.433609005512032e-05]}, "14": {"nrmse": [9.262478293797242e-05]}, "15": {"nrmse": [9.118935430316596e-05]}, "16": {"nrmse": [9.039512077885361e-05]}, "17": {"nrmse": [8.91661729669831e-05]}, "18": {"nrmse": [8.863628152368615e-05]}, "19": {"nrmse": [8.788790873835305e-05]}, "20": {"nrmse": [8.746468541266098e-05]}, "21": {"nrmse": [8.68764466658e-05]}, "22": {"nrmse": [8.691736345560128e-05]}, "23": {"nrmse": [8.64734368765107e-05]}, "24": {"nrmse": [8.621861041523803e-05]}, "25": {"nrmse": [8.622996508807326e-05]}, "26": {"nrmse": [8.584837626936065e-05]}, "27": {"nrmse": [8.580733932795731e-05]}, "28": {"nrmse": [8.594068831504966e-05]}, "29": {"nrmse": [8.598780271534066e-05]}, "30": {"nrmse": [8.574503957344432e-05]}, "31": {"nrmse": [8.576607308138298e-05]}, "32": {"nrmse": [8.588202506596368e-05]}, "33": {"nrmse": [8.55773330139567e-05]}, "34": {"nrmse": [8.538851225891881e-05]}, "35": {"nrmse": [8.540645305700004e-05]}, "36": {"nrmse": [8.53182134063189e-05]}, "37": {"nrmse": [8.507525610433115e-05]}, "38": {"nrmse": [8.50846321449089e-05]}, "39": {"nrmse": [8.537026369049868e-05]}, "40": {"nrmse": [8.546300409470975e-05]}, "41": {"nrmse": [8.554298493879925e-05]}, "42": {"nrmse": [8.549425111918602e-05]}, "43": {"nrmse": [8.523717534443087e-05]}, "44": {"nrmse": [8.514711580576503e-05]}, "45": {"nrmse": [8.505012059747797e-05]}, "46": {"nrmse": [8.477726904059966e-05]}, "47": {"nrmse": [8.445943686092151e-05]}, "48": {"nrmse": [8.438746856004748e-05]}, "49": {"nrmse": [8.425696946598434e-05]}, "50": {"nrmse": [8.411268056456177e-05]}, "51": {"nrmse": [8.417554757997839e-05]}, "52": {"nrmse": [8.404740125843605e-05]}, "53": {"nrmse": [8.405396959705509e-05]}, "54": {"nrmse": [8.393214221184577e-05]}, "55": {"nrmse": [8.406323494411684e-05]}, "56": {"nrmse": [8.414027434420616e-05]}, "57": {"nrmse": [8.40708901777926e-05]}, "58": {"nrmse": [8.390396371677435e-05]}, "59": {"nrmse": [8.3900163511555e-05]}, "60": {"nrmse": [8.396695799336059e-05]}}}