{"state_names": ["r"], "scores_per_horizon": {"1": {"nrmse": [0.00018178293177821347]}, "2": {"nrmse": [0.0001586966105489994]}, "3": {"nrmse": [0.00013748659153315143]}, "4": {"nrmse": [0.00012427229417701245]}, "5": {"nrmse": [0.00011356918604152578]}, "6": {"nrmse": [0.00010536839790038025]}, "7": {"nrmse": [9.888055402377391e-05]}, "8": {"nrmse": [9.371717258767329e-05]}, "9": {"nrmse": [9.005270077613623e-05]}, "10": {"nrmse": [8.657107462237906e-05]}, "11": {"nrmse": [8.363410262084455e-05]}, "12": {"nrmse": [8.111155760472336e-05]}, "13": {"nrmse": [7.937956139745992e-05]}, "14": {"nrmse": [7.743003858702703e-05]}, "15": {"nrmse": [7.564239755004619e-05]}, "16": {"nrmse": [7.453640377621649e-05]}, "17": {"nrmse": [7.320146574721713e-05]}, "18": {"nrmse": [7.195377721569968e-05]}, "19": {"nrmse": [7.079481988124338e-05]}, "20": {"nrmse": [6.981045564148728e-05]}, "21": {"nrmse": [6.89434874299956e-05]}, "22": {"nrmse": [6.826674086826002e-05]}, "23": {"nrmse": [6.756514002182402e-05]}, "24": {"nrmse": [6.688151895934254e-05]}, "25": {"nrmse": [6.646888406904616e-05]}, "26": {"nrmse": [6.58096052928738e-05]}, "27": {"nrmse": [6.544577516192908e-05]}, "28": {"nrmse": [6.501359369195955e-05]}, "29": {"nrmse": [6.47348161444378e-05]}, "30": {"nrmse": [6.418833814642158e-05]}, "31": {"nrmse": [6.380283877508037e-05]}, "32": {"nrmse": [6.346110273057068e-05]}, "33": {"nrmse": [6.299057873802322e-05]}, "34": {"nrmse": [6.2628261532046e-05]}, "35": {"nrmse": [6.248827856860695e-05]}, "36": {"nrmse": [6.219104821224476e-05]}, "37": {"nrmse": [6.178929125513163e-05]}, "38": {"nrmse": [6.166842108367916e-05]}, "39": {"nrmse": [6.155834340328481e-05]}, "40": {"nrmse": [6.136161449176731e-05]}, "41": {"nrmse": [6.115099847116002e-05]}, "42": {"nrmse": [6.09044655194126e-05]}, "43": {"nrmse": [6.073556034648656e-05]}, "44": {"nrmse": [6.067311242431439e-05]}, "45": {"nrmse": [6.057902469886325e-05]}, "46": {"nrmse": [6.0429512419269004e-05]}, "47": {"nrmse": [6.021470876938703e-05]}, "48": {"nrmse": [6.0167823479921956e-05]}, "49": {"nrmse": [6.017536445585337e-05]}, "50": {"nrmse": [6.0080790448636085e-05]}, "51": {"nrmse": [6.006890937714286e-05]}, "52": {"nrmse": [5.9963241213854956e-05]}, "53": {"nrmse": [5.981362124275446e-05]}, "54": {"nrmse": [5.971052905061447e-05]}, "55": {"nrmse": [5.9692047257503605e-05]}, "56": {"nrmse": [5.973415872404369e-05]}, "57": {"nrmse": [5.9660085381354345e-05]}, "58": {"nrmse": [5.9610003651488346e-05]}, "59": {"nrmse": [5.960010448828621e-05]}, "60": {"nrmse": [5.951727883349149e-05]}}}