{"state_names": ["r"], "scores_per_horizon": {"1": {"nrmse": [0.0001303875043271196]}, "2": {"nrmse": [0.00011496441372521695]}, "3": {"nrmse": [0.00010409238730840054]}, "4": {"nrmse": [9.8854693548761e-05]}, "5": {"nrmse": [9.437510103388684e-05]}, "6": {"nrmse": [9.076315171056308e-05]}, "7": {"nrmse": [8.717792834787359e-05]}, "8": {"nrmse": [8.379569041863014e-05]}, "9": {"nrmse": [8.135529872355428e-05]}, "10": {"nrmse": [7.877438493262221e-05]}, "11": {"nrmse": [7.642706286229391e-05]}, "12": {"nrmse": [7.461881555869683e-05]}, "13": {"nrmse": [7.407407268968428e-05]}, "14": {"nrmse": [7.293057810262704e-05]}, "15": {"nrmse": [7.160914195314679e-05]}, "16": {"nrmse": [7.064527933569975e-05]}, "17": {"nrmse": [6.966051836575303e-05]}, "18": {"nrmse": [6.848232488431905e-05]}, "19": {"nrmse": [6.742634633842631e-05]}, "20": {"nrmse": [6.652342207306763e-05]}, "21": {"nrmse": [6.576462721340083e-05]}, "22": {"nrmse": [6.505591429647483e-05]}, "23": {"nrmse": [6.456792942325854e-05]}, "24": {"nrmse": [6.395848559928282e-05]}, "25": {"nrmse": [6.361862580460308e-05]}, "26": {"nrmse": [6.307472189870184e-05]}, "27": {"nrmse": [6.3033358864985e-05]}, "28": {"nrmse": [6.271323810091649e-05]}, "29": {"nrmse": [6.255422255906185e-05]}, "30": {"nrmse": [6.201939941493813e-05]}, "31": {"nrmse": [6.167315941320093e-05]}, "32": {"nrmse": [6.138643904217619e-05]}, "33": {"nrmse": [6.096553910704441e-05]}, "34": {"nrmse": [6.0545057607781464e-05]}, "35": {"nrmse": [6.0431304718578195e-05]}, "36": {"nrmse": [6.009146720186285e-05]}, "37": {"nrmse": [5.9629706402539587e-05]}, "38": {"nrmse": [5.953246640873024e-05]}, "39": {"nrmse": [5.94484731585044e-05]}, "40": {"nrmse": [5.917901684855357e-05]}, "41": {"nrmse": [5.8957371541954095e-05]}, "42": {"nrmse": [5.879002365932791e-05]}, "43": {"nrmse": [5.868773517807354e-05]}, "44": {"nrmse": [5.871284330629485e-05]}, "45": {"nrmse": [5.857997047588212e-05]}, "46": {"nrmse": [5.846469033832139e-05]}, "47": {"nrmse": [5.829402258627917e-05]}, "48": {"nrmse": [5.835406285044016e-05]}, "49": {"nrmse": [5.838392147898223e-05]}, "50": {"nrmse": [5.829963921372223e-05]}, "51": {"nrmse": [5.8276363316099024e-05]}, "52": {"nrmse": [5.8251915910084757e-05]}, "53": {"nrmse": [5.807164123339538e-05]}, "54": {"nrmse": [5.8051935491618405e-05]}, "55": {"nrmse": [5.80471700046364e-05]}, "56": {"nrmse": [5.794995923982336e-05]}, "57": {"nrmse": [5.789539782827051e-05]}, "58": {"nrmse": [5.787401961736107e-05]}, "59": {"nrmse": [5.78300489259362e-05]}, "60": {"nrmse": [5.772850375221315e-05]}}}