{"state_names": ["r"], "scores_per_horizon": {"1": {"nrmse": [0.00034599205858258685]}, "2": {"nrmse": [0.0003021644797754078]}, "3": {"nrmse": [0.0002790817298265699]}, "4": {"nrmse": [0.0002547126876266323]}, "5": {"nrmse": [0.0002397784217127758]}, "6": {"nrmse": [0.00022920460894581456]}, "7": {"nrmse": [0.0002201851118855472]}, "8": {"nrmse": [0.00021705942290680704]}, "9": {"nrmse": [0.00021643492013570355]}, "10": {"nrmse": [0.0002123603884889334]}, "11": {"nrmse": [0.00020971976198046164]}, "12": {"nrmse": [0.00020719754438098097]}, "13": {"nrmse": [0.00020640118395756445]}, "14": {"nrmse": [0.00020339531658760426]}, "15": {"nrmse": [0.0002011952240291374]}, "16": {"nrmse": [0.00020089822654228133]}, "17": {"nrmse": [0.0001984166824775549]}, "18": {"nrmse": [0.00019737873834149564]}, "19": {"nrmse": [0.00019618792344252946]}, "20": {"nrmse": [0.00019455948622468036]}, "21": {"nrmse": [0.00019398768758575123]}, "22": {"nrmse": [0.00019354799718700457]}, "23": {"nrmse": [0.00019192641327090513]}, "24": {"nrmse": [0.00019150294879733724]}, "25": {"nrmse": [0.00019149705922863025]}, "26": {"nrmse": [0.00018986406330339644]}, "27": {"nrmse": [0.00019003143505955564]}, "28": {"nrmse": [0.00018996013229147324]}, "29": {"nrmse": [0.0001892843504721614]}, "30": {"nrmse": [0.0001879863057059429]}, "31": {"nrmse": [0.0001872967042127952]}, "32": {"nrmse": [0.00018743388216062678]}, "33": {"nrmse": [0.00018683345299152276]}, "34": {"nrmse": [0.00018609779560478207]}, "35": {"nrmse": [0.00018608763644365836]}, "36": {"nrmse": [0.00018593933056985977]}, "37": {"nrmse": [0.00018477552703356258]}, "38": {"nrmse": [0.0001846069070521676]}, "39": {"nrmse": [0.00018519088270811183]}, "40": {"nrmse": [0.0001848418305885424]}, "41": {"nrmse": [0.00018450291144680704]}, "42": {"nrmse": [0.00018424964206092043]}, "43": {"nrmse": [0.00018422218212584964]}, "44": {"nrmse": [0.0001838686060544137]}, "45": {"nrmse": [0.0001837251903060873]}, "46": {"nrmse": [0.00018356559913799723]}, "47": {"nrmse": [0.00018307021458097107]}, "48": {"nrmse": [0.00018281352051155667]}, "49": {"nrmse": [0.00018258501952103925]}, "50": {"nrmse": [0.00018226676847344262]}, "51": {"nrmse": [0.00018210807928814796]}, "52": {"nrmse": [0.00018186669848749854]}, "53": {"nrmse": [0.00018184973522073356]}, "54": {"nrmse": [0.00018144546166488248]}, "55": {"nrmse": [0.00018142238864926797]}, "56": {"nrmse": [0.00018151112247668936]}, "57": {"nrmse": [0.0001810040512447875]}, "58": {"nrmse": [0.00018049444486295475]}, "59": {"nrmse": [0.00018031145377349922]}, "60": {"nrmse": [0.00018061371586220956]}}}