{"state_names": ["r"], "scores_per_horizon": {"1": {"nrmse": [0.00029006339550152597]}, "2": {"nrmse": [0.00025763138655720153]}, "3": {"nrmse": [0.0002458773298058146]}, "4": {"nrmse": [0.00022421364348184755]}, "5": {"nrmse": [0.00021016352210492887]}, "6": {"nrmse": [0.00020096296685379587]}, "7": {"nrmse": [0.00019370659841507976]}, "8": {"nrmse": [0.0001898990319939515]}, "9": {"nrmse": [0.00018802730712766204]}, "10": {"nrmse": [0.0001841139649392326]}, "11": {"nrmse": [0.0001820463961364339]}, "12": {"nrmse": [0.0001805139249619015]}, "13": {"nrmse": [0.00018051907537344435]}, "14": {"nrmse": [0.00017821411464138777]}, "15": {"nrmse": [0.0001765664509133774]}, "16": {"nrmse": [0.00017675826908789165]}, "17": {"nrmse": [0.00017522608382882673]}, "18": {"nrmse": [0.00017492417551983352]}, "19": {"nrmse": [0.0001741834675150894]}, "20": {"nrmse": [0.0001732160267459886]}, "21": {"nrmse": [0.00017294496088255813]}, "22": {"nrmse": [0.00017320273078016494]}, "23": {"nrmse": [0.00017206871277823747]}, "24": {"nrmse": [0.00017196394526899575]}, "25": {"nrmse": [0.00017231561404051077]}, "26": {"nrmse": [0.0001713173562091884]}, "27": {"nrmse": [0.00017186421268600228]}, "28": {"nrmse": [0.0001721596193420353]}, "29": {"nrmse": [0.00017189610260077238]}, "30": {"nrmse": [0.0001710178050576198]}, "31": {"nrmse": [0.0001709632686141273]}, "32": {"nrmse": [0.00017127294510905803]}, "33": {"nrmse": [0.0001707952368360932]}, "34": {"nrmse": [0.0001704140917516955]}, "35": {"nrmse": [0.00017063665913297942]}, "36": {"nrmse": [0.00017074922512673078]}, "37": {"nrmse": [0.00016986500330574226]}, "38": {"nrmse": [0.00016989716387075636]}, "39": {"nrmse": [0.00017063381270435992]}, "40": {"nrmse": [0.00017047456455949772]}, "41": {"nrmse": [0.000170306201905775]}, "42": {"nrmse": [0.0001702528961828774]}, "43": {"nrmse": [0.00017026655580499505]}, "44": {"nrmse": [0.00017015708102923366]}, "45": {"nrmse": [0.00017014668548733007]}, "46": {"nrmse": [0.00017013308849947253]}, "47": {"nrmse": [0.0001696596772358955]}, "48": {"nrmse": [0.00016956104154523707]}, "49": {"nrmse": [0.0001694118927770636]}, "50": {"nrmse": [0.0001691049895781948]}, "51": {"nrmse": [0.00016916635526664957]}, "52": {"nrmse": [0.00016897228983814007]}, "53": {"nrmse": [0.00016907323892682938]}, "54": {"nrmse": [0.00016882149093881634]}, "55": {"nrmse": [0.00016894645578871523]}, "56": {"nrmse": [0.00016907592106391815]}, "57": {"nrmse": [0.00016864017280289755]}, "58": {"nrmse": [0.00016823649599305066]}, "59": {"nrmse": [0.0001682693297157478]}, "60": {"nrmse": [0.00016852394432713858]}}}