{"state_names": ["r"], "scores_per_horizon": {"1": {"nrmse": [0.0003722141673378483]}, "2": {"nrmse": [0.000336624798811822]}, "3": {"nrmse": [0.00031661986252607706]}, "4": {"nrmse": [0.00029230554880982845]}, "5": {"nrmse": [0.00027405336059297975]}, "6": {"nrmse": [0.00025990682968044264]}, "7": {"nrmse": [0.000247670465457782]}, "8": {"nrmse": [0.00024076023507469917]}, "9": {"nrmse": [0.00023645341437259233]}, "10": {"nrmse": [0.0002299719508463474]}, "11": {"nrmse": [0.00022557509113976467]}, "12": {"nrmse": [0.00022131985222607266]}, "13": {"nrmse": [0.00021898551177316545]}, "14": {"nrmse": [0.00021519563056006174]}, "15": {"nrmse": [0.00021236105898465778]}, "16": {"nrmse": [0.00021072154380401804]}, "17": {"nrmse": [0.0002075117266473755]}, "18": {"nrmse": [0.0002058243721987413]}, "19": {"nrmse": [0.0002042990605098824]}, "20": {"nrmse": [0.00020261073836130072]}, "21": {"nrmse": [0.000201392253476746]}, "22": {"nrmse": [0.0002002413673439096]}, "23": {"nrmse": [0.00019843739631152387]}, "24": {"nrmse": [0.0001976265355663108]}, "25": {"nrmse": [0.00019740227446234202]}, "26": {"nrmse": [0.00019592628725483035]}, "27": {"nrmse": [0.0001960910703860654]}, "28": {"nrmse": [0.0001959545154147872]}, "29": {"nrmse": [0.00019486732859308397]}, "30": {"nrmse": [0.00019367258215955622]}, "31": {"nrmse": [0.00019321711162906716]}, "32": {"nrmse": [0.00019323342397115632]}, "33": {"nrmse": [0.00019243012590638558]}, "34": {"nrmse": [0.00019164871540336032]}, "35": {"nrmse": [0.00019164946573225588]}, "36": {"nrmse": [0.00019130468797818093]}, "37": {"nrmse": [0.0001900353804145019]}, "38": {"nrmse": [0.00018978738010846737]}, "39": {"nrmse": [0.00019012492636087826]}, "40": {"nrmse": [0.00018970684406968883]}, "41": {"nrmse": [0.00018933945244182553]}, "42": {"nrmse": [0.00018908275454094107]}, "43": {"nrmse": [0.00018894013019489994]}, "44": {"nrmse": [0.00018855687816772375]}, "45": {"nrmse": [0.00018830610662788839]}, "46": {"nrmse": [0.0001882489711736784]}, "47": {"nrmse": [0.00018769149432661334]}, "48": {"nrmse": [0.00018741069254293006]}, "49": {"nrmse": [0.00018697908939560606]}, "50": {"nrmse": [0.00018668726272545822]}, "51": {"nrmse": [0.00018653316697750044]}, "52": {"nrmse": [0.00018630065284219803]}, "53": {"nrmse": [0.00018638081006730408]}, "54": {"nrmse": [0.00018601941039150048]}, "55": {"nrmse": [0.00018608311342394575]}, "56": {"nrmse": [0.00018604962393647002]}, "57": {"nrmse": [0.0001856324529459034]}, "58": {"nrmse": [0.0001852048603389044]}, "59": {"nrmse": [0.00018496958281214538]}, "60": {"nrmse": [0.00018503035147549867]}}}