{"state_names": ["r"], "scores_per_horizon": {"1": {"nrmse": [0.0003064512348486627]}, "2": {"nrmse": [0.000281906604296491]}, "3": {"nrmse": [0.00026039965988502474]}, "4": {"nrmse": [0.0002398133405989865]}, "5": {"nrmse": [0.0002258645395048726]}, "6": {"nrmse": [0.00021822141730979037]}, "7": {"nrmse": [0.00021000161822045988]}, "8": {"nrmse": [0.0002060457259230629]}, "9": {"nrmse": [0.00020534060236688872]}, "10": {"nrmse": [0.0002005260006802314]}, "11": {"nrmse": [0.0001977453125044468]}, "12": {"nrmse": [0.00019512038147412284]}, "13": {"nrmse": [0.00019501698741074405]}, "14": {"nrmse": [0.00019296872124856157]}, "15": {"nrmse": [0.00019177451343814977]}, "16": {"nrmse": [0.0001922845017815773]}, "17": {"nrmse": [0.00018980258925244405]}, "18": {"nrmse": [0.00018906120750508467]}, "19": {"nrmse": [0.00018876312765398352]}, "20": {"nrmse": [0.00018810300788729987]}, "21": {"nrmse": [0.000188061847604877]}, "22": {"nrmse": [0.00018757651861585112]}, "23": {"nrmse": [0.00018625093748442158]}, "24": {"nrmse": [0.00018631592815756623]}, "25": {"nrmse": [0.000186669354368684]}, "26": {"nrmse": [0.00018553540077139824]}, "27": {"nrmse": [0.00018630044641725183]}, "28": {"nrmse": [0.00018664176742694342]}, "29": {"nrmse": [0.00018592525205224302]}, "30": {"nrmse": [0.00018492611610805806]}, "31": {"nrmse": [0.00018478370016233227]}, "32": {"nrmse": [0.0001853711202865405]}, "33": {"nrmse": [0.00018534541979337268]}, "34": {"nrmse": [0.00018500770105160086]}, "35": {"nrmse": [0.0001853977604155659]}, "36": {"nrmse": [0.00018531397346035618]}, "37": {"nrmse": [0.00018429422769406837]}, "38": {"nrmse": [0.00018445499646653845]}, "39": {"nrmse": [0.00018530028605526295]}, "40": {"nrmse": [0.0001850940104319633]}, "41": {"nrmse": [0.0001850571383938594]}, "42": {"nrmse": [0.00018497098159245514]}, "43": {"nrmse": [0.00018522694345632227]}, "44": {"nrmse": [0.00018485156473049363]}, "45": {"nrmse": [0.00018483327012926674]}, "46": {"nrmse": [0.00018509094616045565]}, "47": {"nrmse": [0.00018502096151905154]}, "48": {"nrmse": [0.00018498940212062953]}, "49": {"nrmse": [0.00018477078660027041]}, "50": {"nrmse": [0.00018473802487743298]}, "51": {"nrmse": [0.000184647929561492]}, "52": {"nrmse": [0.00018459909611799862]}, "53": {"nrmse": [0.000184785031466542]}, "54": {"nrmse": [0.00018453749743372618]}, "55": {"nrmse": [0.00018464278280341196]}, "56": {"nrmse": [0.0001848442270384448]}, "57": {"nrmse": [0.00018451770347175858]}, "58": {"nrmse": [0.0001843558487627412]}, "59": {"nrmse": [0.00018429396412800414]}, "60": {"nrmse": [0.00018459450262185305]}}}