{"state_names": ["r"], "scores_per_horizon": {"1": {"nrmse": [0.00507377869832463]}, "2": {"nrmse": [0.00469569561348771]}, "3": {"nrmse": [0.00492058748570437]}, "4": {"nrmse": [0.005279168149174738]}, "5": {"nrmse": [0.005579034298416956]}, "6": {"nrmse": [0.0057847716926170715]}, "7": {"nrmse": [0.005911878096660955]}, "8": {"nrmse": [0.005975275033115014]}, "9": {"nrmse": [0.006002416893854713]}, "10": {"nrmse": [0.006023129312793195]}, "11": {"nrmse": [0.00603977506087018]}, "12": {"nrmse": [0.00605034840841078]}, "13": {"nrmse": [0.006050238309824998]}, "14": {"nrmse": [0.006045696046062867]}, "15": {"nrmse": [0.006062524581015433]}, "16": {"nrmse": [0.006089593138554718]}, "17": {"nrmse": [0.006109678585127434]}, "18": {"nrmse": [0.006133273146611204]}, "19": {"nrmse": [0.006161481954668131]}, "20": {"nrmse": [0.006186654354399814]}, "21": {"nrmse": [0.0062028323290854665]}, "22": {"nrmse": [0.006218897994273343]}, "23": {"nrmse": [0.006226802441418769]}, "24": {"nrmse": [0.006236653721452985]}, "25": {"nrmse": [0.0062362599347216855]}, "26": {"nrmse": [0.006244012304754488]}, "27": {"nrmse": [0.00625335760191576]}, "28": {"nrmse": [0.006263850434119511]}, "29": {"nrmse": [0.006266125357199304]}, "30": {"nrmse": [0.006275023991109215]}, "31": {"nrmse": [0.0062843947670488225]}, "32": {"nrmse": [0.006292022553064544]}, "33": {"nrmse": [0.006299072431410119]}, "34": {"nrmse": [0.006304913162898513]}, "35": {"nrmse": [0.006309580732144347]}, "36": {"nrmse": [0.006317448686576293]}, "37": {"nrmse": [0.006315403976727622]}, "38": {"nrmse": [0.006318114861967911]}, "39": {"nrmse": [0.006320217563285331]}, "40": {"nrmse": [0.006314716868006136]}, "41": {"nrmse": [0.0063108721647824086]}, "42": {"nrmse": [0.006303891447640919]}, "43": {"nrmse": [0.006298207582262016]}, "44": {"nrmse": [0.006290488061590598]}, "45": {"nrmse": [0.0062852737744379305]}, "46": {"nrmse": [0.0062794199730393215]}, "47": {"nrmse": [0.006269217693352455]}, "48": {"nrmse": [0.006257209061016755]}, "49": {"nrmse": [0.006246417326969047]}, "50": {"nrmse": [0.006239944957872362]}, "51": {"nrmse": [0.00623121092326327]}, "52": {"nrmse": [0.006221812424122739]}, "53": {"nrmse": [0.006213546540793389]}, "54": {"nrmse": [0.006201382634567125]}, "55": {"nrmse": [0.006188987981850533]}, "56": {"nrmse": [0.006178682685155218]}, "57": {"nrmse": [0.006172188484106438]}, "58": {"nrmse": [0.006164930126356512]}, "59": {"nrmse": [0.006156608053116308]}, "60": {"nrmse": [0.0061464647333479136]}}}