{"state_names": ["r"], "scores_per_horizon": {"1": {"nrmse": [0.00440273315352234]}, "2": {"nrmse": [0.004784195487909919]}, "3": {"nrmse": [0.005009277961968656]}, "4": {"nrmse": [0.0051190964152135685]}, "5": {"nrmse": [0.00520510323037977]}, "6": {"nrmse": [0.005288260946222887]}, "7": {"nrmse": [0.005372347230854356]}, "8": {"nrmse": [0.005451270136167011]}, "9": {"nrmse": [0.0055332097052057955]}, "10": {"nrmse": [0.005627598561248388]}, "11": {"nrmse": [0.005723179593829291]}, "12": {"nrmse": [0.005809023198099233]}, "13": {"nrmse": [0.005875690699841035]}, "14": {"nrmse": [0.005926725240791312]}, "15": {"nrmse": [0.005990974334994272]}, "16": {"nrmse": [0.006055935525549994]}, "17": {"nrmse": [0.00610699716073675]}, "18": {"nrmse": [0.0061551569297308055]}, "19": {"nrmse": [0.006201908476211998]}, "20": {"nrmse": [0.006241638369146689]}, "21": {"nrmse": [0.006270370318736249]}, "22": {"nrmse": [0.006295883647622308]}, "23": {"nrmse": [0.0063112938970361415]}, "24": {"nrmse": [0.00632649771835225]}, "25": {"nrmse": [0.00633211659886893]}, "26": {"nrmse": [0.0063451074881138055]}, "27": {"nrmse": [0.006359664689809611]}, "28": {"nrmse": [0.006374980911556868]}, "29": {"nrmse": [0.0063819882665991584]}, "30": {"nrmse": [0.006395509303320728]}, "31": {"nrmse": [0.006409270658760809]}, "32": {"nrmse": [0.00642087749082391]}, "33": {"nrmse": [0.006431035349821485]}, "34": {"nrmse": [0.006440231542018172]}, "35": {"nrmse": [0.006448339331471354]}, "36": {"nrmse": [0.006458571165275066]}, "37": {"nrmse": [0.0064590694508023195]}, "38": {"nrmse": [0.006464161675282043]}, "39": {"nrmse": [0.006468190940313679]}, "40": {"nrmse": [0.006464872130567593]}, "41": {"nrmse": [0.006462982150288678]}, "42": {"nrmse": [0.006458708599907178]}, "43": {"nrmse": [0.00645553937115185]}, "44": {"nrmse": [0.006450692424887602]}, "45": {"nrmse": [0.006448044329577314]}, "46": {"nrmse": [0.006443933480213206]}, "47": {"nrmse": [0.006435481033727163]}, "48": {"nrmse": [0.006425033178104013]}, "49": {"nrmse": [0.006415693699349064]}, "50": {"nrmse": [0.006410523491504162]}, "51": {"nrmse": [0.006402598794658107]}, "52": {"nrmse": [0.006393989098805459]}, "53": {"nrmse": [0.0063861935267070435]}, "54": {"nrmse": [0.00637423860883367]}, "55": {"nrmse": [0.006362510388315875]}, "56": {"nrmse": [0.006352086365407232]}, "57": {"nrmse": [0.006345535774225627]}, "58": {"nrmse": [0.0063380489474767895]}, "59": {"nrmse": [0.006329179821455851]}, "60": {"nrmse": [0.006318371348955749]}}}