{"state_names": ["r"], "scores_per_horizon": {"1": {"nrmse": [0.00043155579529008885]}, "2": {"nrmse": [0.00047085265816125093]}, "3": {"nrmse": [0.00045544465593058486]}, "4": {"nrmse": [0.0004246045317968586]}, "5": {"nrmse": [0.0003935997506416611]}, "6": {"nrmse": [0.00037053843740327664]}, "7": {"nrmse": [0.0003512269462807422]}, "8": {"nrmse": [0.00033957618819795653]}, "9": {"nrmse": [0.0003326179917913362]}, "10": {"nrmse": [0.00032681089187715896]}, "11": {"nrmse": [0.00032463886993314416]}, "12": {"nrmse": [0.00032187225408852036]}, "13": {"nrmse": [0.00032024240797751537]}, "14": {"nrmse": [0.00031666348520879926]}, "15": {"nrmse": [0.00031450857407690924]}, "16": {"nrmse": [0.0003145081890383199]}, "17": {"nrmse": [0.0003124619423807247]}, "18": {"nrmse": [0.0003128003847505852]}, "19": {"nrmse": [0.00031256615945918074]}, "20": {"nrmse": [0.00031161029446318553]}, "21": {"nrmse": [0.00031104776765698036]}, "22": {"nrmse": [0.0003116002552863399]}, "23": {"nrmse": [0.00031070404773391385]}, "24": {"nrmse": [0.0003110722468564994]}, "25": {"nrmse": [0.0003117843921021099]}, "26": {"nrmse": [0.00031052625043805163]}, "27": {"nrmse": [0.0003104850227482734]}, "28": {"nrmse": [0.00031102775648999685]}, "29": {"nrmse": [0.0003113994016976823]}, "30": {"nrmse": [0.0003111287061590979]}, "31": {"nrmse": [0.00031100482034332835]}, "32": {"nrmse": [0.0003119793078230797]}, "33": {"nrmse": [0.00031131926386810576]}, "34": {"nrmse": [0.00031069290276225606]}, "35": {"nrmse": [0.00031065770639452685]}, "36": {"nrmse": [0.0003111650265026218]}, "37": {"nrmse": [0.00031069410799976026]}, "38": {"nrmse": [0.00031085896884828026]}, "39": {"nrmse": [0.0003122817573131086]}, "40": {"nrmse": [0.0003129989010797584]}, "41": {"nrmse": [0.00031361032483477]}, "42": {"nrmse": [0.0003138612746708219]}, "43": {"nrmse": [0.0003133065851086231]}, "44": {"nrmse": [0.00031270912976568197]}, "45": {"nrmse": [0.0003124934007327733]}, "46": {"nrmse": [0.00031222654194311753]}, "47": {"nrmse": [0.0003116335770181712]}, "48": {"nrmse": [0.000311189248829542]}, "49": {"nrmse": [0.0003106323742429207]}, "50": {"nrmse": [0.00031030087626221855]}, "51": {"nrmse": [0.0003104006538084528]}, "52": {"nrmse": [0.0003102148568784801]}, "53": {"nrmse": [0.00031056113893288494]}, "54": {"nrmse": [0.00031026799095074494]}, "55": {"nrmse": [0.0003106521282426694]}, "56": {"nrmse": [0.00031143491818959903]}, "57": {"nrmse": [0.0003114682136089055]}, "58": {"nrmse": [0.0003108486515222365]}, "59": {"nrmse": [0.00031082101566154706]}, "60": {"nrmse": [0.00031121294341775597]}}}