{"state_names": ["r"], "scores_per_horizon": {"1": {"nrmse": [0.00029803204109794216]}, "2": {"nrmse": [0.00028023007334977376]}, "3": {"nrmse": [0.0002711695098637117]}, "4": {"nrmse": [0.00026192469591405525]}, "5": {"nrmse": [0.00025713371517519667]}, "6": {"nrmse": [0.00025942551365984863]}, "7": {"nrmse": [0.0002614406122118397]}, "8": {"nrmse": [0.00026537284231157573]}, "9": {"nrmse": [0.0002725213471368638]}, "10": {"nrmse": [0.00027297598560698465]}, "11": {"nrmse": [0.000274627093329499]}, "12": {"nrmse": [0.0002756469479612739]}, "13": {"nrmse": [0.00028160341573857747]}, "14": {"nrmse": [0.00028375955369254165]}, "15": {"nrmse": [0.0002854314745281577]}, "16": {"nrmse": [0.0002866875721918411]}, "17": {"nrmse": [0.0002853269689161554]}, "18": {"nrmse": [0.00028379008940915143]}, "19": {"nrmse": [0.00028341764635188553]}, "20": {"nrmse": [0.0002841756048080172]}, "21": {"nrmse": [0.0002865920815375639]}, "22": {"nrmse": [0.00028817367072071163]}, "23": {"nrmse": [0.0002885779882135468]}, "24": {"nrmse": [0.00028909902276321467]}, "25": {"nrmse": [0.0002903600654592019]}, "26": {"nrmse": [0.0002897800187082858]}, "27": {"nrmse": [0.0002916029883617024]}, "28": {"nrmse": [0.0002931041661395723]}, "29": {"nrmse": [0.000293223486898556]}, "30": {"nrmse": [0.0002925336471153808]}, "31": {"nrmse": [0.0002927507137315392]}, "32": {"nrmse": [0.00029378723811712286]}, "33": {"nrmse": [0.000294492061350251]}, "34": {"nrmse": [0.00029478604314323086]}, "35": {"nrmse": [0.00029625457427575783]}, "36": {"nrmse": [0.00029728114693574015]}, "37": {"nrmse": [0.00029690359252140114]}, "38": {"nrmse": [0.00029765560291694187]}, "39": {"nrmse": [0.00029916780497134384]}, "40": {"nrmse": [0.0002998418623835982]}, "41": {"nrmse": [0.0003006330945909923]}, "42": {"nrmse": [0.0003014495299404026]}, "43": {"nrmse": [0.00030295139900672825]}, "44": {"nrmse": [0.0003040207264379213]}, "45": {"nrmse": [0.0003042646416265395]}, "46": {"nrmse": [0.0003049830208323274]}, "47": {"nrmse": [0.0003057846976335488]}, "48": {"nrmse": [0.00030662168955318634]}, "49": {"nrmse": [0.00030644469881136295]}, "50": {"nrmse": [0.00030660720823524825]}, "51": {"nrmse": [0.00030685213593870033]}, "52": {"nrmse": [0.0003072145954762433]}, "53": {"nrmse": [0.0003078050942276479]}, "54": {"nrmse": [0.00030817581263168877]}, "55": {"nrmse": [0.00030884527426802195]}, "56": {"nrmse": [0.00030908049371791945]}, "57": {"nrmse": [0.0003091826470629522]}, "58": {"nrmse": [0.00030957387578586576]}, "59": {"nrmse": [0.00030998004488644033]}, "60": {"nrmse": [0.0003109301091205217]}}}