{"state_names": ["r"], "scores_per_horizon": {"1": {"nrmse": [0.00036085811828259464]}, "2": {"nrmse": [0.0003743854740809495]}, "3": {"nrmse": [0.0003731810510431832]}, "4": {"nrmse": [0.0003538037235461858]}, "5": {"nrmse": [0.0003356306071123723]}, "6": {"nrmse": [0.0003176350008010343]}, "7": {"nrmse": [0.0003015400486067207]}, "8": {"nrmse": [0.0002893800922448225]}, "9": {"nrmse": [0.00027939231115571057]}, "10": {"nrmse": [0.0002700675980378585]}, "11": {"nrmse": [0.0002627728038574793]}, "12": {"nrmse": [0.0002556230593684183]}, "13": {"nrmse": [0.0002493023489166534]}, "14": {"nrmse": [0.00024270186336875125]}, "15": {"nrmse": [0.00023780713995276792]}, "16": {"nrmse": [0.00023517118238645322]}, "17": {"nrmse": [0.00023110586688923136]}, "18": {"nrmse": [0.00022843875990196042]}, "19": {"nrmse": [0.00022578969619234428]}, "20": {"nrmse": [0.00022315401542269235]}, "21": {"nrmse": [0.0002211449281449384]}, "22": {"nrmse": [0.00021911101924435066]}, "23": {"nrmse": [0.0002168290561281171]}, "24": {"nrmse": [0.00021506688470816274]}, "25": {"nrmse": [0.00021445228380539958]}, "26": {"nrmse": [0.00021233937389943922]}, "27": {"nrmse": [0.00021052239378253538]}, "28": {"nrmse": [0.00020964293131714695]}, "29": {"nrmse": [0.00020857066530209127]}, "30": {"nrmse": [0.00020767157289529892]}, "31": {"nrmse": [0.0002069950203602832]}, "32": {"nrmse": [0.00020685987939742144]}, "33": {"nrmse": [0.00020625599871065337]}, "34": {"nrmse": [0.00020534319823424093]}, "35": {"nrmse": [0.00020475333089441523]}, "36": {"nrmse": [0.00020407761809720216]}, "37": {"nrmse": [0.00020302296626998373]}, "38": {"nrmse": [0.0002024579221182017]}, "39": {"nrmse": [0.00020256309863186242]}, "40": {"nrmse": [0.00020176998127310818]}, "41": {"nrmse": [0.00020100064195371518]}, "42": {"nrmse": [0.00020043098131146135]}, "43": {"nrmse": [0.0001998894294072464]}, "44": {"nrmse": [0.00019899084329175413]}, "45": {"nrmse": [0.0001982648033960995]}, "46": {"nrmse": [0.00019816832027135854]}, "47": {"nrmse": [0.0001978034050962622]}, "48": {"nrmse": [0.00019706245840583043]}, "49": {"nrmse": [0.00019633303494934903]}, "50": {"nrmse": [0.0001960964108035056]}, "51": {"nrmse": [0.00019593191318841634]}, "52": {"nrmse": [0.00019584608718305871]}, "53": {"nrmse": [0.0001956864750537032]}, "54": {"nrmse": [0.0001950919578742855]}, "55": {"nrmse": [0.00019513833854340235]}, "56": {"nrmse": [0.00019557043743311835]}, "57": {"nrmse": [0.00019541488323664464]}, "58": {"nrmse": [0.00019495830428211666]}, "59": {"nrmse": [0.0001944729094413143]}, "60": {"nrmse": [0.00019415834715293752]}}}