{"state_names": ["r"], "scores_per_horizon": {"1": {"nrmse": [0.00026593387301552276]}, "2": {"nrmse": [0.00024134278230557183]}, "3": {"nrmse": [0.00021557169916417037]}, "4": {"nrmse": [0.00019574300723833137]}, "5": {"nrmse": [0.00018180881330000535]}, "6": {"nrmse": [0.0001715302602499094]}, "7": {"nrmse": [0.0001632375756615975]}, "8": {"nrmse": [0.00015715112371909615]}, "9": {"nrmse": [0.00015288613154459057]}, "10": {"nrmse": [0.0001487832492945831]}, "11": {"nrmse": [0.00014543052736189324]}, "12": {"nrmse": [0.00014248040836969405]}, "13": {"nrmse": [0.00014104720958428766]}, "14": {"nrmse": [0.00013872331298154947]}, "15": {"nrmse": [0.00013725425588492865]}, "16": {"nrmse": [0.0001363177056887954]}, "17": {"nrmse": [0.00013519981789521343]}, "18": {"nrmse": [0.00013493486303844382]}, "19": {"nrmse": [0.00013433672939442266]}, "20": {"nrmse": [0.0001341799920306715]}, "21": {"nrmse": [0.00013383136725681762]}, "22": {"nrmse": [0.00013429307583858252]}, "23": {"nrmse": [0.0001341448321277222]}, "24": {"nrmse": [0.0001339498694066162]}, "25": {"nrmse": [0.00013422481988132815]}, "26": {"nrmse": [0.00013406220668172236]}, "27": {"nrmse": [0.00013430485279007615]}, "28": {"nrmse": [0.0001348003116611132]}, "29": {"nrmse": [0.00013499415438196074]}, "30": {"nrmse": [0.00013474413230279067]}, "31": {"nrmse": [0.00013502897473726173]}, "32": {"nrmse": [0.00013528605170836383]}, "33": {"nrmse": [0.00013481407645893283]}, "34": {"nrmse": [0.0001347331186750897]}, "35": {"nrmse": [0.00013497336440715707]}, "36": {"nrmse": [0.00013501617654461317]}, "37": {"nrmse": [0.00013477956053214996]}, "38": {"nrmse": [0.00013484578649009072]}, "39": {"nrmse": [0.00013530152880010716]}, "40": {"nrmse": [0.00013556778049417578]}, "41": {"nrmse": [0.00013563941136911708]}, "42": {"nrmse": [0.00013569107373093438]}, "43": {"nrmse": [0.0001356006548823564]}, "44": {"nrmse": [0.00013570929454379492]}, "45": {"nrmse": [0.00013581828598394378]}, "46": {"nrmse": [0.00013572735544785958]}, "47": {"nrmse": [0.00013548231321734594]}, "48": {"nrmse": [0.00013554254144677153]}, "49": {"nrmse": [0.00013548182663218231]}, "50": {"nrmse": [0.00013543133898231228]}, "51": {"nrmse": [0.00013565512179731563]}, "52": {"nrmse": [0.00013568824423950643]}, "53": {"nrmse": [0.000135939686753391]}, "54": {"nrmse": [0.00013600445553354104]}, "55": {"nrmse": [0.0001363169140045246]}, "56": {"nrmse": [0.00013656288989135544]}, "57": {"nrmse": [0.00013660244020760826]}, "58": {"nrmse": [0.0001365156794146008]}, "59": {"nrmse": [0.00013675052167333294]}, "60": {"nrmse": [0.000136856744371315]}}}