{"state_names": ["r"], "scores_per_horizon": {"1": {"nrmse": [0.0003466426198436953]}, "2": {"nrmse": [0.00034630232857392696]}, "3": {"nrmse": [0.00034330482319552027]}, "4": {"nrmse": [0.0003315275665544907]}, "5": {"nrmse": [0.00032869884975249335]}, "6": {"nrmse": [0.0003307572541797937]}, "7": {"nrmse": [0.0003333412000884967]}, "8": {"nrmse": [0.0003390766688068393]}, "9": {"nrmse": [0.00034420609148190886]}, "10": {"nrmse": [0.00034844059019057105]}, "11": {"nrmse": [0.0003537007934227229]}, "12": {"nrmse": [0.0003580564312318265]}, "13": {"nrmse": [0.0003639567459980595]}, "14": {"nrmse": [0.00036807846747640896]}, "15": {"nrmse": [0.0003714561422131519]}, "16": {"nrmse": [0.00037327412144704767]}, "17": {"nrmse": [0.0003754881062179655]}, "18": {"nrmse": [0.0003785541330719116]}, "19": {"nrmse": [0.00038117757983209544]}, "20": {"nrmse": [0.0003834412394368714]}, "21": {"nrmse": [0.00038574698866579844]}, "22": {"nrmse": [0.0003888693385608832]}, "23": {"nrmse": [0.00039010344376134103]}, "24": {"nrmse": [0.00039197236069742167]}, "25": {"nrmse": [0.00039361930480214115]}, "26": {"nrmse": [0.00039467801563541617]}, "27": {"nrmse": [0.00039744482849341016]}, "28": {"nrmse": [0.0003994656053005762]}, "29": {"nrmse": [0.00040103185199859916]}, "30": {"nrmse": [0.00040161461736487185]}, "31": {"nrmse": [0.0004026498317043921]}, "32": {"nrmse": [0.0004039369937717732]}, "33": {"nrmse": [0.0004045820391246358]}, "34": {"nrmse": [0.0004052816643093603]}, "35": {"nrmse": [0.0004061951448497661]}, "36": {"nrmse": [0.00040749612555171337]}, "37": {"nrmse": [0.00040778816926714215]}, "38": {"nrmse": [0.00040822189032794104]}, "39": {"nrmse": [0.00040953480600192864]}, "40": {"nrmse": [0.0004107162737543403]}, "41": {"nrmse": [0.0004120084837237441]}, "42": {"nrmse": [0.00041309963483440255]}, "43": {"nrmse": [0.0004136276899662125]}, "44": {"nrmse": [0.0004140212504151021]}, "45": {"nrmse": [0.0004147491413986072]}, "46": {"nrmse": [0.0004151905239893904]}, "47": {"nrmse": [0.00041501303758731064]}, "48": {"nrmse": [0.0004154203170965959]}, "49": {"nrmse": [0.0004158848300350943]}, "50": {"nrmse": [0.0004160256282221302]}, "51": {"nrmse": [0.0004165138658435715]}, "52": {"nrmse": [0.0004166747599991801]}, "53": {"nrmse": [0.00041753255087881866]}, "54": {"nrmse": [0.00041803794092044546]}, "55": {"nrmse": [0.0004188919649074249]}, "56": {"nrmse": [0.00041927654368313275]}, "57": {"nrmse": [0.0004192220595584394]}, "58": {"nrmse": [0.00041918554242170513]}, "59": {"nrmse": [0.00041996101899861664]}, "60": {"nrmse": [0.0004208015826374564]}}}