{"state_names": ["r"], "scores_per_horizon": {"1": {"nrmse": [0.00034193337325167766]}, "2": {"nrmse": [0.00034487312879248155]}, "3": {"nrmse": [0.00033243233170831584]}, "4": {"nrmse": [0.0003128555788781501]}, "5": {"nrmse": [0.0003042011306837223]}, "6": {"nrmse": [0.00029922470880974056]}, "7": {"nrmse": [0.0002950737457525672]}, "8": {"nrmse": [0.0002965171463663925]}, "9": {"nrmse": [0.00030018438498338106]}, "10": {"nrmse": [0.0003034555449238114]}, "11": {"nrmse": [0.00031001175734853833]}, "12": {"nrmse": [0.0003149906233087372]}, "13": {"nrmse": [0.00032266879434358263]}, "14": {"nrmse": [0.00032733577290115193]}, "15": {"nrmse": [0.00033229958238583334]}, "16": {"nrmse": [0.0003348963577017269]}, "17": {"nrmse": [0.00033869569859094065]}, "18": {"nrmse": [0.00034278124450063226]}, "19": {"nrmse": [0.0003464428547333519]}, "20": {"nrmse": [0.0003494377442030844]}, "21": {"nrmse": [0.00035209308559576674]}, "22": {"nrmse": [0.0003554657433525432]}, "23": {"nrmse": [0.00035765482031294247]}, "24": {"nrmse": [0.00036020727088182866]}, "25": {"nrmse": [0.0003632745901475564]}, "26": {"nrmse": [0.00036521592059993727]}, "27": {"nrmse": [0.0003689605431831241]}, "28": {"nrmse": [0.00037181485671087915]}, "29": {"nrmse": [0.0003737992071423716]}, "30": {"nrmse": [0.00037523677629689394]}, "31": {"nrmse": [0.00037761278076869844]}, "32": {"nrmse": [0.00037956416840957767]}, "33": {"nrmse": [0.00038053554383230025]}, "34": {"nrmse": [0.00038184747203312655]}, "35": {"nrmse": [0.0003837829126084681]}, "36": {"nrmse": [0.0003855772368059952]}, "37": {"nrmse": [0.0003863346966316145]}, "38": {"nrmse": [0.00038748153042115753]}, "39": {"nrmse": [0.00038903983409596747]}, "40": {"nrmse": [0.0003904356889471352]}, "41": {"nrmse": [0.0003918844852142244]}, "42": {"nrmse": [0.00039350549037169854]}, "43": {"nrmse": [0.0003947846709725638]}, "44": {"nrmse": [0.00039574017691368244]}, "45": {"nrmse": [0.0003967295768968914]}, "46": {"nrmse": [0.0003979005039329107]}, "47": {"nrmse": [0.00039836360755966544]}, "48": {"nrmse": [0.00039918307880131595]}, "49": {"nrmse": [0.000399661369469599]}, "50": {"nrmse": [0.0004002857437390491]}, "51": {"nrmse": [0.0004011866573556831]}, "52": {"nrmse": [0.00040186749115815796]}, "53": {"nrmse": [0.00040297594301034936]}, "54": {"nrmse": [0.00040379382468375916]}, "55": {"nrmse": [0.00040510409059385093]}, "56": {"nrmse": [0.0004057931761701722]}, "57": {"nrmse": [0.00040608572328757365]}, "58": {"nrmse": [0.0004063913079296802]}, "59": {"nrmse": [0.0004073457886692821]}, "60": {"nrmse": [0.0004080599005677003]}}}