{"state_names": ["r"], "scores_per_horizon": {"1": {"nrmse": [0.0003374761644596889]}, "2": {"nrmse": [0.0003327430491647348]}, "3": {"nrmse": [0.0003265567021607578]}, "4": {"nrmse": [0.0003082033106261159]}, "5": {"nrmse": [0.0002956677909968208]}, "6": {"nrmse": [0.0002895078873183537]}, "7": {"nrmse": [0.0002834509557538075]}, "8": {"nrmse": [0.00028125539244686624]}, "9": {"nrmse": [0.00028154902579145656]}, "10": {"nrmse": [0.00027901882973101167]}, "11": {"nrmse": [0.0002774503378290339]}, "12": {"nrmse": [0.0002759042291963074]}, "13": {"nrmse": [0.0002776012242283037]}, "14": {"nrmse": [0.0002773514498110671]}, "15": {"nrmse": [0.000277455615627835]}, "16": {"nrmse": [0.00027706735639259803]}, "17": {"nrmse": [0.00027549738271860885]}, "18": {"nrmse": [0.0002755032146902689]}, "19": {"nrmse": [0.00027580145568585634]}, "20": {"nrmse": [0.0002762096616758923]}, "21": {"nrmse": [0.00027692551308053115]}, "22": {"nrmse": [0.0002775958780084066]}, "23": {"nrmse": [0.00027735550643818427]}, "24": {"nrmse": [0.0002777809599962849]}, "25": {"nrmse": [0.00027845297553206203]}, "26": {"nrmse": [0.0002780514259919532]}, "27": {"nrmse": [0.00027953381942207343]}, "28": {"nrmse": [0.0002807738077464072]}, "29": {"nrmse": [0.00028100392118430434]}, "30": {"nrmse": [0.0002805100678612331]}, "31": {"nrmse": [0.00028079281423538466]}, "32": {"nrmse": [0.00028145868120149517]}, "33": {"nrmse": [0.0002812885186109586]}, "34": {"nrmse": [0.000281108650922121]}, "35": {"nrmse": [0.0002815538208326257]}, "36": {"nrmse": [0.0002820105517027623]}, "37": {"nrmse": [0.00028143968915427886]}, "38": {"nrmse": [0.0002813572579342492]}, "39": {"nrmse": [0.00028215500077464285]}, "40": {"nrmse": [0.00028258548760233656]}, "41": {"nrmse": [0.00028320231861012]}, "42": {"nrmse": [0.0002836625475840822]}, "43": {"nrmse": [0.000283772228337562]}, "44": {"nrmse": [0.0002835091234092119]}, "45": {"nrmse": [0.0002835095690462564]}, "46": {"nrmse": [0.00028361583070230103]}, "47": {"nrmse": [0.0002833129750046113]}, "48": {"nrmse": [0.0002833671011326617]}, "49": {"nrmse": [0.0002830650458878952]}, "50": {"nrmse": [0.0002829937873304138]}, "51": {"nrmse": [0.0002831197982370825]}, "52": {"nrmse": [0.00028310694528630175]}, "53": {"nrmse": [0.00028356440915811005]}, "54": {"nrmse": [0.00028359478627504504]}, "55": {"nrmse": [0.00028414047186431867]}, "56": {"nrmse": [0.0002842804275396202]}, "57": {"nrmse": [0.00028410177208054764]}, "58": {"nrmse": [0.0002839818324143475]}, "59": {"nrmse": [0.0002842927111924908]}, "60": {"nrmse": [0.0002848398512657822]}}}