{"state_names": ["r"], "scores_per_horizon": {"1": {"nrmse": [0.00035611666248606044]}, "2": {"nrmse": [0.0003491006925878228]}, "3": {"nrmse": [0.00034890855873056863]}, "4": {"nrmse": [0.00034068066850220964]}, "5": {"nrmse": [0.0003350506163537448]}, "6": {"nrmse": [0.0003292237455085507]}, "7": {"nrmse": [0.00032475632188544554]}, "8": {"nrmse": [0.00032597777973329337]}, "9": {"nrmse": [0.0003286711014792555]}, "10": {"nrmse": [0.00032928710387085733]}, "11": {"nrmse": [0.00033124541626974256]}, "12": {"nrmse": [0.00033281415436267283]}, "13": {"nrmse": [0.0003367797933767436]}, "14": {"nrmse": [0.0003380544566415075]}, "15": {"nrmse": [0.0003388015956996902]}, "16": {"nrmse": [0.00033836099973741894]}, "17": {"nrmse": [0.00033785067621762194]}, "18": {"nrmse": [0.0003386681252179814]}, "19": {"nrmse": [0.0003397194327313188]}, "20": {"nrmse": [0.0003408129489360701]}, "21": {"nrmse": [0.0003419357233408192]}, "22": {"nrmse": [0.0003440442448937699]}, "23": {"nrmse": [0.00034485267033819786]}, "24": {"nrmse": [0.0003455926921318632]}, "25": {"nrmse": [0.00034670417107076853]}, "26": {"nrmse": [0.0003469584036558362]}, "27": {"nrmse": [0.0003490340739257936]}, "28": {"nrmse": [0.00035067262275163125]}, "29": {"nrmse": [0.0003515195040662996]}, "30": {"nrmse": [0.0003515281208133681]}, "31": {"nrmse": [0.00035229591179460393]}, "32": {"nrmse": [0.0003533685337935262]}, "33": {"nrmse": [0.0003533155087792483]}, "34": {"nrmse": [0.0003534172331626827]}, "35": {"nrmse": [0.0003541394136135743]}, "36": {"nrmse": [0.00035502989339656954]}, "37": {"nrmse": [0.0003548674223046344]}, "38": {"nrmse": [0.0003548912735531035]}, "39": {"nrmse": [0.0003558895407002945]}, "40": {"nrmse": [0.00035672879136978584]}, "41": {"nrmse": [0.00035762632205055164]}, "42": {"nrmse": [0.0003584874486672733]}, "43": {"nrmse": [0.00035884421413989086]}, "44": {"nrmse": [0.00035914398545417174]}, "45": {"nrmse": [0.00035943340693213495]}, "46": {"nrmse": [0.00035937815469176107]}, "47": {"nrmse": [0.0003588851932195208]}, "48": {"nrmse": [0.000359058534455656]}, "49": {"nrmse": [0.0003590001979060741]}, "50": {"nrmse": [0.0003588227758095717]}, "51": {"nrmse": [0.00035912022973226597]}, "52": {"nrmse": [0.00035922382844929407]}, "53": {"nrmse": [0.00035994695727855833]}, "54": {"nrmse": [0.0003603337745152661]}, "55": {"nrmse": [0.0003612156920779562]}, "56": {"nrmse": [0.0003616355278995474]}, "57": {"nrmse": [0.0003617070944492242]}, "58": {"nrmse": [0.00036152101161543784]}, "59": {"nrmse": [0.00036206884103052816]}, "60": {"nrmse": [0.0003629067644225465]}}}