{"state_names": ["r"], "scores_per_horizon": {"1": {"nrmse": [0.00516574076349942]}, "2": {"nrmse": [0.005163001574541719]}, "3": {"nrmse": [0.005166556523262023]}, "4": {"nrmse": [0.0051611605980707645]}, "5": {"nrmse": [0.005164254726937954]}, "6": {"nrmse": [0.005159952966627416]}, "7": {"nrmse": [0.005160440049765744]}, "8": {"nrmse": [0.005161925565828]}, "9": {"nrmse": [0.005160818416056135]}, "10": {"nrmse": [0.005161383598828575]}, "11": {"nrmse": [0.005164273160980183]}, "12": {"nrmse": [0.005168608348262945]}, "13": {"nrmse": [0.005173414830982517]}, "14": {"nrmse": [0.005175835274536579]}, "15": {"nrmse": [0.0051773671758050905]}, "16": {"nrmse": [0.005178002606992022]}, "17": {"nrmse": [0.005180647997597359]}, "18": {"nrmse": [0.005183841128919208]}, "19": {"nrmse": [0.005185053116087469]}, "20": {"nrmse": [0.005184624915780599]}, "21": {"nrmse": [0.005183124668485521]}, "22": {"nrmse": [0.005183856525935975]}, "23": {"nrmse": [0.005183927732680925]}, "24": {"nrmse": [0.00518425825881486]}, "25": {"nrmse": [0.005185373724424351]}, "26": {"nrmse": [0.005186410017671202]}, "27": {"nrmse": [0.005188966594052632]}, "28": {"nrmse": [0.005193029667371083]}, "29": {"nrmse": [0.005198095002723692]}, "30": {"nrmse": [0.005202962596256295]}, "31": {"nrmse": [0.005208346508787855]}, "32": {"nrmse": [0.005213273580480524]}, "33": {"nrmse": [0.005216931809328316]}, "34": {"nrmse": [0.005220336653777194]}, "35": {"nrmse": [0.005224364115365392]}, "36": {"nrmse": [0.005228754392536961]}, "37": {"nrmse": [0.005232710110243203]}, "38": {"nrmse": [0.005236926362222186]}, "39": {"nrmse": [0.005240585776906315]}, "40": {"nrmse": [0.005244121313910195]}, "41": {"nrmse": [0.00524708525295528]}, "42": {"nrmse": [0.005250171824501119]}, "43": {"nrmse": [0.005252821747079967]}, "44": {"nrmse": [0.005256176583404285]}, "45": {"nrmse": [0.005259864392319518]}, "46": {"nrmse": [0.005263501988164922]}, "47": {"nrmse": [0.0052658348617578565]}, "48": {"nrmse": [0.005268304566260788]}, "49": {"nrmse": [0.005270707440281797]}, "50": {"nrmse": [0.00527241088762168]}, "51": {"nrmse": [0.005274359358299953]}, "52": {"nrmse": [0.005275853905346013]}, "53": {"nrmse": [0.005277042629278677]}, "54": {"nrmse": [0.005278266020964162]}, "55": {"nrmse": [0.0052797973692729466]}, "56": {"nrmse": [0.0052815996610174115]}, "57": {"nrmse": [0.005282529737908042]}, "58": {"nrmse": [0.00528269612516682]}, "59": {"nrmse": [0.005282963903280857]}, "60": {"nrmse": [0.00528266224824906]}}}