{"state_names": ["r"], "scores_per_horizon": {"1": {"nrmse": [0.00033127341705628267]}, "2": {"nrmse": [0.0003519990405047045]}, "3": {"nrmse": [0.0003612810434572162]}, "4": {"nrmse": [0.00034407484819219745]}, "5": {"nrmse": [0.0003273359268201075]}, "6": {"nrmse": [0.00031657932107903954]}, "7": {"nrmse": [0.00030648723171492945]}, "8": {"nrmse": [0.0003005808122650733]}, "9": {"nrmse": [0.00029836616903391647]}, "10": {"nrmse": [0.00029419751649678035]}, "11": {"nrmse": [0.0002927428866061922]}, "12": {"nrmse": [0.0002907136157693659]}, "13": {"nrmse": [0.00029132675867232305]}, "14": {"nrmse": [0.0002895882509243674]}, "15": {"nrmse": [0.0002892344925908469]}, "16": {"nrmse": [0.0002901871144841388]}, "17": {"nrmse": [0.0002893563278875774]}, "18": {"nrmse": [0.000288754346735806]}, "19": {"nrmse": [0.00028850203382726347]}, "20": {"nrmse": [0.0002882778775570284]}, "21": {"nrmse": [0.0002889012642577694]}, "22": {"nrmse": [0.00028888080203225223]}, "23": {"nrmse": [0.0002883064436846276]}, "24": {"nrmse": [0.00028862634412531]}, "25": {"nrmse": [0.0002912838114113591]}, "26": {"nrmse": [0.0002910555543692178]}, "27": {"nrmse": [0.00029265824614128514]}, "28": {"nrmse": [0.000294085319244913]}, "29": {"nrmse": [0.0002941411288735237]}, "30": {"nrmse": [0.00029352677516862813]}, "31": {"nrmse": [0.0002941361105561092]}, "32": {"nrmse": [0.00029525636676204557]}, "33": {"nrmse": [0.0002952235410052436]}, "34": {"nrmse": [0.00029467751988221315]}, "35": {"nrmse": [0.0002961046047776791]}, "36": {"nrmse": [0.00029697758176384936]}, "37": {"nrmse": [0.0002964132835290566]}, "38": {"nrmse": [0.00029707287427241727]}, "39": {"nrmse": [0.0002984546336337689]}, "40": {"nrmse": [0.00029842056491516145]}, "41": {"nrmse": [0.00029863970058154857]}, "42": {"nrmse": [0.00029937915521537463]}, "43": {"nrmse": [0.00030021888506461225]}, "44": {"nrmse": [0.0003004784859091913]}, "45": {"nrmse": [0.00030058220664366217]}, "46": {"nrmse": [0.00030184224664530794]}, "47": {"nrmse": [0.00030217673770775434]}, "48": {"nrmse": [0.00030248740685214837]}, "49": {"nrmse": [0.0003020872436526815]}, "50": {"nrmse": [0.0003022948176119754]}, "51": {"nrmse": [0.0003027268484892334]}, "52": {"nrmse": [0.00030320135993680254]}, "53": {"nrmse": [0.00030342930174031234]}, "54": {"nrmse": [0.0003031744435817056]}, "55": {"nrmse": [0.00030386157576248353]}, "56": {"nrmse": [0.00030456259936579894]}, "57": {"nrmse": [0.00030470359289991495]}, "58": {"nrmse": [0.0003046206458269548]}, "59": {"nrmse": [0.0003045980921429982]}, "60": {"nrmse": [0.0003044806159055908]}}}