{"state_names": ["r"], "scores_per_horizon": {"1": {"nrmse": [0.0003672595721746598]}, "2": {"nrmse": [0.0004119948787489787]}, "3": {"nrmse": [0.0004440705717542799]}, "4": {"nrmse": [0.00045104413190116057]}, "5": {"nrmse": [0.0004459905610816521]}, "6": {"nrmse": [0.00043802353641599024]}, "7": {"nrmse": [0.00043234307152497276]}, "8": {"nrmse": [0.00042863937700467897]}, "9": {"nrmse": [0.0004273276341248083]}, "10": {"nrmse": [0.00041986244385878345]}, "11": {"nrmse": [0.00041324803631356046]}, "12": {"nrmse": [0.00040739195600905084]}, "13": {"nrmse": [0.00040587926415942106]}, "14": {"nrmse": [0.0004034500059777205]}, "15": {"nrmse": [0.00040096980021092654]}, "16": {"nrmse": [0.00040139771778413774]}, "17": {"nrmse": [0.0003988082205261946]}, "18": {"nrmse": [0.00039450604529923277]}, "19": {"nrmse": [0.0003914003980626596]}, "20": {"nrmse": [0.0003886522530943764]}, "21": {"nrmse": [0.00038774365527331425]}, "22": {"nrmse": [0.0003871253330206612]}, "23": {"nrmse": [0.00038550542390140087]}, "24": {"nrmse": [0.0003843621293553322]}, "25": {"nrmse": [0.00038454089307078573]}, "26": {"nrmse": [0.00038250315792823567]}, "27": {"nrmse": [0.0003824156748990188]}, "28": {"nrmse": [0.0003822365233346306]}, "29": {"nrmse": [0.00038154047766791177]}, "30": {"nrmse": [0.000379710737042399]}, "31": {"nrmse": [0.0003787982569809475]}, "32": {"nrmse": [0.00037840006576885226]}, "33": {"nrmse": [0.00037819506208640487]}, "34": {"nrmse": [0.000377181546136186]}, "35": {"nrmse": [0.00037706738337045563]}, "36": {"nrmse": [0.0003767511269584578]}, "37": {"nrmse": [0.0003748822587422787]}, "38": {"nrmse": [0.0003743462827638099]}, "39": {"nrmse": [0.0003744816708169444]}, "40": {"nrmse": [0.000373917409092456]}, "41": {"nrmse": [0.0003731748316619868]}, "42": {"nrmse": [0.0003730902748886811]}, "43": {"nrmse": [0.00037406270260856983]}, "44": {"nrmse": [0.0003745514708939535]}, "45": {"nrmse": [0.0003743195537143006]}, "46": {"nrmse": [0.00037440275102646245]}, "47": {"nrmse": [0.0003748257213182242]}, "48": {"nrmse": [0.00037538898492895707]}, "49": {"nrmse": [0.00037526338331649365]}, "50": {"nrmse": [0.000374918901000134]}, "51": {"nrmse": [0.0003746598302163157]}, "52": {"nrmse": [0.00037456951495076524]}, "53": {"nrmse": [0.00037403547242890366]}, "54": {"nrmse": [0.0003733502124962002]}, "55": {"nrmse": [0.0003730021976489189]}, "56": {"nrmse": [0.0003727404502042078]}, "57": {"nrmse": [0.0003720172525148503]}, "58": {"nrmse": [0.0003713927332100297]}, "59": {"nrmse": [0.0003708541530229769]}, "60": {"nrmse": [0.00037077758201171565]}}}