{"state_names": ["r"], "scores_per_horizon": {"1": {"nrmse": [0.00029767630174682775]}, "2": {"nrmse": [0.0003042315600242189]}, "3": {"nrmse": [0.00030403504572833494]}, "4": {"nrmse": [0.0002900464384342706]}, "5": {"nrmse": [0.0002771662567103144]}, "6": {"nrmse": [0.0002708837351074759]}, "7": {"nrmse": [0.00026535298746406907]}, "8": {"nrmse": [0.0002649274644322423]}, "9": {"nrmse": [0.0002687859428370128]}, "10": {"nrmse": [0.0002684248263941409]}, "11": {"nrmse": [0.0002702870512256156]}, "12": {"nrmse": [0.00027109812801184944]}, "13": {"nrmse": [0.0002747525171873349]}, "14": {"nrmse": [0.00027495866883598514]}, "15": {"nrmse": [0.00027539828717507164]}, "16": {"nrmse": [0.0002767378962903693]}, "17": {"nrmse": [0.00027625639753864117]}, "18": {"nrmse": [0.0002768769230394324]}, "19": {"nrmse": [0.0002776134005353987]}, "20": {"nrmse": [0.0002782456176042002]}, "21": {"nrmse": [0.00027969413726764775]}, "22": {"nrmse": [0.000281818129346539]}, "23": {"nrmse": [0.0002818749261049467]}, "24": {"nrmse": [0.00028287286174805273]}, "25": {"nrmse": [0.00028489511047168986]}, "26": {"nrmse": [0.00028438249599663473]}, "27": {"nrmse": [0.00028642293443903634]}, "28": {"nrmse": [0.0002881305543031385]}, "29": {"nrmse": [0.0002889560210843039]}, "30": {"nrmse": [0.0002886524490775605]}, "31": {"nrmse": [0.00028885915632652554]}, "32": {"nrmse": [0.0002900357057756301]}, "33": {"nrmse": [0.00028989129292507045]}, "34": {"nrmse": [0.000289431240985531]}, "35": {"nrmse": [0.0002902329550156333]}, "36": {"nrmse": [0.00029148887765366314]}, "37": {"nrmse": [0.0002911499481251224]}, "38": {"nrmse": [0.0002915290967264279]}, "39": {"nrmse": [0.0002931744496269826]}, "40": {"nrmse": [0.00029383171201007095]}, "41": {"nrmse": [0.00029457675070384626]}, "42": {"nrmse": [0.00029518513081174566]}, "43": {"nrmse": [0.00029558610791680746]}, "44": {"nrmse": [0.0002956373915053098]}, "45": {"nrmse": [0.0002955650684309671]}, "46": {"nrmse": [0.00029578816730083194]}, "47": {"nrmse": [0.00029530909877274573]}, "48": {"nrmse": [0.0002952917410570243]}, "49": {"nrmse": [0.0002950856109872448]}, "50": {"nrmse": [0.00029502747844143546]}, "51": {"nrmse": [0.0002954210532493955]}, "52": {"nrmse": [0.0002954739595331945]}, "53": {"nrmse": [0.0002959506281537566]}, "54": {"nrmse": [0.0002958614801799143]}, "55": {"nrmse": [0.0002965662123057678]}, "56": {"nrmse": [0.000297175866255586]}, "57": {"nrmse": [0.0002969576492844896]}, "58": {"nrmse": [0.0002964483696519823]}, "59": {"nrmse": [0.0002965333779319759]}, "60": {"nrmse": [0.00029712132012360283]}}}