{"state_names": ["r"], "scores_per_horizon": {"1": {"nrmse": [0.0002764028786600263]}, "2": {"nrmse": [0.000265637774475505]}, "3": {"nrmse": [0.00025314264933758667]}, "4": {"nrmse": [0.00023895741222310177]}, "5": {"nrmse": [0.000223032522573231]}, "6": {"nrmse": [0.00021097046582695085]}, "7": {"nrmse": [0.00020056603533863217]}, "8": {"nrmse": [0.0001940818648298639]}, "9": {"nrmse": [0.00018969039274704827]}, "10": {"nrmse": [0.0001837055471285633]}, "11": {"nrmse": [0.00017928652366963025]}, "12": {"nrmse": [0.00017488047272683408]}, "13": {"nrmse": [0.00017164755592164116]}, "14": {"nrmse": [0.00016791237539674916]}, "15": {"nrmse": [0.0001649760289012602]}, "16": {"nrmse": [0.00016323897666795987]}, "17": {"nrmse": [0.00016025662326790317]}, "18": {"nrmse": [0.00015823681676338015]}, "19": {"nrmse": [0.0001567232130347191]}, "20": {"nrmse": [0.00015546527197173894]}, "21": {"nrmse": [0.0001543706787508285]}, "22": {"nrmse": [0.00015317704198232511]}, "23": {"nrmse": [0.000151872810532302]}, "24": {"nrmse": [0.00015118720063834318]}, "25": {"nrmse": [0.00015087785584157935]}, "26": {"nrmse": [0.00014971561702733103]}, "27": {"nrmse": [0.00014981479474352778]}, "28": {"nrmse": [0.0001495763273323963]}, "29": {"nrmse": [0.00014864772462130273]}, "30": {"nrmse": [0.00014775937891773575]}, "31": {"nrmse": [0.00014744367505095391]}, "32": {"nrmse": [0.00014733038701011041]}, "33": {"nrmse": [0.00014673794454957804]}, "34": {"nrmse": [0.00014618916104724929]}, "35": {"nrmse": [0.00014629152755385975]}, "36": {"nrmse": [0.0001458472765252716]}, "37": {"nrmse": [0.0001449187361393544]}, "38": {"nrmse": [0.00014474664001411792]}, "39": {"nrmse": [0.00014484796208165567]}, "40": {"nrmse": [0.00014447545287919216]}, "41": {"nrmse": [0.00014410566044784667]}, "42": {"nrmse": [0.0001439493570839932]}, "43": {"nrmse": [0.00014411722340525656]}, "44": {"nrmse": [0.00014393957997547294]}, "45": {"nrmse": [0.00014365865960636252]}, "46": {"nrmse": [0.00014366105265935952]}, "47": {"nrmse": [0.00014349535848845398]}, "48": {"nrmse": [0.0001433590553485327]}, "49": {"nrmse": [0.00014298016473536352]}, "50": {"nrmse": [0.00014282831861150505]}, "51": {"nrmse": [0.0001427794911747764]}, "52": {"nrmse": [0.00014271678657813656]}, "53": {"nrmse": [0.00014278222905633576]}, "54": {"nrmse": [0.00014249025574931552]}, "55": {"nrmse": [0.00014251400563368658]}, "56": {"nrmse": [0.00014242977526335982]}, "57": {"nrmse": [0.00014219111524505697]}, "58": {"nrmse": [0.0001420434503419896]}, "59": {"nrmse": [0.00014188081180799216]}, "60": {"nrmse": [0.00014192766542905477]}}}