{"state_names": ["r"], "scores_per_horizon": {"1": {"nrmse": [0.00017426240824317853]}, "2": {"nrmse": [0.00021236073937735717]}, "3": {"nrmse": [0.0002484245533758889]}, "4": {"nrmse": [0.00027251913326507886]}, "5": {"nrmse": [0.00029867517208942906]}, "6": {"nrmse": [0.00031802493461031083]}, "7": {"nrmse": [0.0003383518613912823]}, "8": {"nrmse": [0.0003660768806420046]}, "9": {"nrmse": [0.0003933497332775941]}, "10": {"nrmse": [0.0004173787821521024]}, "11": {"nrmse": [0.0004391253490384778]}, "12": {"nrmse": [0.00046067608328284897]}, "13": {"nrmse": [0.0004787884465987923]}, "14": {"nrmse": [0.0004972242122458649]}, "15": {"nrmse": [0.0005148638302002649]}, "16": {"nrmse": [0.000534332399079657]}, "17": {"nrmse": [0.0005536146908090416]}, "18": {"nrmse": [0.0005695170257151715]}, "19": {"nrmse": [0.0005851704422097607]}, "20": {"nrmse": [0.0005985465787120741]}, "21": {"nrmse": [0.0006112015662784222]}, "22": {"nrmse": [0.0006228363544328305]}, "23": {"nrmse": [0.0006330972816641084]}, "24": {"nrmse": [0.0006438656133811515]}, "25": {"nrmse": [0.0006537890222247104]}, "26": {"nrmse": [0.0006633752986267903]}, "27": {"nrmse": [0.0006748361619420987]}, "28": {"nrmse": [0.0006874723551138835]}, "29": {"nrmse": [0.0006989211451123388]}, "30": {"nrmse": [0.0007105578621226584]}, "31": {"nrmse": [0.0007224544939992487]}, "32": {"nrmse": [0.0007344977587212112]}, "33": {"nrmse": [0.0007466769233554664]}, "34": {"nrmse": [0.0007580526622257336]}, "35": {"nrmse": [0.0007704683797070362]}, "36": {"nrmse": [0.0007830158943741294]}, "37": {"nrmse": [0.0007948344574908852]}, "38": {"nrmse": [0.0008075945500052732]}, "39": {"nrmse": [0.0008197044268866782]}, "40": {"nrmse": [0.000831232447832201]}, "41": {"nrmse": [0.0008413434532926854]}, "42": {"nrmse": [0.0008527928049582774]}, "43": {"nrmse": [0.0008640655471163229]}, "44": {"nrmse": [0.0008757296471031358]}, "45": {"nrmse": [0.0008872974810173185]}, "46": {"nrmse": [0.0008988408762615151]}, "47": {"nrmse": [0.0009094436302610356]}, "48": {"nrmse": [0.0009199687634554368]}, "49": {"nrmse": [0.0009297798733547959]}, "50": {"nrmse": [0.0009389827494144818]}, "51": {"nrmse": [0.000948294066789612]}, "52": {"nrmse": [0.0009566416466641303]}, "53": {"nrmse": [0.0009649269633590393]}, "54": {"nrmse": [0.0009731495027825779]}, "55": {"nrmse": [0.0009816056931067014]}, "56": {"nrmse": [0.0009900177336582994]}, "57": {"nrmse": [0.0009978610792287896]}, "58": {"nrmse": [0.0010057436092682354]}, "59": {"nrmse": [0.0010131231630164854]}, "60": {"nrmse": [0.0010197259301446592]}}}