{"state_names": ["r"], "scores_per_horizon": {"1": {"nrmse": [0.0001761905439392785]}, "2": {"nrmse": [0.00021452473091051547]}, "3": {"nrmse": [0.0002508219463207341]}, "4": {"nrmse": [0.0002752621015523341]}, "5": {"nrmse": [0.0003015767884283472]}, "6": {"nrmse": [0.0003210957789495179]}, "7": {"nrmse": [0.00034117987328566947]}, "8": {"nrmse": [0.00036873519491118677]}, "9": {"nrmse": [0.00039576141397514275]}, "10": {"nrmse": [0.0004191633778764719]}, "11": {"nrmse": [0.00044052379027092445]}, "12": {"nrmse": [0.00046183720682205714]}, "13": {"nrmse": [0.00047985110695721397]}, "14": {"nrmse": [0.0004982858099523774]}, "15": {"nrmse": [0.0005158978312510526]}, "16": {"nrmse": [0.000535475535593873]}, "17": {"nrmse": [0.0005547778164233146]}, "18": {"nrmse": [0.0005707464753669663]}, "19": {"nrmse": [0.000586660789583845]}, "20": {"nrmse": [0.0006001080597603143]}, "21": {"nrmse": [0.0006127154078059291]}, "22": {"nrmse": [0.000624229945236531]}, "23": {"nrmse": [0.0006344053549011585]}, "24": {"nrmse": [0.0006452156133733609]}, "25": {"nrmse": [0.0006550899833038123]}, "26": {"nrmse": [0.000664554832047069]}, "27": {"nrmse": [0.0006758919694572806]}, "28": {"nrmse": [0.0006884253532810179]}, "29": {"nrmse": [0.0006998518553562006]}, "30": {"nrmse": [0.0007113903260422451]}, "31": {"nrmse": [0.0007233086229653434]}, "32": {"nrmse": [0.0007353518462201248]}, "33": {"nrmse": [0.000747592832371797]}, "34": {"nrmse": [0.0007590172006875918]}, "35": {"nrmse": [0.00077147158752365]}, "36": {"nrmse": [0.0007840531826796744]}, "37": {"nrmse": [0.0007959459502286338]}, "38": {"nrmse": [0.0008087918225944699]}, "39": {"nrmse": [0.0008209731344429144]}, "40": {"nrmse": [0.0008325067864232492]}, "41": {"nrmse": [0.000842558914627551]}, "42": {"nrmse": [0.0008539315058473186]}, "43": {"nrmse": [0.0008652134187942102]}, "44": {"nrmse": [0.0008769478129519805]}, "45": {"nrmse": [0.0008886174973992122]}, "46": {"nrmse": [0.0009002791865021305]}, "47": {"nrmse": [0.000911048051708508]}, "48": {"nrmse": [0.0009216805268474454]}, "49": {"nrmse": [0.0009315271185574872]}, "50": {"nrmse": [0.0009407175003792495]}, "51": {"nrmse": [0.0009500352776440018]}, "52": {"nrmse": [0.0009584093247691358]}, "53": {"nrmse": [0.0009667358566786172]}, "54": {"nrmse": [0.0009750056692403013]}, "55": {"nrmse": [0.0009835068158065398]}, "56": {"nrmse": [0.0009919664146530883]}, "57": {"nrmse": [0.000999871054898696]}, "58": {"nrmse": [0.0010078278842288433]}, "59": {"nrmse": [0.0010152984069865686]}, "60": {"nrmse": [0.0010219709465923077]}}}