{"state_names": ["r"], "scores_per_horizon": {"1": {"nrmse": [0.0011097037455047008]}, "2": {"nrmse": [0.0010750315987647174]}, "3": {"nrmse": [0.0014586692686894963]}, "4": {"nrmse": [0.0020125232402250738]}, "5": {"nrmse": [0.0024576220039708913]}, "6": {"nrmse": [0.0027731497234556]}, "7": {"nrmse": [0.0029725903897990743]}, "8": {"nrmse": [0.003081004232990597]}, "9": {"nrmse": [0.003129947767197406]}, "10": {"nrmse": [0.0031595591427197004]}, "11": {"nrmse": [0.003175701253714978]}, "12": {"nrmse": [0.0031789514480456338]}, "13": {"nrmse": [0.003170495873250891]}, "14": {"nrmse": [0.003161893065806708]}, "15": {"nrmse": [0.003166321854167325]}, "16": {"nrmse": [0.003174080519278308]}, "17": {"nrmse": [0.003171281444463613]}, "18": {"nrmse": [0.003170967738752988]}, "19": {"nrmse": [0.003175038541601458]}, "20": {"nrmse": [0.003176002840289587]}, "21": {"nrmse": [0.003170789636632702]}, "22": {"nrmse": [0.0031693933714451975]}, "23": {"nrmse": [0.003164800908767485]}, "24": {"nrmse": [0.0031628802807533757]}, "25": {"nrmse": [0.003153055144632151]}, "26": {"nrmse": [0.003149843569759272]}, "27": {"nrmse": [0.003147430511682939]}, "28": {"nrmse": [0.0031456390909772427]}, "29": {"nrmse": [0.0031391589751791813]}, "30": {"nrmse": [0.0031371888066902692]}, "31": {"nrmse": [0.0031352988578777757]}, "32": {"nrmse": [0.0031323249707455075]}, "33": {"nrmse": [0.003129544485210772]}, "34": {"nrmse": [0.00312513806624593]}, "35": {"nrmse": [0.0031203514098916032]}, "36": {"nrmse": [0.0031190293003079002]}, "37": {"nrmse": [0.003111573716541648]}, "38": {"nrmse": [0.0031077640639526143]}, "39": {"nrmse": [0.0031042667493179723]}, "40": {"nrmse": [0.0030961904145579526]}, "41": {"nrmse": [0.0030905329017020776]}, "42": {"nrmse": [0.0030826639589784438]}, "43": {"nrmse": [0.003076837054408769]}, "44": {"nrmse": [0.003069856604043555]}, "45": {"nrmse": [0.00306494991239111]}, "46": {"nrmse": [0.0030599911047786694]}, "47": {"nrmse": [0.003051432158428823]}, "48": {"nrmse": [0.0030420077273758347]}, "49": {"nrmse": [0.0030335064452640314]}, "50": {"nrmse": [0.0030273894158831796]}, "51": {"nrmse": [0.0030198243469066067]}, "52": {"nrmse": [0.0030117468509135298]}, "53": {"nrmse": [0.0030048478321931084]}, "54": {"nrmse": [0.0029961162189886094]}, "55": {"nrmse": [0.0029871797313659808]}, "56": {"nrmse": [0.0029809454181908635]}, "57": {"nrmse": [0.002976201247618437]}, "58": {"nrmse": [0.002970337449477531]}, "59": {"nrmse": [0.002963990168214883]}, "60": {"nrmse": [0.0029567359853939178]}}}