{"state_names": ["r"], "scores_per_horizon": {"1": {"nrmse": [0.000888517983236645]}, "2": {"nrmse": [0.0009972338873589295]}, "3": {"nrmse": [0.0011099596736428438]}, "4": {"nrmse": [0.0014138490816105378]}, "5": {"nrmse": [0.0016834198014206673]}, "6": {"nrmse": [0.0019042743208896613]}, "7": {"nrmse": [0.0020832927653032097]}, "8": {"nrmse": [0.0022193707784929112]}, "9": {"nrmse": [0.002320539760309584]}, "10": {"nrmse": [0.0024059728188698024]}, "11": {"nrmse": [0.0024746301293335797]}, "12": {"nrmse": [0.0025273416654020965]}, "13": {"nrmse": [0.0025639414550612852]}, "14": {"nrmse": [0.0025918833346456117]}, "15": {"nrmse": [0.002622691685841683]}, "16": {"nrmse": [0.0026531173586628555]}, "17": {"nrmse": [0.0026746683199318157]}, "18": {"nrmse": [0.0026958956547403984]}, "19": {"nrmse": [0.0027163783314470826]}, "20": {"nrmse": [0.0027329834004075813]}, "21": {"nrmse": [0.0027444352464787583]}, "22": {"nrmse": [0.0027554669453683255]}, "23": {"nrmse": [0.0027613193212562455]}, "24": {"nrmse": [0.002768511280620704]}, "25": {"nrmse": [0.00276988268804147]}, "26": {"nrmse": [0.00277536396657327]}, "27": {"nrmse": [0.0027797738940626123]}, "28": {"nrmse": [0.0027847565350165365]}, "29": {"nrmse": [0.0027858433000775475]}, "30": {"nrmse": [0.0027900948914592705]}, "31": {"nrmse": [0.002793833314372283]}, "32": {"nrmse": [0.002796832961062475]}, "33": {"nrmse": [0.0027998439652570165]}, "34": {"nrmse": [0.0028018935652393364]}, "35": {"nrmse": [0.0028035296262648767]}, "36": {"nrmse": [0.0028067995155449795]}, "37": {"nrmse": [0.002805231531676827]}, "38": {"nrmse": [0.0028064750536994174]}, "39": {"nrmse": [0.002807086154818067]}, "40": {"nrmse": [0.002804302737968806]}, "41": {"nrmse": [0.0028027650087893647]}, "42": {"nrmse": [0.002799111122207294]}, "43": {"nrmse": [0.0027964995023115435]}, "44": {"nrmse": [0.0027925353198010594]}, "45": {"nrmse": [0.00279009210695456]}, "46": {"nrmse": [0.002787373318806304]}, "47": {"nrmse": [0.00278257968995978]}, "48": {"nrmse": [0.0027774823106670116]}, "49": {"nrmse": [0.002772598232316851]}, "50": {"nrmse": [0.0027693926471511507]}, "51": {"nrmse": [0.0027649717550562924]}, "52": {"nrmse": [0.0027603205976450447]}, "53": {"nrmse": [0.0027563445022632683]}, "54": {"nrmse": [0.0027505500263530487]}, "55": {"nrmse": [0.002744697638073171]}, "56": {"nrmse": [0.0027400782440307287]}, "57": {"nrmse": [0.00273661113297834]}, "58": {"nrmse": [0.002732927156400275]}, "59": {"nrmse": [0.0027288818916553757]}, "60": {"nrmse": [0.002724098679724573]}}}