{"state_names": ["r"], "scores_per_horizon": {"1": {"nrmse": [0.00035314531829729994]}, "2": {"nrmse": [0.00034355995051757053]}, "3": {"nrmse": [0.00033776148139623435]}, "4": {"nrmse": [0.00033015848102658276]}, "5": {"nrmse": [0.00033044165598494627]}, "6": {"nrmse": [0.0003333902505168549]}, "7": {"nrmse": [0.00033530228080664714]}, "8": {"nrmse": [0.00033898473735499734]}, "9": {"nrmse": [0.0003422196735667229]}, "10": {"nrmse": [0.0003445957927413515]}, "11": {"nrmse": [0.0003473551105809154]}, "12": {"nrmse": [0.0003496456976528658]}, "13": {"nrmse": [0.00035338784767169064]}, "14": {"nrmse": [0.00035610266859458]}, "15": {"nrmse": [0.00035867935187718585]}, "16": {"nrmse": [0.000360177845864723]}, "17": {"nrmse": [0.00036194872415312094]}, "18": {"nrmse": [0.00036504193564145725]}, "19": {"nrmse": [0.000368021381037248]}, "20": {"nrmse": [0.00037076975497792687]}, "21": {"nrmse": [0.00037312141725193946]}, "22": {"nrmse": [0.0003761094987675462]}, "23": {"nrmse": [0.0003783309201138154]}, "24": {"nrmse": [0.00038078017503607466]}, "25": {"nrmse": [0.0003831031606998289]}, "26": {"nrmse": [0.0003853623433764775]}, "27": {"nrmse": [0.0003885830277770168]}, "28": {"nrmse": [0.0003914860249400869]}, "29": {"nrmse": [0.00039382962010638806]}, "30": {"nrmse": [0.00039559290240055457]}, "31": {"nrmse": [0.0003975300930809824]}, "32": {"nrmse": [0.0003998120279694043]}, "33": {"nrmse": [0.0004011461065787506]}, "34": {"nrmse": [0.0004025087098638184]}, "35": {"nrmse": [0.0004040490051386174]}, "36": {"nrmse": [0.000405775748994808]}, "37": {"nrmse": [0.000406801153712821]}, "38": {"nrmse": [0.0004079006306904463]}, "39": {"nrmse": [0.00040956689604402456]}, "40": {"nrmse": [0.00041148780505869553]}, "41": {"nrmse": [0.0004132597370397128]}, "42": {"nrmse": [0.00041472247469032445]}, "43": {"nrmse": [0.00041564640907433217]}, "44": {"nrmse": [0.0004167951082735516]}, "45": {"nrmse": [0.0004181732438396042]}, "46": {"nrmse": [0.0004190835904542247]}, "47": {"nrmse": [0.00041958327439234425]}, "48": {"nrmse": [0.00042051693927635695]}, "49": {"nrmse": [0.0004213729662691768]}, "50": {"nrmse": [0.00042204620020544535]}, "51": {"nrmse": [0.00042290067529291743]}, "52": {"nrmse": [0.0004235284062622676]}, "53": {"nrmse": [0.0004246449552171198]}, "54": {"nrmse": [0.00042553591230086224]}, "55": {"nrmse": [0.00042647104661977655]}, "56": {"nrmse": [0.00042694014074362227]}, "57": {"nrmse": [0.00042742848069190695]}, "58": {"nrmse": [0.000427821422464587]}, "59": {"nrmse": [0.00042865485064385754]}, "60": {"nrmse": [0.00042955992191571454]}}}