{"state_names": ["r"], "scores_per_horizon": {"1": {"nrmse": [0.00033062041304752994]}, "2": {"nrmse": [0.00031406312969710403]}, "3": {"nrmse": [0.00031124482879782574]}, "4": {"nrmse": [0.00030474563720026595]}, "5": {"nrmse": [0.00030462073606976956]}, "6": {"nrmse": [0.00030735066870630367]}, "7": {"nrmse": [0.00031149899661212074]}, "8": {"nrmse": [0.00032131301870474835]}, "9": {"nrmse": [0.00033041005608625625]}, "10": {"nrmse": [0.00033695002555794723]}, "11": {"nrmse": [0.00034432868112755293]}, "12": {"nrmse": [0.0003505436318434034]}, "13": {"nrmse": [0.0003581014319317273]}, "14": {"nrmse": [0.00036298385302109976]}, "15": {"nrmse": [0.00036665302432730963]}, "16": {"nrmse": [0.0003684547041649276]}, "17": {"nrmse": [0.00037099842987973585]}, "18": {"nrmse": [0.0003740471193608141]}, "19": {"nrmse": [0.0003767861561089111]}, "20": {"nrmse": [0.00037938678483078673]}, "21": {"nrmse": [0.0003819231882846203]}, "22": {"nrmse": [0.0003856881552482502]}, "23": {"nrmse": [0.00038799190447028547]}, "24": {"nrmse": [0.000390558143444181]}, "25": {"nrmse": [0.00039314156319181345]}, "26": {"nrmse": [0.00039472703873639294]}, "27": {"nrmse": [0.0003981476667325724]}, "28": {"nrmse": [0.0004006732918864953]}, "29": {"nrmse": [0.00040275150845354583]}, "30": {"nrmse": [0.00040385171649338854]}, "31": {"nrmse": [0.0004054112370787152]}, "32": {"nrmse": [0.00040688539299843767]}, "33": {"nrmse": [0.000407406307233054]}, "34": {"nrmse": [0.0004079004214625202]}, "35": {"nrmse": [0.00040897212046290724]}, "36": {"nrmse": [0.0004103228007175477]}, "37": {"nrmse": [0.0004107831058283134]}, "38": {"nrmse": [0.00041139394575088773]}, "39": {"nrmse": [0.00041267791910999224]}, "40": {"nrmse": [0.0004138536414602358]}, "41": {"nrmse": [0.0004151277222125496]}, "42": {"nrmse": [0.00041639857751784936]}, "43": {"nrmse": [0.0004173129954037218]}, "44": {"nrmse": [0.0004182363226469169]}, "45": {"nrmse": [0.0004190570047189739]}, "46": {"nrmse": [0.00041962057259967167]}, "47": {"nrmse": [0.0004194746922570312]}, "48": {"nrmse": [0.00042003668581083807]}, "49": {"nrmse": [0.00042054016488954723]}, "50": {"nrmse": [0.00042077257096282496]}, "51": {"nrmse": [0.00042146653311196566]}, "52": {"nrmse": [0.0004219737072487139]}, "53": {"nrmse": [0.0004229791318215641]}, "54": {"nrmse": [0.0004238303082136565]}, "55": {"nrmse": [0.00042501844074815015]}, "56": {"nrmse": [0.0004257040128647783]}, "57": {"nrmse": [0.00042599865027703726]}, "58": {"nrmse": [0.0004260790475612055]}, "59": {"nrmse": [0.00042695470170047193]}, "60": {"nrmse": [0.00042788098851600007]}}}