{"state_names": ["r"], "scores_per_horizon": {"1": {"nrmse": [0.00034929360584924147]}, "2": {"nrmse": [0.00033510058795440523]}, "3": {"nrmse": [0.00032205593837548703]}, "4": {"nrmse": [0.0003041852172029341]}, "5": {"nrmse": [0.00029370450636595594]}, "6": {"nrmse": [0.00029110611624813575]}, "7": {"nrmse": [0.0002905011110458786]}, "8": {"nrmse": [0.0002938750600670129]}, "9": {"nrmse": [0.00029914011513267595]}, "10": {"nrmse": [0.00030058967507343913]}, "11": {"nrmse": [0.0003028326045174028]}, "12": {"nrmse": [0.00030454431772859557]}, "13": {"nrmse": [0.00030981775758207004]}, "14": {"nrmse": [0.0003129293179375078]}, "15": {"nrmse": [0.0003156585580561885]}, "16": {"nrmse": [0.00031701387338338926]}, "17": {"nrmse": [0.0003175691198275322]}, "18": {"nrmse": [0.00031935818460895193]}, "19": {"nrmse": [0.0003216194966666893]}, "20": {"nrmse": [0.0003238665762740564]}, "21": {"nrmse": [0.00032598823863990085]}, "22": {"nrmse": [0.0003277018876415066]}, "23": {"nrmse": [0.0003290099416257787]}, "24": {"nrmse": [0.00033070907209387524]}, "25": {"nrmse": [0.0003321445465563636]}, "26": {"nrmse": [0.00033286849590584]}, "27": {"nrmse": [0.00033558844861784475]}, "28": {"nrmse": [0.0003378721418538291]}, "29": {"nrmse": [0.0003389775314682546]}, "30": {"nrmse": [0.00033928928996031183]}, "31": {"nrmse": [0.0003404928185870565]}, "32": {"nrmse": [0.0003418847358953888]}, "33": {"nrmse": [0.0003424216091254914]}, "34": {"nrmse": [0.00034298159259679077]}, "35": {"nrmse": [0.0003441113933972207]}, "36": {"nrmse": [0.00034501005411023564]}, "37": {"nrmse": [0.0003450839288680997]}, "38": {"nrmse": [0.00034561026573306304]}, "39": {"nrmse": [0.0003468779847415627]}, "40": {"nrmse": [0.00034783460450580494]}, "41": {"nrmse": [0.00034899248307247493]}, "42": {"nrmse": [0.0003500838697638839]}, "43": {"nrmse": [0.0003509475794265958]}, "44": {"nrmse": [0.00035158779902554315]}, "45": {"nrmse": [0.000352317840956531]}, "46": {"nrmse": [0.00035296853769088254]}, "47": {"nrmse": [0.00035330727589913337]}, "48": {"nrmse": [0.00035419183166494504]}, "49": {"nrmse": [0.00035464103227476765]}, "50": {"nrmse": [0.00035521104009110836]}, "51": {"nrmse": [0.00035597163575511295]}, "52": {"nrmse": [0.00035657939418928645]}, "53": {"nrmse": [0.0003574818193084376]}, "54": {"nrmse": [0.0003581415244387219]}, "55": {"nrmse": [0.00035917287845478466]}, "56": {"nrmse": [0.00035957018426035803]}, "57": {"nrmse": [0.0003598310530084469]}, "58": {"nrmse": [0.0003602039701986161]}, "59": {"nrmse": [0.00036101458487032876]}, "60": {"nrmse": [0.0003620121473427191]}}}