{"state_names": ["r"], "scores_per_horizon": {"1": {"nrmse": [0.0003389336994845356]}, "2": {"nrmse": [0.00033927577403330126]}, "3": {"nrmse": [0.0003220206315831691]}, "4": {"nrmse": [0.00030005398635426687]}, "5": {"nrmse": [0.00028612504619672253]}, "6": {"nrmse": [0.00027910299563253945]}, "7": {"nrmse": [0.00027383616144975993]}, "8": {"nrmse": [0.0002737565270426234]}, "9": {"nrmse": [0.00027417230038962045]}, "10": {"nrmse": [0.0002739779726585875]}, "11": {"nrmse": [0.00027572709629806395]}, "12": {"nrmse": [0.00027665650619114907]}, "13": {"nrmse": [0.00027966945976255525]}, "14": {"nrmse": [0.00028017089290968667]}, "15": {"nrmse": [0.0002816622621546258]}, "16": {"nrmse": [0.0002819447379617048]}, "17": {"nrmse": [0.0002825551986522408]}, "18": {"nrmse": [0.0002846165829660809]}, "19": {"nrmse": [0.0002864703108060593]}, "20": {"nrmse": [0.00028807133467845757]}, "21": {"nrmse": [0.00028925710269696504]}, "22": {"nrmse": [0.00029140053758449464]}, "23": {"nrmse": [0.000292405020504037]}, "24": {"nrmse": [0.0002936318541894643]}, "25": {"nrmse": [0.00029511457517852]}, "26": {"nrmse": [0.0002959050194024995]}, "27": {"nrmse": [0.00029808442934975795]}, "28": {"nrmse": [0.0003000667830454727]}, "29": {"nrmse": [0.00030145037500216336]}, "30": {"nrmse": [0.0003020874360568668]}, "31": {"nrmse": [0.00030312382159283736]}, "32": {"nrmse": [0.0003043786260543482]}, "33": {"nrmse": [0.00030439498373038956]}, "34": {"nrmse": [0.0003046523772840989]}, "35": {"nrmse": [0.0003054635551975343]}, "36": {"nrmse": [0.00030666088477554395]}, "37": {"nrmse": [0.00030695588944220124]}, "38": {"nrmse": [0.00030732312284874184]}, "39": {"nrmse": [0.0003083511929501973]}, "40": {"nrmse": [0.0003095536662801614]}, "41": {"nrmse": [0.00031061785685045567]}, "42": {"nrmse": [0.00031151054665831473]}, "43": {"nrmse": [0.00031180447362293953]}, "44": {"nrmse": [0.0003121678395714535]}, "45": {"nrmse": [0.00031267659623632275]}, "46": {"nrmse": [0.00031276613813407153]}, "47": {"nrmse": [0.0003125639735003088]}, "48": {"nrmse": [0.00031288337720351345]}, "49": {"nrmse": [0.0003129659569501446]}, "50": {"nrmse": [0.0003131083665235447]}, "51": {"nrmse": [0.0003136256723193225]}, "52": {"nrmse": [0.0003139553834049318]}, "53": {"nrmse": [0.00031481199471487863]}, "54": {"nrmse": [0.00031521772678020727]}, "55": {"nrmse": [0.00031586200461189277]}, "56": {"nrmse": [0.0003162506138570807]}, "57": {"nrmse": [0.0003165020852802248]}, "58": {"nrmse": [0.0003164413081982644]}, "59": {"nrmse": [0.0003170362527592311]}, "60": {"nrmse": [0.0003176397440677668]}}}