{"state_names": ["r"], "scores_per_horizon": {"1": {"nrmse": [0.0003347052765452604]}, "2": {"nrmse": [0.00034949819054102963]}, "3": {"nrmse": [0.00032966968394128234]}, "4": {"nrmse": [0.00030422067737027794]}, "5": {"nrmse": [0.0002791729989109721]}, "6": {"nrmse": [0.0002585535806478597]}, "7": {"nrmse": [0.00024205367286395213]}, "8": {"nrmse": [0.0002287207967941378]}, "9": {"nrmse": [0.00021724278966145025]}, "10": {"nrmse": [0.00020770660786373723]}, "11": {"nrmse": [0.0001995729076487906]}, "12": {"nrmse": [0.00019262148042482554]}, "13": {"nrmse": [0.00018660584941534197]}, "14": {"nrmse": [0.0001814784868456084]}, "15": {"nrmse": [0.000177002765601822]}, "16": {"nrmse": [0.00017354755376101293]}, "17": {"nrmse": [0.00017013871083902676]}, "18": {"nrmse": [0.0001667600811247934]}, "19": {"nrmse": [0.00016384492333767911]}, "20": {"nrmse": [0.00016114782797947442]}, "21": {"nrmse": [0.00015893216756291006]}, "22": {"nrmse": [0.0001566505189068072]}, "23": {"nrmse": [0.00015466377967853317]}, "24": {"nrmse": [0.00015274245848033847]}, "25": {"nrmse": [0.0001511651629438733]}, "26": {"nrmse": [0.00014959532740157838]}, "27": {"nrmse": [0.0001481094554436461]}, "28": {"nrmse": [0.00014665477891300473]}, "29": {"nrmse": [0.0001455671250113432]}, "30": {"nrmse": [0.00014433847159240056]}, "31": {"nrmse": [0.00014316118528137907]}, "32": {"nrmse": [0.0001420766754365054]}, "33": {"nrmse": [0.00014117520887615856]}, "34": {"nrmse": [0.00014022108672348427]}, "35": {"nrmse": [0.00013943423587196946]}, "36": {"nrmse": [0.00013851361762214854]}, "37": {"nrmse": [0.0001376476411234287]}, "38": {"nrmse": [0.00013698099202061906]}, "39": {"nrmse": [0.00013618715325508285]}, "40": {"nrmse": [0.00013546208224017212]}, "41": {"nrmse": [0.0001348052571295703]}, "42": {"nrmse": [0.00013421738809218735]}, "43": {"nrmse": [0.00013384108698991247]}, "44": {"nrmse": [0.0001333720698654902]}, "45": {"nrmse": [0.0001329478708022066]}, "46": {"nrmse": [0.0001325703386311467]}, "47": {"nrmse": [0.00013229234566642913]}, "48": {"nrmse": [0.0001319287058740581]}, "49": {"nrmse": [0.00013174389337752888]}, "50": {"nrmse": [0.0001314842433037968]}, "51": {"nrmse": [0.00013111630569895597]}, "52": {"nrmse": [0.00013084344612533186]}, "53": {"nrmse": [0.0001303612444225457]}, "54": {"nrmse": [0.00013000650156303798]}, "55": {"nrmse": [0.00012958478324587414]}, "56": {"nrmse": [0.00012931867542338108]}, "57": {"nrmse": [0.00012899551794233862]}, "58": {"nrmse": [0.0001287766676459295]}, "59": {"nrmse": [0.00012838755834199332]}, "60": {"nrmse": [0.0001280351210888497]}}}