{"state_names": ["r"], "scores_per_horizon": {"1": {"nrmse": [0.00038839886890943857]}, "2": {"nrmse": [0.0004312942436707596]}, "3": {"nrmse": [0.00043095579202963606]}, "4": {"nrmse": [0.00040491374675516006]}, "5": {"nrmse": [0.00037951070909945754]}, "6": {"nrmse": [0.0003570502161081324]}, "7": {"nrmse": [0.00033665843647802624]}, "8": {"nrmse": [0.00032103589374096655]}, "9": {"nrmse": [0.0003077501874728556]}, "10": {"nrmse": [0.0002949304230022132]}, "11": {"nrmse": [0.00028494211747956476]}, "12": {"nrmse": [0.0002760726599800065]}, "13": {"nrmse": [0.00026925468188852483]}, "14": {"nrmse": [0.0002621024495370214]}, "15": {"nrmse": [0.0002563514372732792]}, "16": {"nrmse": [0.000252448542431447]}, "17": {"nrmse": [0.00024764073082011453]}, "18": {"nrmse": [0.00024318134927752563]}, "19": {"nrmse": [0.0002393558393418038]}, "20": {"nrmse": [0.0002359137442563904]}, "21": {"nrmse": [0.00023322245756160438]}, "22": {"nrmse": [0.00023091012263183415]}, "23": {"nrmse": [0.00022820240940024276]}, "24": {"nrmse": [0.00022595597355019824]}, "25": {"nrmse": [0.00022477642527239517]}, "26": {"nrmse": [0.0002224346350469968]}, "27": {"nrmse": [0.0002212919249683429]}, "28": {"nrmse": [0.0002201608889132243]}, "29": {"nrmse": [0.00021905729300811903]}, "30": {"nrmse": [0.0002173651251579167]}, "31": {"nrmse": [0.00021620388263696681]}, "32": {"nrmse": [0.0002152067212253309]}, "33": {"nrmse": [0.0002138482691567053]}, "34": {"nrmse": [0.00021257520699962046]}, "35": {"nrmse": [0.00021219407521237959]}, "36": {"nrmse": [0.00021135613404309238]}, "37": {"nrmse": [0.00020994140134815705]}, "38": {"nrmse": [0.00020953659270082494]}, "39": {"nrmse": [0.00020918181786722004]}, "40": {"nrmse": [0.00020835951391112899]}, "41": {"nrmse": [0.00020769565592023806]}, "42": {"nrmse": [0.00020724238302432027]}, "43": {"nrmse": [0.00020696635675694814]}, "44": {"nrmse": [0.0002065997126517963]}, "45": {"nrmse": [0.00020627888200944717]}, "46": {"nrmse": [0.00020611486468830652]}, "47": {"nrmse": [0.00020557535060882024]}, "48": {"nrmse": [0.00020535661394630185]}, "49": {"nrmse": [0.0002051854924697447]}, "50": {"nrmse": [0.0002049420388567178]}, "51": {"nrmse": [0.0002047911332305557]}, "52": {"nrmse": [0.00020457685705921634]}, "53": {"nrmse": [0.00020414705526480403]}, "54": {"nrmse": [0.00020375797457223327]}, "55": {"nrmse": [0.00020367475023466027]}, "56": {"nrmse": [0.0002037889558766287]}, "57": {"nrmse": [0.0002034755334452703]}, "58": {"nrmse": [0.00020308715637180528]}, "59": {"nrmse": [0.00020282712041684535]}, "60": {"nrmse": [0.00020252526832241713]}}}