{"state_names": ["r"], "scores_per_horizon": {"1": {"nrmse": [0.0003348921420987932]}, "2": {"nrmse": [0.00037462077545536603]}, "3": {"nrmse": [0.0003878717793892421]}, "4": {"nrmse": [0.0003728188256219334]}, "5": {"nrmse": [0.0003562591678319639]}, "6": {"nrmse": [0.0003449133308960822]}, "7": {"nrmse": [0.0003379318743212127]}, "8": {"nrmse": [0.00033461869935536665]}, "9": {"nrmse": [0.00033122209235424046]}, "10": {"nrmse": [0.0003245994098763302]}, "11": {"nrmse": [0.00031821385205587385]}, "12": {"nrmse": [0.000312905385601318]}, "13": {"nrmse": [0.0003108479719211034]}, "14": {"nrmse": [0.00030826127883937655]}, "15": {"nrmse": [0.00030617284942123675]}, "16": {"nrmse": [0.0003060521374204805]}, "17": {"nrmse": [0.00030245896855456573]}, "18": {"nrmse": [0.00029843381853556704]}, "19": {"nrmse": [0.00029592270855010997]}, "20": {"nrmse": [0.0002940774341022326]}, "21": {"nrmse": [0.00029384669018758076]}, "22": {"nrmse": [0.0002919720869263649]}, "23": {"nrmse": [0.0002894433436107268]}, "24": {"nrmse": [0.0002877267337040751]}, "25": {"nrmse": [0.00028669774930972764]}, "26": {"nrmse": [0.0002841831009789672]}, "27": {"nrmse": [0.000283875098879018]}, "28": {"nrmse": [0.00028288563318352924]}, "29": {"nrmse": [0.0002813900569404669]}, "30": {"nrmse": [0.00027936560169255456]}, "31": {"nrmse": [0.000277876072202291]}, "32": {"nrmse": [0.0002773329524761202]}, "33": {"nrmse": [0.00027689527467742396]}, "34": {"nrmse": [0.0002758024786152767]}, "35": {"nrmse": [0.000275462493087478]}, "36": {"nrmse": [0.00027466914400493093]}, "37": {"nrmse": [0.0002728254863562315]}, "38": {"nrmse": [0.0002723100975823876]}, "39": {"nrmse": [0.0002723985497759673]}, "40": {"nrmse": [0.0002716748265378938]}, "41": {"nrmse": [0.0002710752741686451]}, "42": {"nrmse": [0.00027060638883063404]}, "43": {"nrmse": [0.00027111822415694]}, "44": {"nrmse": [0.00027102209844222973]}, "45": {"nrmse": [0.0002704779870132392]}, "46": {"nrmse": [0.00027012256041451067]}, "47": {"nrmse": [0.0002699661669792506]}, "48": {"nrmse": [0.00026994370394021637]}, "49": {"nrmse": [0.00026973925506706167]}, "50": {"nrmse": [0.00026960262836550505]}, "51": {"nrmse": [0.0002691208657586415]}, "52": {"nrmse": [0.00026891223584877806]}, "53": {"nrmse": [0.0002684070075074925]}, "54": {"nrmse": [0.0002678943204080215]}, "55": {"nrmse": [0.0002675707606667612]}, "56": {"nrmse": [0.000267332431191012]}, "57": {"nrmse": [0.0002668207599722604]}, "58": {"nrmse": [0.0002667386070518884]}, "59": {"nrmse": [0.00026638508195910607]}, "60": {"nrmse": [0.0002664777764759685]}}}