{"state_names": ["r"], "scores_per_horizon": {"1": {"nrmse": [0.0003790173159175119]}, "2": {"nrmse": [0.00038189087175728037]}, "3": {"nrmse": [0.00036047722505705074]}, "4": {"nrmse": [0.00033096033207625]}, "5": {"nrmse": [0.00030462472043347007]}, "6": {"nrmse": [0.0002829315782625811]}, "7": {"nrmse": [0.0002649777298773496]}, "8": {"nrmse": [0.0002505606750276611]}, "9": {"nrmse": [0.000238587557847181]}, "10": {"nrmse": [0.0002277137404873676]}, "11": {"nrmse": [0.00021848682414024213]}, "12": {"nrmse": [0.0002105767758312169]}, "13": {"nrmse": [0.00020400125550673473]}, "14": {"nrmse": [0.00019820037235842672]}, "15": {"nrmse": [0.0001931423135399749]}, "16": {"nrmse": [0.00018942413116203452]}, "17": {"nrmse": [0.00018546792210200473]}, "18": {"nrmse": [0.00018168238135794304]}, "19": {"nrmse": [0.0001785474623668543]}, "20": {"nrmse": [0.0001758219313900332]}, "21": {"nrmse": [0.00017363044968907553]}, "22": {"nrmse": [0.00017144113042265766]}, "23": {"nrmse": [0.00016933871482451994]}, "24": {"nrmse": [0.00016740911259930898]}, "25": {"nrmse": [0.000165946053428297]}, "26": {"nrmse": [0.00016429449335286713]}, "27": {"nrmse": [0.00016317701856149305]}, "28": {"nrmse": [0.0001619907999768988]}, "29": {"nrmse": [0.0001610987709833277]}, "30": {"nrmse": [0.00015991146591632158]}, "31": {"nrmse": [0.00015889043449184023]}, "32": {"nrmse": [0.00015803096622313053]}, "33": {"nrmse": [0.0001573322080541548]}, "34": {"nrmse": [0.00015654672122952177]}, "35": {"nrmse": [0.0001560157471251016]}, "36": {"nrmse": [0.00015535555577800546]}, "37": {"nrmse": [0.0001545125996878715]}, "38": {"nrmse": [0.0001540093157146018]}, "39": {"nrmse": [0.00015346142320199726]}, "40": {"nrmse": [0.00015289724994985366]}, "41": {"nrmse": [0.00015235831765484972]}, "42": {"nrmse": [0.00015188284046626854]}, "43": {"nrmse": [0.00015173351368645823]}, "44": {"nrmse": [0.00015154402838323298]}, "45": {"nrmse": [0.000151362734708516]}, "46": {"nrmse": [0.00015113818746513702]}, "47": {"nrmse": [0.0001509154572187237]}, "48": {"nrmse": [0.00015078034812502305]}, "49": {"nrmse": [0.00015080066815962892]}, "50": {"nrmse": [0.00015066327850665607]}, "51": {"nrmse": [0.00015050015242879593]}, "52": {"nrmse": [0.0001503246506431968]}, "53": {"nrmse": [0.00014997856586953078]}, "54": {"nrmse": [0.00014973634864122793]}, "55": {"nrmse": [0.00014952900617155561]}, "56": {"nrmse": [0.00014941097811077209]}, "57": {"nrmse": [0.0001491765488379068]}, "58": {"nrmse": [0.00014908981064094888]}, "59": {"nrmse": [0.00014893181899680125]}, "60": {"nrmse": [0.00014885042961675738]}}}