{"state_names": ["r"], "scores_per_horizon": {"1": {"nrmse": [0.0007013740484686751]}, "2": {"nrmse": [0.0006238631391840458]}, "3": {"nrmse": [0.0005872799299237734]}, "4": {"nrmse": [0.000553283963441212]}, "5": {"nrmse": [0.0005309279132628864]}, "6": {"nrmse": [0.0005117681791820992]}, "7": {"nrmse": [0.0004976584143477902]}, "8": {"nrmse": [0.0004868297488147971]}, "9": {"nrmse": [0.0004788608741100381]}, "10": {"nrmse": [0.00046927307638835216]}, "11": {"nrmse": [0.0004666793546677058]}, "12": {"nrmse": [0.0004642148615377186]}, "13": {"nrmse": [0.00046348606387473486]}, "14": {"nrmse": [0.0004600410823562781]}, "15": {"nrmse": [0.0004576905378358197]}, "16": {"nrmse": [0.00045694452539607477]}, "17": {"nrmse": [0.0004544872291051807]}, "18": {"nrmse": [0.00045260391670932915]}, "19": {"nrmse": [0.0004521260143127279]}, "20": {"nrmse": [0.00045207492885233414]}, "21": {"nrmse": [0.0004526552943988601]}, "22": {"nrmse": [0.00045292129951186915]}, "23": {"nrmse": [0.0004528280070693123]}, "24": {"nrmse": [0.0004540084533921491]}, "25": {"nrmse": [0.00045565450749203196]}, "26": {"nrmse": [0.00045554095583545434]}, "27": {"nrmse": [0.00045653806490204195]}, "28": {"nrmse": [0.0004574462451656991]}, "29": {"nrmse": [0.000456978711517337]}, "30": {"nrmse": [0.00045567514727557363]}, "31": {"nrmse": [0.0004555874964194537]}, "32": {"nrmse": [0.0004563538294081298]}, "33": {"nrmse": [0.0004556514646437612]}, "34": {"nrmse": [0.0004545421447074279]}, "35": {"nrmse": [0.0004548248591516947]}, "36": {"nrmse": [0.0004546032193013976]}, "37": {"nrmse": [0.00045349510489198577]}, "38": {"nrmse": [0.0004531808738439046]}, "39": {"nrmse": [0.0004535201889116541]}, "40": {"nrmse": [0.0004533340317239139]}, "41": {"nrmse": [0.0004537811873469756]}, "42": {"nrmse": [0.00045486119433145103]}, "43": {"nrmse": [0.00045569564196721067]}, "44": {"nrmse": [0.0004553307276041236]}, "45": {"nrmse": [0.0004546095903852359]}, "46": {"nrmse": [0.0004540958423622992]}, "47": {"nrmse": [0.00045400763404110036]}, "48": {"nrmse": [0.0004539625147558806]}, "49": {"nrmse": [0.0004528357570238118]}, "50": {"nrmse": [0.00045238202427701777]}, "51": {"nrmse": [0.00045237990184680225]}, "52": {"nrmse": [0.0004526648597837621]}, "53": {"nrmse": [0.00045365217925437835]}, "54": {"nrmse": [0.00045386417738580895]}, "55": {"nrmse": [0.00045461399084984676]}, "56": {"nrmse": [0.00045510428845649216]}, "57": {"nrmse": [0.00045546452421375025]}, "58": {"nrmse": [0.0004559606668262728]}, "59": {"nrmse": [0.00045664826227252725]}, "60": {"nrmse": [0.00045720079226193276]}}}