{"state_names": ["r"], "scores_per_horizon": {"1": {"nrmse": [0.0005239411707076481]}, "2": {"nrmse": [0.0004683005795034864]}, "3": {"nrmse": [0.0004531067601501585]}, "4": {"nrmse": [0.00043972835915120727]}, "5": {"nrmse": [0.0004365139896119367]}, "6": {"nrmse": [0.00043569544079953717]}, "7": {"nrmse": [0.00043937126463905186]}, "8": {"nrmse": [0.0004493822462033488]}, "9": {"nrmse": [0.0004602853538789327]}, "10": {"nrmse": [0.00046351429452368256]}, "11": {"nrmse": [0.0004675207353080903]}, "12": {"nrmse": [0.0004698732155320374]}, "13": {"nrmse": [0.0004753575513657756]}, "14": {"nrmse": [0.00047764368604054586]}, "15": {"nrmse": [0.00047931895473706204]}, "16": {"nrmse": [0.00048071413628895623]}, "17": {"nrmse": [0.00048022816537671956]}, "18": {"nrmse": [0.0004793905151234369]}, "19": {"nrmse": [0.0004798933130972377]}, "20": {"nrmse": [0.0004805442071020838]}, "21": {"nrmse": [0.0004816419088860002]}, "22": {"nrmse": [0.0004842308255723887]}, "23": {"nrmse": [0.00048517374168610385]}, "24": {"nrmse": [0.0004866944672316351]}, "25": {"nrmse": [0.0004885854845663506]}, "26": {"nrmse": [0.0004885698439441701]}, "27": {"nrmse": [0.0004915657819019961]}, "28": {"nrmse": [0.0004946739004794765]}, "29": {"nrmse": [0.0004966919011126711]}, "30": {"nrmse": [0.0004972737723291422]}, "31": {"nrmse": [0.0004984163939637833]}, "32": {"nrmse": [0.0004999868116098864]}, "33": {"nrmse": [0.0005001038157563419]}, "34": {"nrmse": [0.0004999777528948952]}, "35": {"nrmse": [0.0005012705116661547]}, "36": {"nrmse": [0.0005030470130060012]}, "37": {"nrmse": [0.0005032799715101608]}, "38": {"nrmse": [0.0005041952703878291]}, "39": {"nrmse": [0.0005057996005191741]}, "40": {"nrmse": [0.0005069407299957761]}, "41": {"nrmse": [0.0005084089706088569]}, "42": {"nrmse": [0.0005102727163638102]}, "43": {"nrmse": [0.0005118336241269512]}, "44": {"nrmse": [0.0005129385617819555]}, "45": {"nrmse": [0.000513650384250359]}, "46": {"nrmse": [0.0005138589809524029]}, "47": {"nrmse": [0.0005135899779026813]}, "48": {"nrmse": [0.0005141439536489171]}, "49": {"nrmse": [0.0005144296144233468]}, "50": {"nrmse": [0.0005145472751170498]}, "51": {"nrmse": [0.0005150722798982112]}, "52": {"nrmse": [0.0005154518452708656]}, "53": {"nrmse": [0.0005160835968993842]}, "54": {"nrmse": [0.0005165550761321217]}, "55": {"nrmse": [0.0005174926696537826]}, "56": {"nrmse": [0.000518161530248444]}, "57": {"nrmse": [0.0005187700377600213]}, "58": {"nrmse": [0.0005190615475442245]}, "59": {"nrmse": [0.0005200100088182634]}, "60": {"nrmse": [0.0005212510925399566]}}}