{"state_names": ["r"], "scores_per_horizon": {"1": {"nrmse": [0.0007543703366072306]}, "2": {"nrmse": [0.0006599269978626684]}, "3": {"nrmse": [0.0006257650931383959]}, "4": {"nrmse": [0.0005918856378374054]}, "5": {"nrmse": [0.0005683517773291176]}, "6": {"nrmse": [0.0005477813004242165]}, "7": {"nrmse": [0.00053469998994699]}, "8": {"nrmse": [0.0005288602817548253]}, "9": {"nrmse": [0.0005271658224084671]}, "10": {"nrmse": [0.0005206071289255665]}, "11": {"nrmse": [0.0005162238344665121]}, "12": {"nrmse": [0.0005123868390520304]}, "13": {"nrmse": [0.000510789211723721]}, "14": {"nrmse": [0.0005084606851558284]}, "15": {"nrmse": [0.0005060364065873238]}, "16": {"nrmse": [0.0005070136164834076]}, "17": {"nrmse": [0.0005050372982752485]}, "18": {"nrmse": [0.0005024227913723063]}, "19": {"nrmse": [0.0005016835486443719]}, "20": {"nrmse": [0.0005017793336645108]}, "21": {"nrmse": [0.0005028776517323561]}, "22": {"nrmse": [0.0005040756172251302]}, "23": {"nrmse": [0.0005052884901680247]}, "24": {"nrmse": [0.0005060985424587446]}, "25": {"nrmse": [0.0005080416262571222]}, "26": {"nrmse": [0.0005082833204396688]}, "27": {"nrmse": [0.0005101229312696444]}, "28": {"nrmse": [0.0005127846044279679]}, "29": {"nrmse": [0.0005137488493735065]}, "30": {"nrmse": [0.0005134304614694792]}, "31": {"nrmse": [0.0005144494473147348]}, "32": {"nrmse": [0.0005154936643475917]}, "33": {"nrmse": [0.0005156756798819403]}, "34": {"nrmse": [0.0005153970366161607]}, "35": {"nrmse": [0.0005170265455448897]}, "36": {"nrmse": [0.0005180524862627867]}, "37": {"nrmse": [0.0005174604167975237]}, "38": {"nrmse": [0.0005174951134626185]}, "39": {"nrmse": [0.0005177488662889376]}, "40": {"nrmse": [0.0005172007314794146]}, "41": {"nrmse": [0.0005166081559824919]}, "42": {"nrmse": [0.0005166049170669582]}, "43": {"nrmse": [0.0005173879393150934]}, "44": {"nrmse": [0.000517882201585866]}, "45": {"nrmse": [0.0005178153348351478]}, "46": {"nrmse": [0.0005175650368970369]}, "47": {"nrmse": [0.0005172672454099617]}, "48": {"nrmse": [0.0005177416226175978]}, "49": {"nrmse": [0.0005177383465298304]}, "50": {"nrmse": [0.0005177453034040416]}, "51": {"nrmse": [0.0005181618445908912]}, "52": {"nrmse": [0.0005188975183284849]}, "53": {"nrmse": [0.0005195967182785347]}, "54": {"nrmse": [0.0005199160538643933]}, "55": {"nrmse": [0.0005204987975582333]}, "56": {"nrmse": [0.0005211432779296508]}, "57": {"nrmse": [0.0005217936351253287]}, "58": {"nrmse": [0.000522261897650161]}, "59": {"nrmse": [0.000522687026504881]}, "60": {"nrmse": [0.0005232587823321488]}}}