{"state_names": ["r"], "scores_per_horizon": {"1": {"nrmse": [0.0004792912220150508]}, "2": {"nrmse": [0.000491258855513314]}, "3": {"nrmse": [0.0005114107621311643]}, "4": {"nrmse": [0.0005050332882461645]}, "5": {"nrmse": [0.000499192038916691]}, "6": {"nrmse": [0.0004916286759116397]}, "7": {"nrmse": [0.000487813478730767]}, "8": {"nrmse": [0.0004899414431422366]}, "9": {"nrmse": [0.0004950818680155702]}, "10": {"nrmse": [0.0004939465597708176]}, "11": {"nrmse": [0.0004947474248248109]}, "12": {"nrmse": [0.0004954373872079722]}, "13": {"nrmse": [0.0005006205569487014]}, "14": {"nrmse": [0.0005030263610956588]}, "15": {"nrmse": [0.0005042280707006447]}, "16": {"nrmse": [0.0005052261428395502]}, "17": {"nrmse": [0.0005041471879356275]}, "18": {"nrmse": [0.0005033532823379509]}, "19": {"nrmse": [0.0005034393866534382]}, "20": {"nrmse": [0.0005032821496111857]}, "21": {"nrmse": [0.0005038082946767335]}, "22": {"nrmse": [0.0005058754354561426]}, "23": {"nrmse": [0.0005063981784118296]}, "24": {"nrmse": [0.0005075479844709035]}, "25": {"nrmse": [0.0005089446198778767]}, "26": {"nrmse": [0.0005083851964976535]}, "27": {"nrmse": [0.0005102132584658296]}, "28": {"nrmse": [0.0005125208279236996]}, "29": {"nrmse": [0.0005140532886082199]}, "30": {"nrmse": [0.0005136772564483175]}, "31": {"nrmse": [0.0005139381672422639]}, "32": {"nrmse": [0.0005148498635303861]}, "33": {"nrmse": [0.0005143471700011762]}, "34": {"nrmse": [0.0005137676121688216]}, "35": {"nrmse": [0.0005138963086615235]}, "36": {"nrmse": [0.0005148371575058793]}, "37": {"nrmse": [0.0005141901113554451]}, "38": {"nrmse": [0.0005138597200344738]}, "39": {"nrmse": [0.0005145346248872561]}, "40": {"nrmse": [0.0005149075625073656]}, "41": {"nrmse": [0.0005150126511485128]}, "42": {"nrmse": [0.0005154439584952189]}, "43": {"nrmse": [0.0005157157360795864]}, "44": {"nrmse": [0.0005159563238146415]}, "45": {"nrmse": [0.0005158459178420921]}, "46": {"nrmse": [0.0005151363001542286]}, "47": {"nrmse": [0.0005143621167132273]}, "48": {"nrmse": [0.0005142450764732441]}, "49": {"nrmse": [0.0005139026259258034]}, "50": {"nrmse": [0.0005131358073598506]}, "51": {"nrmse": [0.0005130388102928922]}, "52": {"nrmse": [0.0005126000311784156]}, "53": {"nrmse": [0.000512579781338956]}, "54": {"nrmse": [0.0005125080348300079]}, "55": {"nrmse": [0.0005130997210102237]}, "56": {"nrmse": [0.0005133096813102545]}, "57": {"nrmse": [0.0005128710183471491]}, "58": {"nrmse": [0.0005119256165218689]}, "59": {"nrmse": [0.0005118761376065547]}, "60": {"nrmse": [0.0005128348965006947]}}}