{"state_names": ["r"], "scores_per_horizon": {"1": {"nrmse": [0.005196328222091585]}, "2": {"nrmse": [0.005181487853960277]}, "3": {"nrmse": [0.005184167902618311]}, "4": {"nrmse": [0.0051791977756462625]}, "5": {"nrmse": [0.005181818946290691]}, "6": {"nrmse": [0.00517729820026195]}, "7": {"nrmse": [0.005177166904961619]}, "8": {"nrmse": [0.005178391923314825]}, "9": {"nrmse": [0.005177013262597702]}, "10": {"nrmse": [0.005177289212007731]}, "11": {"nrmse": [0.005180168722307045]}, "12": {"nrmse": [0.005184448904366727]}, "13": {"nrmse": [0.005189459934382196]}, "14": {"nrmse": [0.0051919182714326205]}, "15": {"nrmse": [0.005193417450532234]}, "16": {"nrmse": [0.005194077753446353]}, "17": {"nrmse": [0.005196805141496804]}, "18": {"nrmse": [0.005199939517008404]}, "19": {"nrmse": [0.005201046710926373]}, "20": {"nrmse": [0.005200667115978192]}, "21": {"nrmse": [0.005199201353067038]}, "22": {"nrmse": [0.005199874374099849]}, "23": {"nrmse": [0.005199909761130678]}, "24": {"nrmse": [0.005200279433048942]}, "25": {"nrmse": [0.005201258047381544]}, "26": {"nrmse": [0.005202178607700601]}, "27": {"nrmse": [0.005204509042838374]}, "28": {"nrmse": [0.005208376353089637]}, "29": {"nrmse": [0.005213196174019921]}, "30": {"nrmse": [0.005217703247182107]}, "31": {"nrmse": [0.005222806774504604]}, "32": {"nrmse": [0.005227493307114614]}, "33": {"nrmse": [0.0052309333672779]}, "34": {"nrmse": [0.005234070376716931]}, "35": {"nrmse": [0.005237897036318162]}, "36": {"nrmse": [0.0052420940961712984]}, "37": {"nrmse": [0.005245890972648117]}, "38": {"nrmse": [0.0052500108020937086]}, "39": {"nrmse": [0.005253658454149587]}, "40": {"nrmse": [0.0052571344977470555]}, "41": {"nrmse": [0.00532052495873781]}, "42": {"nrmse": [0.005380429798286134]}, "43": {"nrmse": [0.005437076436705314]}, "44": {"nrmse": [0.005492050627142082]}, "45": {"nrmse": [0.005544380862822804]}, "46": {"nrmse": [0.005593982047711253]}, "47": {"nrmse": [0.005639568987000055]}, "48": {"nrmse": [0.005683287347951556]}, "49": {"nrmse": [0.005725319810268493]}, "50": {"nrmse": [0.005764495258009824]}, "51": {"nrmse": [0.0058024807827899046]}, "52": {"nrmse": [0.005838431649677304]}, "53": {"nrmse": [0.005872657697279567]}, "54": {"nrmse": [0.005905625454904025]}, "55": {"nrmse": [0.005937637756875353]}, "56": {"nrmse": [0.0059684801336259]}, "57": {"nrmse": [0.005997377203699696]}, "58": {"nrmse": [0.006024179690195552]}, "59": {"nrmse": [0.006050070828460816]}, "60": {"nrmse": [0.00607454710051095]}}}