{"state_names": ["r"], "scores_per_horizon": {"1": {"nrmse": [0.005202325471967786]}, "2": {"nrmse": [0.005193081674539761]}, "3": {"nrmse": [0.0051941400512182136]}, "4": {"nrmse": [0.005187468320299251]}, "5": {"nrmse": [0.005188762498687547]}, "6": {"nrmse": [0.005183274196519277]}, "7": {"nrmse": [0.005182370158940528]}, "8": {"nrmse": [0.005182948610822139]}, "9": {"nrmse": [0.005181059473728525]}, "10": {"nrmse": [0.005180876366535841]}, "11": {"nrmse": [0.005183399885406198]}, "12": {"nrmse": [0.005187362916181678]}, "13": {"nrmse": [0.00519212325387965]}, "14": {"nrmse": [0.005194370659921212]}, "15": {"nrmse": [0.0051956822036081755]}, "16": {"nrmse": [0.005196170499845868]}, "17": {"nrmse": [0.005198734829070472]}, "18": {"nrmse": [0.005201735400658005]}, "19": {"nrmse": [0.005202727514357008]}, "20": {"nrmse": [0.005202263587401213]}, "21": {"nrmse": [0.005200702456062952]}, "22": {"nrmse": [0.005201290388013936]}, "23": {"nrmse": [0.0052012506886607085]}, "24": {"nrmse": [0.005201564895104471]}, "25": {"nrmse": [0.005202466636635332]}, "26": {"nrmse": [0.005203341417579522]}, "27": {"nrmse": [0.0052056103303975]}, "28": {"nrmse": [0.005209418948627149]}, "29": {"nrmse": [0.005214155429547216]}, "30": {"nrmse": [0.005218569790967138]}, "31": {"nrmse": [0.005223605207033972]}, "32": {"nrmse": [0.005228237657120733]}, "33": {"nrmse": [0.005231632226337499]}, "34": {"nrmse": [0.005234741537495007]}, "35": {"nrmse": [0.005238545310771249]}, "36": {"nrmse": [0.005242725753221375]}, "37": {"nrmse": [0.0052465154626506715]}, "38": {"nrmse": [0.005250635534468305]}, "39": {"nrmse": [0.00525430135037795]}, "40": {"nrmse": [0.0052578004586195425]}, "41": {"nrmse": [0.005321166500708495]}, "42": {"nrmse": [0.005381048656933997]}, "43": {"nrmse": [0.00543767417004932]}, "44": {"nrmse": [0.005492628405205171]}, "45": {"nrmse": [0.005544939951539549]}, "46": {"nrmse": [0.0055945236256440215]}, "47": {"nrmse": [0.005640094394543793]}, "48": {"nrmse": [0.005683797479860868]}, "49": {"nrmse": [0.005725815491399474]}, "50": {"nrmse": [0.0057649774343686]}, "51": {"nrmse": [0.005802950094130759]}, "52": {"nrmse": [0.005838888820965101]}, "53": {"nrmse": [0.005873103373737312]}, "54": {"nrmse": [0.0059060601830294435]}, "55": {"nrmse": [0.005938062005569365]}, "56": {"nrmse": [0.005968894383717882]}, "57": {"nrmse": [0.005997782011982471]}, "58": {"nrmse": [0.006024575604705663]}, "59": {"nrmse": [0.006050458221018642]}, "60": {"nrmse": [0.006074926405757491]}}}