{"state_names": ["r"], "scores_per_horizon": {"1": {"nrmse": [0.005140988029301439]}, "2": {"nrmse": [0.005138304299082546]}, "3": {"nrmse": [0.005141909173199687]}, "4": {"nrmse": [0.005136472363561972]}, "5": {"nrmse": [0.005139693481465432]}, "6": {"nrmse": [0.005135318406097815]}, "7": {"nrmse": [0.0051357590499360485]}, "8": {"nrmse": [0.005137137213372183]}, "9": {"nrmse": [0.005135829909651934]}, "10": {"nrmse": [0.005136193951074857]}, "11": {"nrmse": [0.005138994861744684]}, "12": {"nrmse": [0.005143293166146027]}, "13": {"nrmse": [0.0051479968309326544]}, "14": {"nrmse": [0.005150319296895137]}, "15": {"nrmse": [0.00515181704634276]}, "16": {"nrmse": [0.00515241337077812]}, "17": {"nrmse": [0.005154994354402874]}, "18": {"nrmse": [0.00515807938624091]}, "19": {"nrmse": [0.0051591902183189915]}, "20": {"nrmse": [0.005158657347493561]}, "21": {"nrmse": [0.00515712470927867]}, "22": {"nrmse": [0.005157808392205173]}, "23": {"nrmse": [0.005157834190787743]}, "24": {"nrmse": [0.005158093045227369]}, "25": {"nrmse": [0.005159137699231536]}, "26": {"nrmse": [0.00516011936507897]}, "27": {"nrmse": [0.005162604243210062]}, "28": {"nrmse": [0.005166583026521147]}, "29": {"nrmse": [0.005171569422644721]}, "30": {"nrmse": [0.005176390166659431]}, "31": {"nrmse": [0.005181691090096349]}, "32": {"nrmse": [0.00518652787567495]}, "33": {"nrmse": [0.0051901144845165025]}, "34": {"nrmse": [0.005193441175461433]}, "35": {"nrmse": [0.005197414341912153]}, "36": {"nrmse": [0.005201731545787094]}, "37": {"nrmse": [0.005205614083040526]}, "38": {"nrmse": [0.0052097479616711176]}, "39": {"nrmse": [0.005213286010241731]}, "40": {"nrmse": [0.005216694893457093]}, "41": {"nrmse": [0.005219538688184044]}, "42": {"nrmse": [0.005222518567107804]}, "43": {"nrmse": [0.005225102612044057]}, "44": {"nrmse": [0.005228416783150356]}, "45": {"nrmse": [0.005232086041579189]}, "46": {"nrmse": [0.005235772062306669]}, "47": {"nrmse": [0.0052381463982335815]}, "48": {"nrmse": [0.005240651920476607]}, "49": {"nrmse": [0.0052430856720114835]}, "50": {"nrmse": [0.005244811858181837]}, "51": {"nrmse": [0.005246773268944941]}, "52": {"nrmse": [0.005248287399464734]}, "53": {"nrmse": [0.0052494902570167055]}, "54": {"nrmse": [0.005250717459557309]}, "55": {"nrmse": [0.005252247403582963]}, "56": {"nrmse": [0.005254043464403754]}, "57": {"nrmse": [0.0052549572671696]}, "58": {"nrmse": [0.005255101098423035]}, "59": {"nrmse": [0.005255336355575997]}, "60": {"nrmse": [0.005254975599963358]}}}