{"state_names": ["r"], "scores_per_horizon": {"1": {"nrmse": [0.018043114725442382]}, "2": {"nrmse": [0.01783676089823521]}, "3": {"nrmse": [0.017684313027146126]}, "4": {"nrmse": [0.01758913969092144]}, "5": {"nrmse": [0.017558479036277747]}, "6": {"nrmse": [0.017519455391252242]}, "7": {"nrmse": [0.017469946541757153]}, "8": {"nrmse": [0.017389993924247064]}, "9": {"nrmse": [0.017331544826474008]}, "10": {"nrmse": [0.017303967063490848]}, "11": {"nrmse": [0.01728312515433439]}, "12": {"nrmse": [0.017263955827951746]}, "13": {"nrmse": [0.017237726270326402]}, "14": {"nrmse": [0.017188392340041173]}, "15": {"nrmse": [0.017178469031196877]}, "16": {"nrmse": [0.0171792823080939]}, "17": {"nrmse": [0.01717683710068312]}, "18": {"nrmse": [0.017179923675042178]}, "19": {"nrmse": [0.0171871268363214]}, "20": {"nrmse": [0.017190876273008665]}, "21": {"nrmse": [0.017182350604547154]}, "22": {"nrmse": [0.017167862875249417]}, "23": {"nrmse": [0.017134463231028095]}, "24": {"nrmse": [0.01709684824935079]}, "25": {"nrmse": [0.01704841905027403]}, "26": {"nrmse": [0.01701147371925947]}, "27": {"nrmse": [0.016983349197599553]}, "28": {"nrmse": [0.016955558917336612]}, "29": {"nrmse": [0.016914802083902742]}, "30": {"nrmse": [0.016887002148978803]}, "31": {"nrmse": [0.016862555367658977]}, "32": {"nrmse": [0.016835648634391687]}, "33": {"nrmse": [0.016808404782014605]}, "34": {"nrmse": [0.01678324777918896]}, "35": {"nrmse": [0.016759854335762416]}, "36": {"nrmse": [0.016739633464134106]}, "37": {"nrmse": [0.016704147113088617]}, "38": {"nrmse": [0.016676353003998105]}, "39": {"nrmse": [0.016648560073657368]}, "40": {"nrmse": [0.016608929181222264]}, "41": {"nrmse": [0.016572186611525097]}, "42": {"nrmse": [0.01653323145126473]}, "43": {"nrmse": [0.016494618703492975]}, "44": {"nrmse": [0.0164525697598164]}, "45": {"nrmse": [0.01641312058819743]}, "46": {"nrmse": [0.01636898098024313]}, "47": {"nrmse": [0.016317517574369517]}, "48": {"nrmse": [0.0162624849556759]}, "49": {"nrmse": [0.016210455120670705]}, "50": {"nrmse": [0.016168561131318742]}, "51": {"nrmse": [0.016123520392585806]}, "52": {"nrmse": [0.016077977917240183]}, "53": {"nrmse": [0.016035467859223357]}, "54": {"nrmse": [0.015985274407843246]}, "55": {"nrmse": [0.015936640749592362]}, "56": {"nrmse": [0.015889572179835665]}, "57": {"nrmse": [0.015851435524215907]}, "58": {"nrmse": [0.015812864329334247]}, "59": {"nrmse": [0.0157728795722316]}, "60": {"nrmse": [0.015731070331336545]}}}