{"state_names": ["r"], "scores_per_horizon": {"1": {"nrmse": [0.00516221174545236]}, "2": {"nrmse": [0.005170108516324409]}, "3": {"nrmse": [0.00517850204479176]}, "4": {"nrmse": [0.005175851002176346]}, "5": {"nrmse": [0.00517967364395905]}, "6": {"nrmse": [0.005175882776841317]}, "7": {"nrmse": [0.005176229733591039]}, "8": {"nrmse": [0.0051777329195331085]}, "9": {"nrmse": [0.005176567687695594]}, "10": {"nrmse": [0.005177019552685769]}, "11": {"nrmse": [0.005180047941593042]}, "12": {"nrmse": [0.005184463488193751]}, "13": {"nrmse": [0.005189647329064973]}, "14": {"nrmse": [0.005192249325869666]}, "15": {"nrmse": [0.005193918763898231]}, "16": {"nrmse": [0.005194737632265251]}, "17": {"nrmse": [0.005197617539622919]}, "18": {"nrmse": [0.005200882296720355]}, "19": {"nrmse": [0.005202092068644939]}, "20": {"nrmse": [0.005201791791243159]}, "21": {"nrmse": [0.0052003845016364535]}, "22": {"nrmse": [0.005201120289952969]}, "23": {"nrmse": [0.005201205340464661]}, "24": {"nrmse": [0.0052016524126527715]}, "25": {"nrmse": [0.005202693401789123]}, "26": {"nrmse": [0.005203679863960436]}, "27": {"nrmse": [0.005206077967348565]}, "28": {"nrmse": [0.005210026587933857]}, "29": {"nrmse": [0.005214910453471843]}, "30": {"nrmse": [0.005219484655670438]}, "31": {"nrmse": [0.0052246641964155665]}, "32": {"nrmse": [0.005229425270749015]}, "33": {"nrmse": [0.00523292890912019]}, "34": {"nrmse": [0.005236145041740049]}, "35": {"nrmse": [0.005240055148715243]}, "36": {"nrmse": [0.005244326339268663]}, "37": {"nrmse": [0.005248196785151726]}, "38": {"nrmse": [0.005252389860287791]}, "39": {"nrmse": [0.005256096103598635]}, "40": {"nrmse": [0.005259635836562498]}, "41": {"nrmse": [0.00532293460077328]}, "42": {"nrmse": [0.005382754259188945]}, "43": {"nrmse": [0.005439321565737966]}, "44": {"nrmse": [0.005494220816868464]}, "45": {"nrmse": [0.0055464808661977675]}, "46": {"nrmse": [0.0055960162897865495]}, "47": {"nrmse": [0.005641542500766478]}, "48": {"nrmse": [0.005685203493007386]}, "49": {"nrmse": [0.005727181683826564]}, "50": {"nrmse": [0.0057663064123622465]}, "51": {"nrmse": [0.0058042436201825014]}, "52": {"nrmse": [0.00584014889243788]}, "53": {"nrmse": [0.00587433176832473]}, "54": {"nrmse": [0.005907258406427871]}, "55": {"nrmse": [0.005939231349684705]}, "56": {"nrmse": [0.005970036173365351]}, "57": {"nrmse": [0.005998897781349593]}, "58": {"nrmse": [0.006025666863888833]}, "59": {"nrmse": [0.006051525994532215]}, "60": {"nrmse": [0.00607597189126383]}}}