{"state_names": ["r"], "scores_per_horizon": {"1": {"nrmse": [0.00519657406372295]}, "2": {"nrmse": [0.005189170596497835]}, "3": {"nrmse": [0.005192789936732287]}, "4": {"nrmse": [0.005187836791847643]}, "5": {"nrmse": [0.005190421308058675]}, "6": {"nrmse": [0.005185946787081025]}, "7": {"nrmse": [0.005185950584173509]}, "8": {"nrmse": [0.005187318363680096]}, "9": {"nrmse": [0.00518607981442767]}, "10": {"nrmse": [0.0051864593841748075]}, "11": {"nrmse": [0.005189424694776315]}, "12": {"nrmse": [0.005193753901662318]}, "13": {"nrmse": [0.005198799933073905]}, "14": {"nrmse": [0.0052012896202974345]}, "15": {"nrmse": [0.005202808257890078]}, "16": {"nrmse": [0.005203504462378763]}, "17": {"nrmse": [0.005206260797163345]}, "18": {"nrmse": [0.00520941731840028]}, "19": {"nrmse": [0.005210543815528021]}, "20": {"nrmse": [0.005210192642805421]}, "21": {"nrmse": [0.005208726913305198]}, "22": {"nrmse": [0.005209407985341913]}, "23": {"nrmse": [0.005209442024273181]}, "24": {"nrmse": [0.005209808767707637]}, "25": {"nrmse": [0.005210779563428213]}, "26": {"nrmse": [0.005211707222689941]}, "27": {"nrmse": [0.00521405797269028]}, "28": {"nrmse": [0.005217941729855276]}, "29": {"nrmse": [0.005222759794468074]}, "30": {"nrmse": [0.005227253280533664]}, "31": {"nrmse": [0.005232357332184019]}, "32": {"nrmse": [0.005237049614121814]}, "33": {"nrmse": [0.005240498918915548]}, "34": {"nrmse": [0.005243641428661043]}, "35": {"nrmse": [0.005247465763036601]}, "36": {"nrmse": [0.005251653916855091]}, "37": {"nrmse": [0.005255443537979232]}, "38": {"nrmse": [0.005259559527087907]}, "39": {"nrmse": [0.005263222680904535]}, "40": {"nrmse": [0.005266714790268201]}, "41": {"nrmse": [0.005329754345064733]}, "42": {"nrmse": [0.005389333187202645]}, "43": {"nrmse": [0.005445676192468851]}, "44": {"nrmse": [0.005500363543724391]}, "45": {"nrmse": [0.005552425116696621]}, "46": {"nrmse": [0.005601774563370072]}, "47": {"nrmse": [0.005647129018828866]}, "48": {"nrmse": [0.0056906277474114714]}, "49": {"nrmse": [0.005732452426111502]}, "50": {"nrmse": [0.005771433682582393]}, "51": {"nrmse": [0.005809234207092861]}, "52": {"nrmse": [0.005845010491121946]}, "53": {"nrmse": [0.005879071227958145]}, "54": {"nrmse": [0.005911881528317231]}, "55": {"nrmse": [0.005943743111452418]}, "56": {"nrmse": [0.005974441680038707]}, "57": {"nrmse": [0.006003202945742723]}, "58": {"nrmse": [0.006029877506461]}, "59": {"nrmse": [0.00605564606379986]}, "60": {"nrmse": [0.006080006003775861]}}}