{"state_names": ["r"], "scores_per_horizon": {"1": {"nrmse": [0.00017398207086304128]}, "2": {"nrmse": [0.0002115058239611813]}, "3": {"nrmse": [0.00024783225604429305]}, "4": {"nrmse": [0.00027222553984826414]}, "5": {"nrmse": [0.0002985678234819416]}, "6": {"nrmse": [0.00031797681860736915]}, "7": {"nrmse": [0.0003382945676368941]}, "8": {"nrmse": [0.00036597372356954457]}, "9": {"nrmse": [0.00039332179587389746]}, "10": {"nrmse": [0.00041724199682957266]}, "11": {"nrmse": [0.00043906365278970186]}, "12": {"nrmse": [0.00046032406167622713]}, "13": {"nrmse": [0.00047812239766804047]}, "14": {"nrmse": [0.0004960298284547382]}, "15": {"nrmse": [0.0005131002965857318]}, "16": {"nrmse": [0.0005320394531146313]}, "17": {"nrmse": [0.0005508155551923598]}, "18": {"nrmse": [0.0005662588828046509]}, "19": {"nrmse": [0.0005815397875667486]}, "20": {"nrmse": [0.0005944741551053556]}, "21": {"nrmse": [0.0006066674950524954]}, "22": {"nrmse": [0.0006178672935144627]}, "23": {"nrmse": [0.0006277485003154358]}, "24": {"nrmse": [0.0006380989385061325]}, "25": {"nrmse": [0.0006477103424594566]}, "26": {"nrmse": [0.0006569887613504227]}, "27": {"nrmse": [0.0006681374620914033]}, "28": {"nrmse": [0.0006804393183521833]}, "29": {"nrmse": [0.0006915241525159707]}, "30": {"nrmse": [0.000702845881243341]}, "31": {"nrmse": [0.0007143931501665047]}, "32": {"nrmse": [0.0007261646062395141]}, "33": {"nrmse": [0.0007380724439070863]}, "34": {"nrmse": [0.000749158274995721]}, "35": {"nrmse": [0.0007612901974076864]}, "36": {"nrmse": [0.0007735584535216658]}, "37": {"nrmse": [0.0007850440350722152]}, "38": {"nrmse": [0.0007974909004745859]}, "39": {"nrmse": [0.000809314970535003]}, "40": {"nrmse": [0.0008205722212076938]}, "41": {"nrmse": [0.0008304403489675134]}, "42": {"nrmse": [0.0008416580793359357]}, "43": {"nrmse": [0.0008527029073904787]}, "44": {"nrmse": [0.0008641293351947194]}, "45": {"nrmse": [0.0008754657562051443]}, "46": {"nrmse": [0.0008867943446374997]}, "47": {"nrmse": [0.0008971885711042442]}, "48": {"nrmse": [0.0009074937363007205]}, "49": {"nrmse": [0.0009171245220474121]}, "50": {"nrmse": [0.0009261485078381311]}, "51": {"nrmse": [0.000935265967410719]}, "52": {"nrmse": [0.0009434260047295912]}, "53": {"nrmse": [0.0009515431803977102]}, "54": {"nrmse": [0.0009595922169810643]}, "55": {"nrmse": [0.0009678551891947752]}, "56": {"nrmse": [0.0009760816074516535]}, "57": {"nrmse": [0.000983749042955904]}, "58": {"nrmse": [0.0009914593137884166]}, "59": {"nrmse": [0.0009986898652154885]}, "60": {"nrmse": [0.001005137293866283]}}}