{"state_names": ["r"], "scores_per_horizon": {"1": {"nrmse": [0.004758556767866494]}, "2": {"nrmse": [0.004885337366207775]}, "3": {"nrmse": [0.005641392573223654]}, "4": {"nrmse": [0.006162228611022815]}, "5": {"nrmse": [0.006464629819792211]}, "6": {"nrmse": [0.00666539476907574]}, "7": {"nrmse": [0.006810620430066542]}, "8": {"nrmse": [0.00690972138386621]}, "9": {"nrmse": [0.0069801890315257294]}, "10": {"nrmse": [0.007046312543322568]}, "11": {"nrmse": [0.0071042013504669325]}, "12": {"nrmse": [0.007147012305745261]}, "13": {"nrmse": [0.007167131333096442]}, "14": {"nrmse": [0.007172440888074334]}, "15": {"nrmse": [0.007194018068604418]}, "16": {"nrmse": [0.0072211581799413406]}, "17": {"nrmse": [0.007236114212751788]}, "18": {"nrmse": [0.007251580860431939]}, "19": {"nrmse": [0.007269699701310584]}, "20": {"nrmse": [0.007282964178713582]}, "21": {"nrmse": [0.007285274532310905]}, "22": {"nrmse": [0.007286536742205382]}, "23": {"nrmse": [0.007278364358745592]}, "24": {"nrmse": [0.007272148880510442]}, "25": {"nrmse": [0.007255009029800937]}, "26": {"nrmse": [0.007246755967713996]}, "27": {"nrmse": [0.007240588003229384]}, "28": {"nrmse": [0.007236218202322121]}, "29": {"nrmse": [0.007223794430254961]}, "30": {"nrmse": [0.007218961307581955]}, "31": {"nrmse": [0.007215209450403452]}, "32": {"nrmse": [0.0072103701404319645]}, "33": {"nrmse": [0.007205760459671812]}, "34": {"nrmse": [0.0072004617255931455]}, "35": {"nrmse": [0.007194435342163197]}, "36": {"nrmse": [0.007192444422133541]}, "37": {"nrmse": [0.00718040552329008]}, "38": {"nrmse": [0.007173797276510843]}, "39": {"nrmse": [0.007167009792169121]}, "40": {"nrmse": [0.007152501212294269]}, "41": {"nrmse": [0.007140076480686208]}, "42": {"nrmse": [0.00712430963255264]}, "43": {"nrmse": [0.007110115508548665]}, "44": {"nrmse": [0.007093801136890829]}, "45": {"nrmse": [0.007080494357813481]}, "46": {"nrmse": [0.0070671528572289356]}, "47": {"nrmse": [0.00704974974979479]}, "48": {"nrmse": [0.007030963034545733]}, "49": {"nrmse": [0.007013785778595987]}, "50": {"nrmse": [0.007001433793745603]}, "51": {"nrmse": [0.0069871237560075565]}, "52": {"nrmse": [0.006972342764607249]}, "53": {"nrmse": [0.0069590048839896935]}, "54": {"nrmse": [0.0069418035597987445]}, "55": {"nrmse": [0.006924210771765582]}, "56": {"nrmse": [0.006909177051738843]}, "57": {"nrmse": [0.00689830347161678]}, "58": {"nrmse": [0.0068869600603172635]}, "59": {"nrmse": [0.006874939682842862]}, "60": {"nrmse": [0.006861287323982011]}}}