{"state_names": ["r"], "scores_per_horizon": {"1": {"nrmse": [0.004677897231181709]}, "2": {"nrmse": [0.0051077191231452415]}, "3": {"nrmse": [0.005473441229373978]}, "4": {"nrmse": [0.0057678723361326845]}, "5": {"nrmse": [0.005986162367133525]}, "6": {"nrmse": [0.006141553835258722]}, "7": {"nrmse": [0.006252764160323823]}, "8": {"nrmse": [0.006324103560177786]}, "9": {"nrmse": [0.006371824366663792]}, "10": {"nrmse": [0.0064178131897907435]}, "11": {"nrmse": [0.0064572764418437435]}, "12": {"nrmse": [0.006483885782211135]}, "13": {"nrmse": [0.006491551104114717]}, "14": {"nrmse": [0.006488153896135469]}, "15": {"nrmse": [0.006501171569265749]}, "16": {"nrmse": [0.00651939504797583]}, "17": {"nrmse": [0.006526253176575435]}, "18": {"nrmse": [0.006535130735095207]}, "19": {"nrmse": [0.006547236684346984]}, "20": {"nrmse": [0.0065550353710026885]}, "21": {"nrmse": [0.00655326496044282]}, "22": {"nrmse": [0.006551794343960324]}, "23": {"nrmse": [0.006541968439140637]}, "24": {"nrmse": [0.0065345775149142195]}, "25": {"nrmse": [0.006516855016587178]}, "26": {"nrmse": [0.006508261631852332]}, "27": {"nrmse": [0.0065013799763766495]}, "28": {"nrmse": [0.006496347897061233]}, "29": {"nrmse": [0.006483913255428591]}, "30": {"nrmse": [0.006478911881335981]}, "31": {"nrmse": [0.006474720621975118]}, "32": {"nrmse": [0.006469530220487405]}, "33": {"nrmse": [0.006464670768034917]}, "34": {"nrmse": [0.006459029552087548]}, "35": {"nrmse": [0.006452828857356612]}, "36": {"nrmse": [0.0064506780130495385]}, "37": {"nrmse": [0.006438892509793215]}, "38": {"nrmse": [0.006432595378501743]}, "39": {"nrmse": [0.00642603090355898]}, "40": {"nrmse": [0.006412282154094867]}, "41": {"nrmse": [0.006400867216039687]}, "42": {"nrmse": [0.006386165657209573]}, "43": {"nrmse": [0.0063733005187375825]}, "44": {"nrmse": [0.006358360054456957]}, "45": {"nrmse": [0.006346428251101612]}, "46": {"nrmse": [0.00633441255621151]}, "47": {"nrmse": [0.006318358398242329]}, "48": {"nrmse": [0.006301141808388826]}, "49": {"nrmse": [0.006285434279475898]}, "50": {"nrmse": [0.006274064567119872]}, "51": {"nrmse": [0.00626069642342172]}, "52": {"nrmse": [0.006246868628827035]}, "53": {"nrmse": [0.006234471538205619]}, "54": {"nrmse": [0.006218439630447941]}, "55": {"nrmse": [0.00620211989480978]}, "56": {"nrmse": [0.006188407926055208]}, "57": {"nrmse": [0.0061782949998583445]}, "58": {"nrmse": [0.006167577176024]}, "59": {"nrmse": [0.006156227154547417]}, "60": {"nrmse": [0.006143380627937845]}}}