{"state_names": ["r"], "scores_per_horizon": {"1": {"nrmse": [0.003773927927554059]}, "2": {"nrmse": [0.00400107788892463]}, "3": {"nrmse": [0.004136794617611361]}, "4": {"nrmse": [0.004385171404298137]}, "5": {"nrmse": [0.004697666256794008]}, "6": {"nrmse": [0.004981296806767662]}, "7": {"nrmse": [0.005220990400487373]}, "8": {"nrmse": [0.005408846169523149]}, "9": {"nrmse": [0.005555066751944058]}, "10": {"nrmse": [0.005682635035749922]}, "11": {"nrmse": [0.005789760346960683]}, "12": {"nrmse": [0.005872606653368334]}, "13": {"nrmse": [0.0059268697836737305]}, "14": {"nrmse": [0.005962578001642964]}, "15": {"nrmse": [0.006008049520063586]}, "16": {"nrmse": [0.006054274829567526]}, "17": {"nrmse": [0.006086417688132263]}, "18": {"nrmse": [0.00611642395085839]}, "19": {"nrmse": [0.006146832037391147]}, "20": {"nrmse": [0.006171497287469031]}, "21": {"nrmse": [0.006185654477293726]}, "22": {"nrmse": [0.006198278256469871]}, "23": {"nrmse": [0.006202244770949433]}, "24": {"nrmse": [0.006207268096629429]}, "25": {"nrmse": [0.006202418705205173]}, "26": {"nrmse": [0.006204786723679473]}, "27": {"nrmse": [0.0062084556993247855]}, "28": {"nrmse": [0.006213088378122085]}, "29": {"nrmse": [0.006210196459618013]}, "30": {"nrmse": [0.006213467959522542]}, "31": {"nrmse": [0.00621707498206683]}, "32": {"nrmse": [0.0062190933230398355]}, "33": {"nrmse": [0.006220557755436206]}, "34": {"nrmse": [0.006221036601022711]}, "35": {"nrmse": [0.006220593808039362]}, "36": {"nrmse": [0.00622309396978891]}, "37": {"nrmse": [0.006216748357549308]}, "38": {"nrmse": [0.006214977624449895]}, "39": {"nrmse": [0.006212772215671249]}, "40": {"nrmse": [0.006203832384162448]}, "41": {"nrmse": [0.006196678412997918]}, "42": {"nrmse": [0.006186757573544127]}, "43": {"nrmse": [0.006178115577183289]}, "44": {"nrmse": [0.0061676524892316335]}, "45": {"nrmse": [0.006159610973873518]}, "46": {"nrmse": [0.00615101666259648]}, "47": {"nrmse": [0.006138561448983053]}, "48": {"nrmse": [0.006124581072048199]}, "49": {"nrmse": [0.006111808031444422]}, "50": {"nrmse": [0.0061029520318075115]}, "51": {"nrmse": [0.006091996178713434]}, "52": {"nrmse": [0.006080524515289265]}, "53": {"nrmse": [0.0060701571570449565]}, "54": {"nrmse": [0.006056380682312724]}, "55": {"nrmse": [0.006042466162173087]}, "56": {"nrmse": [0.00603056389568335]}, "57": {"nrmse": [0.006022208660949519]}, "58": {"nrmse": [0.00601316755313337]}, "59": {"nrmse": [0.006003317077187053]}, "60": {"nrmse": [0.005991950339847645]}}}