{"state_names": ["r"], "scores_per_horizon": {"1": {"nrmse": [0.004728644543441053]}, "2": {"nrmse": [0.005009625459479313]}, "3": {"nrmse": [0.004762892047208589]}, "4": {"nrmse": [0.00454360113004568]}, "5": {"nrmse": [0.004442905656438649]}, "6": {"nrmse": [0.004448123349403219]}, "7": {"nrmse": [0.004520861353368376]}, "8": {"nrmse": [0.0046184371700891975]}, "9": {"nrmse": [0.004717773513592969]}, "10": {"nrmse": [0.004823992614240432]}, "11": {"nrmse": [0.004923215223301941]}, "12": {"nrmse": [0.005003673970552825]}, "13": {"nrmse": [0.0050574281757894655]}, "14": {"nrmse": [0.005095229830629996]}, "15": {"nrmse": [0.0051415842280828905]}, "16": {"nrmse": [0.005188146687304852]}, "17": {"nrmse": [0.0052186434921200385]}, "18": {"nrmse": [0.005247356713293857]}, "19": {"nrmse": [0.005275810262966922]}, "20": {"nrmse": [0.005297372144037872]}, "21": {"nrmse": [0.005307582920033382]}, "22": {"nrmse": [0.005316886519553237]}, "23": {"nrmse": [0.005317266100418431]}, "24": {"nrmse": [0.005319762630229402]}, "25": {"nrmse": [0.005311526994832204]}, "26": {"nrmse": [0.005311273731305332]}, "27": {"nrmse": [0.005311432574334143]}, "28": {"nrmse": [0.00531308333270231]}, "29": {"nrmse": [0.005307794191416107]}, "30": {"nrmse": [0.005308904380216521]}, "31": {"nrmse": [0.005310162050786393]}, "32": {"nrmse": [0.005310512899580091]}, "33": {"nrmse": [0.005311194891790264]}, "34": {"nrmse": [0.005310633535634851]}, "35": {"nrmse": [0.005309163774234615]}, "36": {"nrmse": [0.005311270711319959]}, "37": {"nrmse": [0.005304385108010493]}, "38": {"nrmse": [0.005302407557205109]}, "39": {"nrmse": [0.005299859410407745]}, "40": {"nrmse": [0.005290830560389476]}, "41": {"nrmse": [0.005283925680530402]}, "42": {"nrmse": [0.0052736073026056676]}, "43": {"nrmse": [0.0052650789340629315]}, "44": {"nrmse": [0.005254474958166623]}, "45": {"nrmse": [0.0052467698843478286]}, "46": {"nrmse": [0.005239176432750913]}, "47": {"nrmse": [0.00522807032455801]}, "48": {"nrmse": [0.005216056250617032]}, "49": {"nrmse": [0.005205132084638388]}, "50": {"nrmse": [0.005197861976719647]}, "51": {"nrmse": [0.005188730586497463]}, "52": {"nrmse": [0.00517905807294843]}, "53": {"nrmse": [0.005170505709560403]}, "54": {"nrmse": [0.005158596994737984]}, "55": {"nrmse": [0.005146250677920706]}, "56": {"nrmse": [0.005136315233449862]}, "57": {"nrmse": [0.005129407596182723]}, "58": {"nrmse": [0.005122005705318695]}, "59": {"nrmse": [0.005114093032806026]}, "60": {"nrmse": [0.005104735014564233]}}}