{"state_names": ["r"], "scores_per_horizon": {"1": {"nrmse": [0.0005488884913972261]}, "2": {"nrmse": [0.0004697674405618628]}, "3": {"nrmse": [0.0004175037345086974]}, "4": {"nrmse": [0.00037534017951487746]}, "5": {"nrmse": [0.00034449175553806754]}, "6": {"nrmse": [0.000325506848269401]}, "7": {"nrmse": [0.0003092691307313794]}, "8": {"nrmse": [0.0002972123590132206]}, "9": {"nrmse": [0.0002899075758921791]}, "10": {"nrmse": [0.0002814273145367035]}, "11": {"nrmse": [0.0002759643870174254]}, "12": {"nrmse": [0.0002709975899688219]}, "13": {"nrmse": [0.0002695577041119962]}, "14": {"nrmse": [0.0002660152760090667]}, "15": {"nrmse": [0.0002628296191834894]}, "16": {"nrmse": [0.00026021542727329037]}, "17": {"nrmse": [0.0002568072513222727]}, "18": {"nrmse": [0.0002551497866026188]}, "19": {"nrmse": [0.0002533837980904151]}, "20": {"nrmse": [0.0002516308613145163]}, "21": {"nrmse": [0.00025071542184163957]}, "22": {"nrmse": [0.00025043511991452023]}, "23": {"nrmse": [0.000249138859267454]}, "24": {"nrmse": [0.0002486765749934681]}, "25": {"nrmse": [0.00024867680419492607]}, "26": {"nrmse": [0.00024719365203597425]}, "27": {"nrmse": [0.0002478066432949545]}, "28": {"nrmse": [0.00024814003705708526]}, "29": {"nrmse": [0.0002477240755166459]}, "30": {"nrmse": [0.0002464139836026672]}, "31": {"nrmse": [0.00024577001968554543]}, "32": {"nrmse": [0.00024594572238543475]}, "33": {"nrmse": [0.0002450094702115589]}, "34": {"nrmse": [0.00024403107809427564]}, "35": {"nrmse": [0.00024386910330265714]}, "36": {"nrmse": [0.0002438363164958625]}, "37": {"nrmse": [0.00024277978618109076]}, "38": {"nrmse": [0.00024256016731433544]}, "39": {"nrmse": [0.00024333940736381794]}, "40": {"nrmse": [0.00024337845843595357]}, "41": {"nrmse": [0.00024333157856916334]}, "42": {"nrmse": [0.00024315819568914232]}, "43": {"nrmse": [0.00024296243442980276]}, "44": {"nrmse": [0.00024265339411509018]}, "45": {"nrmse": [0.00024224631863324064]}, "46": {"nrmse": [0.00024202432829844393]}, "47": {"nrmse": [0.00024137076516864882]}, "48": {"nrmse": [0.000241127438432166]}, "49": {"nrmse": [0.0002405957270854913]}, "50": {"nrmse": [0.00024016204462100365]}, "51": {"nrmse": [0.00024012342594130823]}, "52": {"nrmse": [0.00023996529869332707]}, "53": {"nrmse": [0.00024021043331244957]}, "54": {"nrmse": [0.00024013037058965913]}, "55": {"nrmse": [0.00024051091000022753]}, "56": {"nrmse": [0.0002405961398229429]}, "57": {"nrmse": [0.0002402172573879256]}, "58": {"nrmse": [0.00023969897003533913]}, "59": {"nrmse": [0.00023963787531266516]}, "60": {"nrmse": [0.0002400730398468705]}}}