{"state_names": ["r"], "scores_per_horizon": {"1": {"nrmse": [0.0006174254770121019]}, "2": {"nrmse": [0.0004954696906606823]}, "3": {"nrmse": [0.00043510171634913574]}, "4": {"nrmse": [0.0003926436482933651]}, "5": {"nrmse": [0.0003621452905320275]}, "6": {"nrmse": [0.00033973357512876085]}, "7": {"nrmse": [0.0003225725963286805]}, "8": {"nrmse": [0.00031032129665677576]}, "9": {"nrmse": [0.00030253777380758606]}, "10": {"nrmse": [0.000293299372889337]}, "11": {"nrmse": [0.00028700041476394594]}, "12": {"nrmse": [0.0002806472471841961]}, "13": {"nrmse": [0.0002775299189166309]}, "14": {"nrmse": [0.00027255215053126396]}, "15": {"nrmse": [0.0002686349726136109]}, "16": {"nrmse": [0.00026575857325182383]}, "17": {"nrmse": [0.0002615122075093134]}, "18": {"nrmse": [0.00025859954695354293]}, "19": {"nrmse": [0.0002561562045512276]}, "20": {"nrmse": [0.0002539596261928637]}, "21": {"nrmse": [0.0002524395192412298]}, "22": {"nrmse": [0.00025099202300209763]}, "23": {"nrmse": [0.0002493125346430339]}, "24": {"nrmse": [0.00024807592641384207]}, "25": {"nrmse": [0.0002477481605131864]}, "26": {"nrmse": [0.00024578922304401]}, "27": {"nrmse": [0.0002452317200895426]}, "28": {"nrmse": [0.00024461812946516395]}, "29": {"nrmse": [0.00024327871232918103]}, "30": {"nrmse": [0.00024144017563127896]}, "31": {"nrmse": [0.00024055382257423194]}, "32": {"nrmse": [0.00024025276946461018]}, "33": {"nrmse": [0.00023881853523637574]}, "34": {"nrmse": [0.00023730990795616303]}, "35": {"nrmse": [0.0002368320729167488]}, "36": {"nrmse": [0.00023604893618182581]}, "37": {"nrmse": [0.00023447927145351695]}, "38": {"nrmse": [0.00023397824654848207]}, "39": {"nrmse": [0.00023431597520235856]}, "40": {"nrmse": [0.00023393864616127414]}, "41": {"nrmse": [0.00023341559017995786]}, "42": {"nrmse": [0.00023308843929690712]}, "43": {"nrmse": [0.00023294800644867766]}, "44": {"nrmse": [0.0002326451709808613]}, "45": {"nrmse": [0.00023180476998509023]}, "46": {"nrmse": [0.00023127807945934944]}, "47": {"nrmse": [0.0002308080659613759]}, "48": {"nrmse": [0.00023048241062649654]}, "49": {"nrmse": [0.00022945786784994856]}, "50": {"nrmse": [0.00022896838051637112]}, "51": {"nrmse": [0.00022878069523615423]}, "52": {"nrmse": [0.00022871560637766463]}, "53": {"nrmse": [0.00022872290495108005]}, "54": {"nrmse": [0.00022837148122294412]}, "55": {"nrmse": [0.00022850694285365847]}, "56": {"nrmse": [0.00022849293995789711]}, "57": {"nrmse": [0.0002281747339475679]}, "58": {"nrmse": [0.00022773297851386729]}, "59": {"nrmse": [0.00022743547012475223]}, "60": {"nrmse": [0.0002273883851284897]}}}