{"state_names": ["r"], "scores_per_horizon": {"1": {"nrmse": [0.000579162457325852]}, "2": {"nrmse": [0.0004578073103397136]}, "3": {"nrmse": [0.00042428623199158464]}, "4": {"nrmse": [0.0003959292269905808]}, "5": {"nrmse": [0.00037160551669961257]}, "6": {"nrmse": [0.00035718887339178385]}, "7": {"nrmse": [0.0003453487586095667]}, "8": {"nrmse": [0.0003365682091085885]}, "9": {"nrmse": [0.0003308030772593995]}, "10": {"nrmse": [0.00032318270320297554]}, "11": {"nrmse": [0.00031868783874799034]}, "12": {"nrmse": [0.0003136401871563411]}, "13": {"nrmse": [0.0003126281285007574]}, "14": {"nrmse": [0.0003094650572805668]}, "15": {"nrmse": [0.00030717688683572263]}, "16": {"nrmse": [0.00030653268759167146]}, "17": {"nrmse": [0.0003035763681603986]}, "18": {"nrmse": [0.00030125195411240165]}, "19": {"nrmse": [0.00029979507248741223]}, "20": {"nrmse": [0.00029774103624927715]}, "21": {"nrmse": [0.0002970162653662715]}, "22": {"nrmse": [0.00029582953779544566]}, "23": {"nrmse": [0.00029434215686973515]}, "24": {"nrmse": [0.00029338666966643637]}, "25": {"nrmse": [0.00029369965070319155]}, "26": {"nrmse": [0.0002918512607081095]}, "27": {"nrmse": [0.00029172314964675806]}, "28": {"nrmse": [0.00029137468012548583]}, "29": {"nrmse": [0.00029052884279257327]}, "30": {"nrmse": [0.00028873450943986455]}, "31": {"nrmse": [0.000287753939519827]}, "32": {"nrmse": [0.0002877209929939763]}, "33": {"nrmse": [0.0002865735004394903]}, "34": {"nrmse": [0.0002850024781125851]}, "35": {"nrmse": [0.00028471663684006806]}, "36": {"nrmse": [0.0002841642141225394]}, "37": {"nrmse": [0.00028236470143122924]}, "38": {"nrmse": [0.00028217074897059213]}, "39": {"nrmse": [0.00028289908250160654]}, "40": {"nrmse": [0.00028272541226705134]}, "41": {"nrmse": [0.0002823459136288235]}, "42": {"nrmse": [0.0002823092350304873]}, "43": {"nrmse": [0.00028247830603080065]}, "44": {"nrmse": [0.0002826210668825755]}, "45": {"nrmse": [0.00028204642133097346]}, "46": {"nrmse": [0.00028172064139373007]}, "47": {"nrmse": [0.0002817188308506113]}, "48": {"nrmse": [0.0002819229566635445]}, "49": {"nrmse": [0.0002813162967326771]}, "50": {"nrmse": [0.00028129611802768853]}, "51": {"nrmse": [0.0002813749479695428]}, "52": {"nrmse": [0.0002816511975888618]}, "53": {"nrmse": [0.0002815822619618569]}, "54": {"nrmse": [0.0002813365239072241]}, "55": {"nrmse": [0.000281507753192988]}, "56": {"nrmse": [0.00028159648906912136]}, "57": {"nrmse": [0.00028151118169967974]}, "58": {"nrmse": [0.00028131223252103284]}, "59": {"nrmse": [0.00028098109188187973]}, "60": {"nrmse": [0.0002810147857376429]}}}