{"state_names": ["r"], "scores_per_horizon": {"1": {"nrmse": [0.000702212187741136]}, "2": {"nrmse": [0.000567203040398583]}, "3": {"nrmse": [0.0004966180729874917]}, "4": {"nrmse": [0.0004463480786014132]}, "5": {"nrmse": [0.000410022944628318]}, "6": {"nrmse": [0.0003841500960257561]}, "7": {"nrmse": [0.0003632504373192759]}, "8": {"nrmse": [0.00034693535781304946]}, "9": {"nrmse": [0.0003347449817049014]}, "10": {"nrmse": [0.00032250655573994936]}, "11": {"nrmse": [0.0003133835568696765]}, "12": {"nrmse": [0.000304904883249152]}, "13": {"nrmse": [0.0002994654837051777]}, "14": {"nrmse": [0.00029290473798410457]}, "15": {"nrmse": [0.000287353393487191]}, "16": {"nrmse": [0.00028323946681126636]}, "17": {"nrmse": [0.00027781642229097726]}, "18": {"nrmse": [0.00027349371511940817]}, "19": {"nrmse": [0.0002698098800725224]}, "20": {"nrmse": [0.0002661680882705792]}, "21": {"nrmse": [0.000263408013935909]}, "22": {"nrmse": [0.0002606233525945039]}, "23": {"nrmse": [0.0002578073761028718]}, "24": {"nrmse": [0.00025558757501405015]}, "25": {"nrmse": [0.0002542221391415406]}, "26": {"nrmse": [0.0002515543853205019]}, "27": {"nrmse": [0.0002501135652571432]}, "28": {"nrmse": [0.00024884234596694247]}, "29": {"nrmse": [0.00024698251566679385]}, "30": {"nrmse": [0.00024473221166101294]}, "31": {"nrmse": [0.0002432422135494904]}, "32": {"nrmse": [0.0002422853144856643]}, "33": {"nrmse": [0.0002404092704744819]}, "34": {"nrmse": [0.00023849760117048417]}, "35": {"nrmse": [0.00023754170204604423]}, "36": {"nrmse": [0.00023632334666544319]}, "37": {"nrmse": [0.00023437142065462367]}, "38": {"nrmse": [0.00023363500298350848]}, "39": {"nrmse": [0.0002335049819627262]}, "40": {"nrmse": [0.00023281871064200166]}, "41": {"nrmse": [0.00023197616686632084]}, "42": {"nrmse": [0.00023132216449750024]}, "43": {"nrmse": [0.00023070650936394513]}, "44": {"nrmse": [0.00023009463028982817]}, "45": {"nrmse": [0.00022914202183686237]}, "46": {"nrmse": [0.00022845196901003867]}, "47": {"nrmse": [0.00022777511946172802]}, "48": {"nrmse": [0.00022719186930087603]}, "49": {"nrmse": [0.00022617140657485714]}, "50": {"nrmse": [0.0002256109494143529]}, "51": {"nrmse": [0.00022523715195746556]}, "52": {"nrmse": [0.00022496711365315158]}, "53": {"nrmse": [0.00022467188847153467]}, "54": {"nrmse": [0.0002242274232265566]}, "55": {"nrmse": [0.0002240933289330527]}, "56": {"nrmse": [0.00022368702480310727]}, "57": {"nrmse": [0.00022322809299562068]}, "58": {"nrmse": [0.00022267629951912006]}, "59": {"nrmse": [0.00022212232976410057]}, "60": {"nrmse": [0.00022189660132048363]}}}