{"state_names": ["r"], "scores_per_horizon": {"1": {"nrmse": [0.0003184610639537669]}, "2": {"nrmse": [0.00029825219429979597]}, "3": {"nrmse": [0.00029068106916955267]}, "4": {"nrmse": [0.00028039089640106686]}, "5": {"nrmse": [0.00027006366748650435]}, "6": {"nrmse": [0.00026359431234472726]}, "7": {"nrmse": [0.0002598624233981251]}, "8": {"nrmse": [0.00025858511997735214]}, "9": {"nrmse": [0.0002615120476939263]}, "10": {"nrmse": [0.0002586880242245304]}, "11": {"nrmse": [0.0002565625550621234]}, "12": {"nrmse": [0.0002539118800485303]}, "13": {"nrmse": [0.0002553791021715904]}, "14": {"nrmse": [0.00025394245769905634]}, "15": {"nrmse": [0.00025272284805368764]}, "16": {"nrmse": [0.00025338455910324607]}, "17": {"nrmse": [0.00025146340591327457]}, "18": {"nrmse": [0.0002498995614724619]}, "19": {"nrmse": [0.00024870029934574386]}, "20": {"nrmse": [0.00024746483097142484]}, "21": {"nrmse": [0.0002475708866543382]}, "22": {"nrmse": [0.00024751506342250566]}, "23": {"nrmse": [0.00024679703010932496]}, "24": {"nrmse": [0.0002467100386349621]}, "25": {"nrmse": [0.0002478349200473349]}, "26": {"nrmse": [0.00024651139681194695]}, "27": {"nrmse": [0.00024710999630530553]}, "28": {"nrmse": [0.00024772682600481926]}, "29": {"nrmse": [0.00024745699164284245]}, "30": {"nrmse": [0.0002460735049206583]}, "31": {"nrmse": [0.0002456898158184685]}, "32": {"nrmse": [0.00024608659278305985]}, "33": {"nrmse": [0.0002456797956952276]}, "34": {"nrmse": [0.0002446076236868999]}, "35": {"nrmse": [0.0002447049291368376]}, "36": {"nrmse": [0.0002445799279287454]}, "37": {"nrmse": [0.00024317090110816564]}, "38": {"nrmse": [0.00024327174628088774]}, "39": {"nrmse": [0.0002442791957518377]}, "40": {"nrmse": [0.0002442711537278435]}, "41": {"nrmse": [0.00024397136641611576]}, "42": {"nrmse": [0.00024388166695719172]}, "43": {"nrmse": [0.00024438260527362524]}, "44": {"nrmse": [0.00024467920815976127]}, "45": {"nrmse": [0.00024427692982038337]}, "46": {"nrmse": [0.0002443387888368694]}, "47": {"nrmse": [0.0002442787028403647]}, "48": {"nrmse": [0.0002444721177758206]}, "49": {"nrmse": [0.00024397505889469788]}, "50": {"nrmse": [0.00024372333579503563]}, "51": {"nrmse": [0.00024390132123405328]}, "52": {"nrmse": [0.00024418800534267097]}, "53": {"nrmse": [0.0002443310615131676]}, "54": {"nrmse": [0.0002442003874730028]}, "55": {"nrmse": [0.0002444540002257395]}, "56": {"nrmse": [0.0002446208662140327]}, "57": {"nrmse": [0.0002442905081565367]}, "58": {"nrmse": [0.00024399017828878342]}, "59": {"nrmse": [0.00024372324462242426]}, "60": {"nrmse": [0.000243966601378445]}}}