{"state_names": ["r"], "scores_per_horizon": {"1": {"nrmse": [0.0003045605886890056]}, "2": {"nrmse": [0.0002644008719263762]}, "3": {"nrmse": [0.00023234401452219616]}, "4": {"nrmse": [0.00021309823069879793]}, "5": {"nrmse": [0.0001982319863574472]}, "6": {"nrmse": [0.00019042159931091142]}, "7": {"nrmse": [0.00018346392013682383]}, "8": {"nrmse": [0.00017983481897096057]}, "9": {"nrmse": [0.00017788119194131664]}, "10": {"nrmse": [0.0001752796414686008]}, "11": {"nrmse": [0.00017260749961388547]}, "12": {"nrmse": [0.00017037733277326027]}, "13": {"nrmse": [0.00016991695917255482]}, "14": {"nrmse": [0.000167595242437154]}, "15": {"nrmse": [0.00016555219223826593]}, "16": {"nrmse": [0.00016442971794343]}, "17": {"nrmse": [0.00016217815038157898]}, "18": {"nrmse": [0.00016097064499315754]}, "19": {"nrmse": [0.0001596138029713145]}, "20": {"nrmse": [0.00015822011803736993]}, "21": {"nrmse": [0.00015737765722148163]}, "22": {"nrmse": [0.00015689047091881807]}, "23": {"nrmse": [0.00015585715121507193]}, "24": {"nrmse": [0.00015502619792341743]}, "25": {"nrmse": [0.00015451704212876127]}, "26": {"nrmse": [0.00015331645464601468]}, "27": {"nrmse": [0.00015328395679387968]}, "28": {"nrmse": [0.0001533320440954101]}, "29": {"nrmse": [0.00015298655218260354]}, "30": {"nrmse": [0.00015185969340124938]}, "31": {"nrmse": [0.00015124405979401236]}, "32": {"nrmse": [0.00015112078444827227]}, "33": {"nrmse": [0.00015026711101143192]}, "34": {"nrmse": [0.0001494884260995847]}, "35": {"nrmse": [0.00014941439700685177]}, "36": {"nrmse": [0.00014918896140692173]}, "37": {"nrmse": [0.00014825686893230603]}, "38": {"nrmse": [0.00014802972584440304]}, "39": {"nrmse": [0.00014842820118810365]}, "40": {"nrmse": [0.00014836870033351808]}, "41": {"nrmse": [0.0001480980927571947]}, "42": {"nrmse": [0.00014782844471454684]}, "43": {"nrmse": [0.00014757130891997547]}, "44": {"nrmse": [0.0001475051773835118]}, "45": {"nrmse": [0.00014735304409384836]}, "46": {"nrmse": [0.00014695906898343339]}, "47": {"nrmse": [0.00014655800876232404]}, "48": {"nrmse": [0.00014650307907826938]}, "49": {"nrmse": [0.00014633179573271201]}, "50": {"nrmse": [0.00014610091375711682]}, "51": {"nrmse": [0.00014616027219300096]}, "52": {"nrmse": [0.00014607345804822615]}, "53": {"nrmse": [0.00014607640803403573]}, "54": {"nrmse": [0.00014595269635125525]}, "55": {"nrmse": [0.00014591424197244777]}, "56": {"nrmse": [0.0001458030987517753]}, "57": {"nrmse": [0.00014565123252851354]}, "58": {"nrmse": [0.00014534661520638334]}, "59": {"nrmse": [0.00014533722632052126]}, "60": {"nrmse": [0.00014554536006166168]}}}