{"state_names": ["r"], "scores_per_horizon": {"1": {"nrmse": [0.0002043168965408643]}, "2": {"nrmse": [0.0001989871663823863]}, "3": {"nrmse": [0.00019584696823096042]}, "4": {"nrmse": [0.0001891767659813893]}, "5": {"nrmse": [0.00018142008185848625]}, "6": {"nrmse": [0.00017535204399381964]}, "7": {"nrmse": [0.0001687346932183578]}, "8": {"nrmse": [0.00016380087165254964]}, "9": {"nrmse": [0.00016182192424013878]}, "10": {"nrmse": [0.00015897218124380432]}, "11": {"nrmse": [0.0001570088592104793]}, "12": {"nrmse": [0.00015571951646931338]}, "13": {"nrmse": [0.0001565128835160621]}, "14": {"nrmse": [0.00015649775062589783]}, "15": {"nrmse": [0.0001567352300997543]}, "16": {"nrmse": [0.00015755952490236863]}, "17": {"nrmse": [0.0001565497571376051]}, "18": {"nrmse": [0.00015538791548066862]}, "19": {"nrmse": [0.00015486909161807508]}, "20": {"nrmse": [0.00015458966661705507]}, "21": {"nrmse": [0.00015476771918964996]}, "22": {"nrmse": [0.00015383420494710238]}, "23": {"nrmse": [0.00015359468690422687]}, "24": {"nrmse": [0.0001534252875171252]}, "25": {"nrmse": [0.00015378885514209808]}, "26": {"nrmse": [0.00015326783051057902]}, "27": {"nrmse": [0.00015341436570439937]}, "28": {"nrmse": [0.0001536343094233681]}, "29": {"nrmse": [0.00015331350748477393]}, "30": {"nrmse": [0.00015294954178253096]}, "31": {"nrmse": [0.0001529339875426078]}, "32": {"nrmse": [0.00015301067447635966]}, "33": {"nrmse": [0.00015316754841526606]}, "34": {"nrmse": [0.00015303701608008924]}, "35": {"nrmse": [0.0001535245309624327]}, "36": {"nrmse": [0.00015320072959247927]}, "37": {"nrmse": [0.00015273445944324679]}, "38": {"nrmse": [0.00015313200053695063]}, "39": {"nrmse": [0.00015343947637849493]}, "40": {"nrmse": [0.00015320010162124992]}, "41": {"nrmse": [0.00015310691468486796]}, "42": {"nrmse": [0.00015319988912992623]}, "43": {"nrmse": [0.00015380607276238074]}, "44": {"nrmse": [0.00015405590644507173]}, "45": {"nrmse": [0.00015404263892513945]}, "46": {"nrmse": [0.00015455196043295325]}, "47": {"nrmse": [0.0001549668884151088]}, "48": {"nrmse": [0.0001551873258961401]}, "49": {"nrmse": [0.00015509549688301957]}, "50": {"nrmse": [0.00015538147943978983]}, "51": {"nrmse": [0.00015541544328690225]}, "52": {"nrmse": [0.0001556090402362669]}, "53": {"nrmse": [0.0001554061960358778]}, "54": {"nrmse": [0.000155306090748823]}, "55": {"nrmse": [0.00015528612830186992]}, "56": {"nrmse": [0.0001552712396350226]}, "57": {"nrmse": [0.00015538507661445]}, "58": {"nrmse": [0.00015557352581107951]}, "59": {"nrmse": [0.00015541020970598153]}, "60": {"nrmse": [0.000155273867217901]}}}