{"state_names": ["r"], "scores_per_horizon": {"1": {"nrmse": [0.00024156535099190593]}, "2": {"nrmse": [0.00021412614633301285]}, "3": {"nrmse": [0.00019461114284579509]}, "4": {"nrmse": [0.00017719410937851852]}, "5": {"nrmse": [0.00016711382508006388]}, "6": {"nrmse": [0.0001630478732731926]}, "7": {"nrmse": [0.00016001168157688743]}, "8": {"nrmse": [0.00015759771849443066]}, "9": {"nrmse": [0.00015724476727920324]}, "10": {"nrmse": [0.00015385227224132988]}, "11": {"nrmse": [0.00015210002529359568]}, "12": {"nrmse": [0.00015019547112808576]}, "13": {"nrmse": [0.0001498801026156825]}, "14": {"nrmse": [0.00014796652674830272]}, "15": {"nrmse": [0.00014667676335524554]}, "16": {"nrmse": [0.00014694098357844235]}, "17": {"nrmse": [0.00014505752580793834]}, "18": {"nrmse": [0.0001442908805784217]}, "19": {"nrmse": [0.00014359927951892814]}, "20": {"nrmse": [0.0001428159518898463]}, "21": {"nrmse": [0.00014237694651330826]}, "22": {"nrmse": [0.00014164248756864703]}, "23": {"nrmse": [0.0001409468858585548]}, "24": {"nrmse": [0.00014039622792064158]}, "25": {"nrmse": [0.00014063744992786164]}, "26": {"nrmse": [0.00013958803185181877]}, "27": {"nrmse": [0.00013957509964777608]}, "28": {"nrmse": [0.00013974279060033844]}, "29": {"nrmse": [0.0001391519628683887]}, "30": {"nrmse": [0.00013826103125273319]}, "31": {"nrmse": [0.00013803097859364723]}, "32": {"nrmse": [0.00013815063842088918]}, "33": {"nrmse": [0.00013764037793427745]}, "34": {"nrmse": [0.00013691996315204756]}, "35": {"nrmse": [0.0001370602770178912]}, "36": {"nrmse": [0.00013671009748129716]}, "37": {"nrmse": [0.00013575269921333605]}, "38": {"nrmse": [0.0001356281886040158]}, "39": {"nrmse": [0.0001360104702978561]}, "40": {"nrmse": [0.00013580548350500805]}, "41": {"nrmse": [0.0001354742546308015]}, "42": {"nrmse": [0.0001353319913019052]}, "43": {"nrmse": [0.00013556589629786203]}, "44": {"nrmse": [0.00013542015573591394]}, "45": {"nrmse": [0.00013515150671525138]}, "46": {"nrmse": [0.00013512171517925624]}, "47": {"nrmse": [0.00013482589647446436]}, "48": {"nrmse": [0.00013471268751146903]}, "49": {"nrmse": [0.00013434248157579345]}, "50": {"nrmse": [0.00013434626941312124]}, "51": {"nrmse": [0.00013438063545777456]}, "52": {"nrmse": [0.00013439007147486947]}, "53": {"nrmse": [0.0001345406690145445]}, "54": {"nrmse": [0.00013429953787104067]}, "55": {"nrmse": [0.00013442949474730222]}, "56": {"nrmse": [0.00013456845830049941]}, "57": {"nrmse": [0.00013443990283205738]}, "58": {"nrmse": [0.00013426870128744483]}, "59": {"nrmse": [0.00013410088415983552]}, "60": {"nrmse": [0.0001341653930659632]}}}