{"state_names": ["r"], "scores_per_horizon": {"1": {"nrmse": [0.00029324100668424427]}, "2": {"nrmse": [0.00024352856599974614]}, "3": {"nrmse": [0.0002169171598531081]}, "4": {"nrmse": [0.00019521415279367396]}, "5": {"nrmse": [0.00018041893760377463]}, "6": {"nrmse": [0.00017478893691930757]}, "7": {"nrmse": [0.00017353084032048613]}, "8": {"nrmse": [0.0001774602655797824]}, "9": {"nrmse": [0.0001802620035428081]}, "10": {"nrmse": [0.0001822758177852831]}, "11": {"nrmse": [0.00018330030418841855]}, "12": {"nrmse": [0.00018348188625363858]}, "13": {"nrmse": [0.00018388111106924278]}, "14": {"nrmse": [0.00018257701821446895]}, "15": {"nrmse": [0.00018147183927784383]}, "16": {"nrmse": [0.00018072372741685539]}, "17": {"nrmse": [0.0001799403035165492]}, "18": {"nrmse": [0.00018039210272016316]}, "19": {"nrmse": [0.00018017266058376408]}, "20": {"nrmse": [0.00017988737526629972]}, "21": {"nrmse": [0.0001796341770133023]}, "22": {"nrmse": [0.00018037426869234828]}, "23": {"nrmse": [0.000180070084311907]}, "24": {"nrmse": [0.00018015410109572356]}, "25": {"nrmse": [0.0001802776917984555]}, "26": {"nrmse": [0.00018005385451138776]}, "27": {"nrmse": [0.00018035151019943574]}, "28": {"nrmse": [0.00018065762702081065]}, "29": {"nrmse": [0.00018077208147954847]}, "30": {"nrmse": [0.00018037703229473827]}, "31": {"nrmse": [0.0001804430246471779]}, "32": {"nrmse": [0.00018064742342242606]}, "33": {"nrmse": [0.0001801644569649224]}, "34": {"nrmse": [0.00017997246328653723]}, "35": {"nrmse": [0.00017994836505883966]}, "36": {"nrmse": [0.00018016325542358284]}, "37": {"nrmse": [0.00017986700501314583]}, "38": {"nrmse": [0.0001797618552090361]}, "39": {"nrmse": [0.0001802657812101535]}, "40": {"nrmse": [0.00018058409524506953]}, "41": {"nrmse": [0.00018068778388969972]}, "42": {"nrmse": [0.0001807187805681385]}, "43": {"nrmse": [0.00018038572768887915]}, "44": {"nrmse": [0.00018039827340473455]}, "45": {"nrmse": [0.00018042639736870776]}, "46": {"nrmse": [0.00018007416157504803]}, "47": {"nrmse": [0.00017967311338228795]}, "48": {"nrmse": [0.00017955764964667595]}, "49": {"nrmse": [0.00017940570702403095]}, "50": {"nrmse": [0.00017910143685631702]}, "51": {"nrmse": [0.00017923948731347441]}, "52": {"nrmse": [0.00017909668387287693]}, "53": {"nrmse": [0.00017935930332360007]}, "54": {"nrmse": [0.00017938009016968198]}, "55": {"nrmse": [0.00017953153261760204]}, "56": {"nrmse": [0.00017955671475214252]}, "57": {"nrmse": [0.00017946548208732234]}, "58": {"nrmse": [0.00017917321335904877]}, "59": {"nrmse": [0.0001793527290724954]}, "60": {"nrmse": [0.00017950924324044073]}}}