{"state_names": ["r"], "scores_per_horizon": {"1": {"nrmse": [0.0005123383938359933]}, "2": {"nrmse": [0.0006724258262248143]}, "3": {"nrmse": [0.000773698486686426]}, "4": {"nrmse": [0.000846261143026465]}, "5": {"nrmse": [0.000929140626358658]}, "6": {"nrmse": [0.0010459848549486098]}, "7": {"nrmse": [0.0011477151353453793]}, "8": {"nrmse": [0.0012547351742162518]}, "9": {"nrmse": [0.0013639634775766728]}, "10": {"nrmse": [0.001433153877596634]}, "11": {"nrmse": [0.0015166673573040823]}, "12": {"nrmse": [0.001582257035158269]}, "13": {"nrmse": [0.0016404093855735542]}, "14": {"nrmse": [0.0016937005462574544]}, "15": {"nrmse": [0.0017447712727113116]}, "16": {"nrmse": [0.0018047973233787295]}, "17": {"nrmse": [0.0018514774238087362]}, "18": {"nrmse": [0.001905265281904365]}, "19": {"nrmse": [0.0019582820152402856]}, "20": {"nrmse": [0.002018169968587212]}, "21": {"nrmse": [0.0020702813260936757]}, "22": {"nrmse": [0.0021124435217587034]}, "23": {"nrmse": [0.002154171110169421]}, "24": {"nrmse": [0.002203997426606532]}, "25": {"nrmse": [0.0022505220448763856]}, "26": {"nrmse": [0.0022957895325898744]}, "27": {"nrmse": [0.0023448971652777844]}, "28": {"nrmse": [0.0023931992371083446]}, "29": {"nrmse": [0.002442503455949083]}, "30": {"nrmse": [0.002477261435954816]}, "31": {"nrmse": [0.00250869034367097]}, "32": {"nrmse": [0.002541014245032825]}, "33": {"nrmse": [0.002573362290772304]}, "34": {"nrmse": [0.002599586394156935]}, "35": {"nrmse": [0.0026251276866140934]}, "36": {"nrmse": [0.0026518526589917545]}, "37": {"nrmse": [0.0026743347879137026]}, "38": {"nrmse": [0.0026902098870156344]}, "39": {"nrmse": [0.002706644425273223]}, "40": {"nrmse": [0.0027231894770457545]}, "41": {"nrmse": [0.0027432405435974328]}, "42": {"nrmse": [0.0027720272875187274]}, "43": {"nrmse": [0.0027960769424378576]}, "44": {"nrmse": [0.002812606993785686]}, "45": {"nrmse": [0.002827340194169849]}, "46": {"nrmse": [0.0028364665668029867]}, "47": {"nrmse": [0.002848185437034731]}, "48": {"nrmse": [0.0028589261343701573]}, "49": {"nrmse": [0.0028677069077338566]}, "50": {"nrmse": [0.002878887040837676]}, "51": {"nrmse": [0.0028895262527017847]}, "52": {"nrmse": [0.0029003261164674684]}, "53": {"nrmse": [0.002913511071139898]}, "54": {"nrmse": [0.002928601384241445]}, "55": {"nrmse": [0.0029394632096928]}, "56": {"nrmse": [0.002948551165197301]}, "57": {"nrmse": [0.0029555021406180507]}, "58": {"nrmse": [0.002962548903428033]}, "59": {"nrmse": [0.0029711467390934497]}, "60": {"nrmse": [0.002985983927738369]}}}