{"state_names": ["r"], "scores_per_horizon": {"1": {"nrmse": [0.005191904137395241]}, "2": {"nrmse": [0.00517176061114992]}, "3": {"nrmse": [0.005171842384362135]}, "4": {"nrmse": [0.005165800431371422]}, "5": {"nrmse": [0.0051679261835560816]}, "6": {"nrmse": [0.005163154603522505]}, "7": {"nrmse": [0.005162901015826907]}, "8": {"nrmse": [0.005164017199867102]}, "9": {"nrmse": [0.005162482485557228]}, "10": {"nrmse": [0.005162627811465608]}, "11": {"nrmse": [0.005165486236329064]}, "12": {"nrmse": [0.00516980604404608]}, "13": {"nrmse": [0.005174898645609061]}, "14": {"nrmse": [0.00517740548446929]}, "15": {"nrmse": [0.005178995055516962]}, "16": {"nrmse": [0.005179728913722483]}, "17": {"nrmse": [0.005182537811093478]}, "18": {"nrmse": [0.005185755476526413]}, "19": {"nrmse": [0.005186922537080242]}, "20": {"nrmse": [0.005186577595716783]}, "21": {"nrmse": [0.005185143543324439]}, "22": {"nrmse": [0.0051858083658726465]}, "23": {"nrmse": [0.005185854985293212]}, "24": {"nrmse": [0.00518630162673079]}, "25": {"nrmse": [0.005187344800389496]}, "26": {"nrmse": [0.005188327710676424]}, "27": {"nrmse": [0.005190685459266032]}, "28": {"nrmse": [0.005194615691405738]}, "29": {"nrmse": [0.005199490106188396]}, "30": {"nrmse": [0.005204057411435099]}, "31": {"nrmse": [0.005209236894876941]}, "32": {"nrmse": [0.00521399740795156]}, "33": {"nrmse": [0.005217501074874599]}, "34": {"nrmse": [0.005220729227846743]}, "35": {"nrmse": [0.00522465032243152]}, "36": {"nrmse": [0.005228936649883422]}, "37": {"nrmse": [0.005232826833842587]}, "38": {"nrmse": [0.005237043290338449]}, "39": {"nrmse": [0.005240755550307953]}, "40": {"nrmse": [0.0052442830148896145]}, "41": {"nrmse": [0.0053081454714398665]}, "42": {"nrmse": [0.0053684886938286614]}, "43": {"nrmse": [0.005425543548954278]}, "44": {"nrmse": [0.005480903300504655]}, "45": {"nrmse": [0.005533594596500798]}, "46": {"nrmse": [0.005583534037085916]}, "47": {"nrmse": [0.00562943330822102]}, "48": {"nrmse": [0.005673446693137495]}, "49": {"nrmse": [0.005715758226201035]}, "50": {"nrmse": [0.005755194455150491]}, "51": {"nrmse": [0.005793428390298916]}, "52": {"nrmse": [0.005829613653585267]}, "53": {"nrmse": [0.005864061626166539]}, "54": {"nrmse": [0.005897240745858117]}, "55": {"nrmse": [0.005929455346891095]}, "56": {"nrmse": [0.005960490730823541]}, "57": {"nrmse": [0.005989570050977682]}, "58": {"nrmse": [0.006016544200985321]}, "59": {"nrmse": [0.006042599819288256]}, "60": {"nrmse": [0.00606723217619487]}}}