{"state_names": ["r"], "scores_per_horizon": {"1": {"nrmse": [0.01615266391306756]}, "2": {"nrmse": [0.015864331954782006]}, "3": {"nrmse": [0.015655620493214083]}, "4": {"nrmse": [0.01551397573551273]}, "5": {"nrmse": [0.015448928840303092]}, "6": {"nrmse": [0.015384634049836789]}, "7": {"nrmse": [0.015313699801302559]}, "8": {"nrmse": [0.015220731148574666]}, "9": {"nrmse": [0.015148348234175695]}, "10": {"nrmse": [0.015109732286155671]}, "11": {"nrmse": [0.015083324438238652]}, "12": {"nrmse": [0.015057031640350325]}, "13": {"nrmse": [0.015023739266689587]}, "14": {"nrmse": [0.014970741124128632]}, "15": {"nrmse": [0.014953701088241471]}, "16": {"nrmse": [0.014947702596570984]}, "17": {"nrmse": [0.014936980869640822]}, "18": {"nrmse": [0.01493154214804569]}, "19": {"nrmse": [0.014930226942667567]}, "20": {"nrmse": [0.014925329988291066]}, "21": {"nrmse": [0.014905481573501751]}, "22": {"nrmse": [0.014881218253289811]}, "23": {"nrmse": [0.014840468134942067]}, "24": {"nrmse": [0.014797924027020506]}, "25": {"nrmse": [0.014743276646400667]}, "26": {"nrmse": [0.014699111130901015]}, "27": {"nrmse": [0.014662596117927773]}, "28": {"nrmse": [0.014626056443460619]}, "29": {"nrmse": [0.014578284266247627]}, "30": {"nrmse": [0.014542545058987808]}, "31": {"nrmse": [0.014509405483106363]}, "32": {"nrmse": [0.014475664500610892]}, "33": {"nrmse": [0.014443665894884545]}, "34": {"nrmse": [0.014413075465984821]}, "35": {"nrmse": [0.014384122073852954]}, "36": {"nrmse": [0.014358780427812107]}, "37": {"nrmse": [0.014319540630586535]}, "38": {"nrmse": [0.014287256125811403]}, "39": {"nrmse": [0.01425579196300219]}, "40": {"nrmse": [0.01421442350753221]}, "41": {"nrmse": [0.014254578868331164]}, "42": {"nrmse": [0.01428566703859554]}, "43": {"nrmse": [0.014314495720686278]}, "44": {"nrmse": [0.014336252138109363]}, "45": {"nrmse": [0.014359126848397916]}, "46": {"nrmse": [0.014378546269455611]}, "47": {"nrmse": [0.014389152822108108]}, "48": {"nrmse": [0.014394604608747313]}, "49": {"nrmse": [0.014401407185169203]}, "50": {"nrmse": [0.014415540043912834]}, "51": {"nrmse": [0.014424771783478499]}, "52": {"nrmse": [0.014432220847475618]}, "53": {"nrmse": [0.01444065211244401]}, "54": {"nrmse": [0.014440628011028066]}, "55": {"nrmse": [0.014439112889470383]}, "56": {"nrmse": [0.014438637018526239]}, "57": {"nrmse": [0.014445295092529394]}, "58": {"nrmse": [0.014450474178425004]}, "59": {"nrmse": [0.014453265595830711]}, "60": {"nrmse": [0.014452298393758995]}}}