{"state_names": ["r"], "scores_per_horizon": {"1": {"nrmse": [0.005174025496146715]}, "2": {"nrmse": [0.005160597793481342]}, "3": {"nrmse": [0.005165440247084946]}, "4": {"nrmse": [0.0051620648489694]}, "5": {"nrmse": [0.0051658707100892525]}, "6": {"nrmse": [0.005162141219148115]}, "7": {"nrmse": [0.005162606133060405]}, "8": {"nrmse": [0.005164234219423307]}, "9": {"nrmse": [0.005163109799913314]}, "10": {"nrmse": [0.0051635725424466535]}, "11": {"nrmse": [0.0051666454560254284]}, "12": {"nrmse": [0.005171122803489695]}, "13": {"nrmse": [0.005176318408571509]}, "14": {"nrmse": [0.005178932569116657]}, "15": {"nrmse": [0.005180599998055451]}, "16": {"nrmse": [0.0051814125280652]}, "17": {"nrmse": [0.00518427298912243]}, "18": {"nrmse": [0.005187525657726549]}, "19": {"nrmse": [0.005188725863606901]}, "20": {"nrmse": [0.005188414421989426]}, "21": {"nrmse": [0.005187012503413392]}, "22": {"nrmse": [0.005187743768012164]}, "23": {"nrmse": [0.00518781594779546]}, "24": {"nrmse": [0.0051882480723182646]}, "25": {"nrmse": [0.00518927439136677]}, "26": {"nrmse": [0.005190246412602805]}, "27": {"nrmse": [0.005192623701498347]}, "28": {"nrmse": [0.005196544763449271]}, "29": {"nrmse": [0.005201403873924125]}, "30": {"nrmse": [0.005205953086730297]}, "31": {"nrmse": [0.005211097149894175]}, "32": {"nrmse": [0.0052158237088498335]}, "33": {"nrmse": [0.005219293083170959]}, "34": {"nrmse": [0.0052224734751160394]}, "35": {"nrmse": [0.0052263482194216575]}, "36": {"nrmse": [0.005230595339729639]}, "37": {"nrmse": [0.005234441659418122]}, "38": {"nrmse": [0.005238608126118012]}, "39": {"nrmse": [0.005242291189544868]}, "40": {"nrmse": [0.0052458042498939724]}, "41": {"nrmse": [0.005309610759779387]}, "42": {"nrmse": [0.005369902026211536]}, "43": {"nrmse": [0.00542690850611229]}, "44": {"nrmse": [0.005482222571841259]}, "45": {"nrmse": [0.0055348710892711645]}, "46": {"nrmse": [0.005584770456761571]}, "47": {"nrmse": [0.005630632729122538]}, "48": {"nrmse": [0.0056746111681035]}, "49": {"nrmse": [0.0057168896471423356]}, "50": {"nrmse": [0.005756294990369807]}, "51": {"nrmse": [0.005794499506630134]}, "52": {"nrmse": [0.0058306570122368135]}, "53": {"nrmse": [0.005865078705384951]}, "54": {"nrmse": [0.005898232797646965]}, "55": {"nrmse": [0.005930423445463956]}, "56": {"nrmse": [0.005961435977354881]}, "57": {"nrmse": [0.005990493720011507]}, "58": {"nrmse": [0.0060174475467247605]}, "59": {"nrmse": [0.006043483692859204]}, "60": {"nrmse": [0.006068097572095281]}}}