{"state_names": ["r"], "scores_per_horizon": {"1": {"nrmse": [0.000724223087250499]}, "2": {"nrmse": [0.000824333969239716]}, "3": {"nrmse": [0.0008182747713206083]}, "4": {"nrmse": [0.0007700520370841411]}, "5": {"nrmse": [0.0007248309641005372]}, "6": {"nrmse": [0.0006836165432397574]}, "7": {"nrmse": [0.00064571282267671]}, "8": {"nrmse": [0.0006133863821407577]}, "9": {"nrmse": [0.0005850051788698584]}, "10": {"nrmse": [0.000560219468992333]}, "11": {"nrmse": [0.000539769531835015]}, "12": {"nrmse": [0.0005207846203601171]}, "13": {"nrmse": [0.0005046614547479288]}, "14": {"nrmse": [0.0004891654802595893]}, "15": {"nrmse": [0.0004760452873776103]}, "16": {"nrmse": [0.00046539805366241555]}, "17": {"nrmse": [0.00045457310333805534]}, "18": {"nrmse": [0.0004455309344028769]}, "19": {"nrmse": [0.00043713847499425254]}, "20": {"nrmse": [0.00042924210112422036]}, "21": {"nrmse": [0.0004224073182348701]}, "22": {"nrmse": [0.00041649558734526646]}, "23": {"nrmse": [0.00041069479611683963]}, "24": {"nrmse": [0.00040502590447708193]}, "25": {"nrmse": [0.00040044120170526254]}, "26": {"nrmse": [0.0003950242073238224]}, "27": {"nrmse": [0.00039076561790157214]}, "28": {"nrmse": [0.0003869877728755602]}, "29": {"nrmse": [0.0003830968372590021]}, "30": {"nrmse": [0.0003788304104920114]}, "31": {"nrmse": [0.00037551303904175454]}, "32": {"nrmse": [0.00037256978177151385]}, "33": {"nrmse": [0.0003688928169497571]}, "34": {"nrmse": [0.0003655164538641548]}, "35": {"nrmse": [0.0003629021206613867]}, "36": {"nrmse": [0.00036016736305572437]}, "37": {"nrmse": [0.00035685855893275906]}, "38": {"nrmse": [0.0003542966913302514]}, "39": {"nrmse": [0.00035251744598268893]}, "40": {"nrmse": [0.0003503641922642137]}, "41": {"nrmse": [0.00034815523598065597]}, "42": {"nrmse": [0.00034613350933657193]}, "43": {"nrmse": [0.00034403418219982094]}, "44": {"nrmse": [0.0003420163348174373]}, "45": {"nrmse": [0.00033991102909386266]}, "46": {"nrmse": [0.00033798012232658906]}, "47": {"nrmse": [0.0003359118402401505]}, "48": {"nrmse": [0.0003341127531239855]}, "49": {"nrmse": [0.0003319830738231516]}, "50": {"nrmse": [0.0003303016753938971]}, "51": {"nrmse": [0.00032903233804208504]}, "52": {"nrmse": [0.00032768693849072545]}, "53": {"nrmse": [0.00032647140632624863]}, "54": {"nrmse": [0.00032497982175507727]}, "55": {"nrmse": [0.00032404172502168105]}, "56": {"nrmse": [0.0003232178747617127]}, "57": {"nrmse": [0.00032202972428386177]}, "58": {"nrmse": [0.00032058352100864664]}, "59": {"nrmse": [0.0003195550764006734]}, "60": {"nrmse": [0.00031866235494197825]}}}