{"state_names": ["r"], "scores_per_horizon": {"1": {"nrmse": [0.0003726451048554301]}, "2": {"nrmse": [0.0003958522817239507]}, "3": {"nrmse": [0.0003804941231132061]}, "4": {"nrmse": [0.00035361707228403957]}, "5": {"nrmse": [0.00033583173461574956]}, "6": {"nrmse": [0.0003241402656979764]}, "7": {"nrmse": [0.00031401551148720644]}, "8": {"nrmse": [0.00030993680069807877]}, "9": {"nrmse": [0.0003074215854262782]}, "10": {"nrmse": [0.00030482031369218185]}, "11": {"nrmse": [0.0003044811464534237]}, "12": {"nrmse": [0.0003031071081946778]}, "13": {"nrmse": [0.00030304961195988745]}, "14": {"nrmse": [0.00030112473012678396]}, "15": {"nrmse": [0.0003004099987662938]}, "16": {"nrmse": [0.0003009480118209069]}, "17": {"nrmse": [0.00029991947343970763]}, "18": {"nrmse": [0.0003002314810994517]}, "19": {"nrmse": [0.0003003547092553279]}, "20": {"nrmse": [0.00030005800979241505]}, "21": {"nrmse": [0.0002997425918582831]}, "22": {"nrmse": [0.0003005191474224163]}, "23": {"nrmse": [0.00030029465094871116]}, "24": {"nrmse": [0.00030099445958059636]}, "25": {"nrmse": [0.0003022894811761762]}, "26": {"nrmse": [0.00030207654158472555]}, "27": {"nrmse": [0.00030341193290487034]}, "28": {"nrmse": [0.00030486420561976743]}, "29": {"nrmse": [0.00030559615394045207]}, "30": {"nrmse": [0.00030588897876063546]}, "31": {"nrmse": [0.00030652644280282257]}, "32": {"nrmse": [0.0003081500690253874]}, "33": {"nrmse": [0.0003084265991472118]}, "34": {"nrmse": [0.0003086788847453511]}, "35": {"nrmse": [0.0003098397856672402]}, "36": {"nrmse": [0.0003111280889458476]}, "37": {"nrmse": [0.0003112841945785898]}, "38": {"nrmse": [0.0003121580299941377]}, "39": {"nrmse": [0.00031385830138659437]}, "40": {"nrmse": [0.00031475152867182176]}, "41": {"nrmse": [0.00031562507185968063]}, "42": {"nrmse": [0.00031633210236844223]}, "43": {"nrmse": [0.0003162614894044984]}, "44": {"nrmse": [0.00031626611806251956]}, "45": {"nrmse": [0.0003168322884147387]}, "46": {"nrmse": [0.0003173962856552549]}, "47": {"nrmse": [0.0003170521506165789]}, "48": {"nrmse": [0.0003171672429324058]}, "49": {"nrmse": [0.0003173110674119044]}, "50": {"nrmse": [0.00031733105462063095]}, "51": {"nrmse": [0.0003176801601881173]}, "52": {"nrmse": [0.00031777050225293893]}, "53": {"nrmse": [0.0003181640915685478]}, "54": {"nrmse": [0.00031807741533611825]}, "55": {"nrmse": [0.0003185640675645962]}, "56": {"nrmse": [0.0003191660317154194]}, "57": {"nrmse": [0.00031933557009098583]}, "58": {"nrmse": [0.0003189949899223665]}, "59": {"nrmse": [0.0003191568881247845]}, "60": {"nrmse": [0.0003194492090733465]}}}