{"state_names": ["r"], "scores_per_horizon": {"1": {"nrmse": [0.0003741424856055833]}, "2": {"nrmse": [0.0004478264002750041]}, "3": {"nrmse": [0.0004537608690756304]}, "4": {"nrmse": [0.00042906120455180025]}, "5": {"nrmse": [0.000397918638113454]}, "6": {"nrmse": [0.00037351632405431697]}, "7": {"nrmse": [0.0003529900405685894]}, "8": {"nrmse": [0.0003386263227353847]}, "9": {"nrmse": [0.00032801844223469154]}, "10": {"nrmse": [0.00031734327113414236]}, "11": {"nrmse": [0.00030929728664334566]}, "12": {"nrmse": [0.0003014443614585144]}, "13": {"nrmse": [0.0002951430022256103]}, "14": {"nrmse": [0.00028789636589517505]}, "15": {"nrmse": [0.00028222128718181114]}, "16": {"nrmse": [0.0002790612458205494]}, "17": {"nrmse": [0.00027452207572092424]}, "18": {"nrmse": [0.000270685304327726]}, "19": {"nrmse": [0.0002674546514002052]}, "20": {"nrmse": [0.00026442947945766796]}, "21": {"nrmse": [0.0002624499396796047]}, "22": {"nrmse": [0.00026090406717390604]}, "23": {"nrmse": [0.0002589879892529486]}, "24": {"nrmse": [0.00025718284104538287]}, "25": {"nrmse": [0.00025674085536121495]}, "26": {"nrmse": [0.00025474323031336277]}, "27": {"nrmse": [0.0002542617309814508]}, "28": {"nrmse": [0.0002538088599702323]}, "29": {"nrmse": [0.00025304710405786406]}, "30": {"nrmse": [0.0002516729615078588]}, "31": {"nrmse": [0.00025112750454486343]}, "32": {"nrmse": [0.000250662743783349]}, "33": {"nrmse": [0.0002495785700667616]}, "34": {"nrmse": [0.0002485992395207695]}, "35": {"nrmse": [0.0002487029748784207]}, "36": {"nrmse": [0.00024819020322180545]}, "37": {"nrmse": [0.00024678896666965254]}, "38": {"nrmse": [0.0002468199721155213]}, "39": {"nrmse": [0.0002470989540828793]}, "40": {"nrmse": [0.0002465000848503306]}, "41": {"nrmse": [0.0002459319287245139]}, "42": {"nrmse": [0.0002457405983652862]}, "43": {"nrmse": [0.00024563839683733053]}, "44": {"nrmse": [0.0002454340743796521]}, "45": {"nrmse": [0.00024514149448731984]}, "46": {"nrmse": [0.00024519190426467043]}, "47": {"nrmse": [0.00024470545028668913]}, "48": {"nrmse": [0.00024463569519594567]}, "49": {"nrmse": [0.0002444547717624624]}, "50": {"nrmse": [0.0002443896662245745]}, "51": {"nrmse": [0.00024458533539144895]}, "52": {"nrmse": [0.00024466399791331806]}, "53": {"nrmse": [0.000244428907000208]}, "54": {"nrmse": [0.00024422305666258446]}, "55": {"nrmse": [0.0002443387287343215]}, "56": {"nrmse": [0.0002444989141914999]}, "57": {"nrmse": [0.00024428501447893553]}, "58": {"nrmse": [0.00024393980274768095]}, "59": {"nrmse": [0.00024377684961070364]}, "60": {"nrmse": [0.00024374992349427628]}}}