{"state_names": ["r"], "scores_per_horizon": {"1": {"nrmse": [0.00032555519168297813]}, "2": {"nrmse": [0.00034992932885414803]}, "3": {"nrmse": [0.00032474388969834164]}, "4": {"nrmse": [0.00029487357126461116]}, "5": {"nrmse": [0.00027142438990786666]}, "6": {"nrmse": [0.00025403830481246113]}, "7": {"nrmse": [0.0002395741421254704]}, "8": {"nrmse": [0.00022863574461303048]}, "9": {"nrmse": [0.0002191772300937376]}, "10": {"nrmse": [0.00021143141901831564]}, "11": {"nrmse": [0.0002050408681447302]}, "12": {"nrmse": [0.00019898907217241052]}, "13": {"nrmse": [0.00019339535444746494]}, "14": {"nrmse": [0.00018797136577248743]}, "15": {"nrmse": [0.00018354691934587792]}, "16": {"nrmse": [0.00018043664869326308]}, "17": {"nrmse": [0.00017710678010994]}, "18": {"nrmse": [0.00017441012131461065]}, "19": {"nrmse": [0.0001716430633478144]}, "20": {"nrmse": [0.00016900030387531322]}, "21": {"nrmse": [0.0001666128309211721]}, "22": {"nrmse": [0.00016485647110622338]}, "23": {"nrmse": [0.00016292822130961043]}, "24": {"nrmse": [0.00016116734034107434]}, "25": {"nrmse": [0.00016013968598185287]}, "26": {"nrmse": [0.0001586068767263033]}, "27": {"nrmse": [0.00015723048914373147]}, "28": {"nrmse": [0.00015627484940765324]}, "29": {"nrmse": [0.0001554967598043511]}, "30": {"nrmse": [0.0001545063691720636]}, "31": {"nrmse": [0.0001536463692319793]}, "32": {"nrmse": [0.000153024740581696]}, "33": {"nrmse": [0.00015196216828867608]}, "34": {"nrmse": [0.0001510825672458719]}, "35": {"nrmse": [0.00015045087716909257]}, "36": {"nrmse": [0.0001497225320664603]}, "37": {"nrmse": [0.0001488077998351801]}, "38": {"nrmse": [0.00014827759372363898]}, "39": {"nrmse": [0.00014794296944704743]}, "40": {"nrmse": [0.00014741198707193682]}, "41": {"nrmse": [0.000146840523871577]}, "42": {"nrmse": [0.00014633323554919406]}, "43": {"nrmse": [0.0001456469768399587]}, "44": {"nrmse": [0.00014500292054745085]}, "45": {"nrmse": [0.0001445089250035755]}, "46": {"nrmse": [0.00014397761348607484]}, "47": {"nrmse": [0.0001432566186028318]}, "48": {"nrmse": [0.00014262560837640818]}, "49": {"nrmse": [0.00014212053292847755]}, "50": {"nrmse": [0.00014169646762049467]}, "51": {"nrmse": [0.00014141517736022916]}, "52": {"nrmse": [0.00014101801681719263]}, "53": {"nrmse": [0.00014065636049842697]}, "54": {"nrmse": [0.00014014030756904719]}, "55": {"nrmse": [0.00013994382272079382]}, "56": {"nrmse": [0.0001399436500988743]}, "57": {"nrmse": [0.00013971122794560783]}, "58": {"nrmse": [0.000139280421636242]}, "59": {"nrmse": [0.0001389631689656079]}, "60": {"nrmse": [0.00013854075621974832]}}}